source,attribute,url,target,status
12u-boys.html,href,https://fonts.googleapis.com,,external_or_protocol
12u-boys.html,href,https://fonts.gstatic.com,,external_or_protocol
12u-boys.html,href,https://fonts.googleapis.com/css2?family=Inter:wght@400;600;700;800;900&display=swap,,external_or_protocol
12u-boys.html,href,css/styles.css?v=7.36,css/styles.css,ok
12u-boys.html,href,css/site-shell.css?v=7.36,css/site-shell.css,ok
12u-boys.html,href,css/command-palette.css?v=7.36,css/command-palette.css,ok
12u-boys.html,href,css/page-polish-v7-22.css?v=7.36,css/page-polish-v7-22.css,ok
12u-boys.html,href,index.html,index.html,ok
12u-boys.html,href,index.html,index.html,ok
12u-boys.html,href,rankings.html,rankings.html,ok
12u-boys.html,href,14u-boys.html,14u-boys.html,ok
12u-boys.html,href,clubs.html,clubs.html,ok
12u-boys.html,href,tournaments.html,tournaments.html,ok
12u-boys.html,href,methodology.html,methodology.html,ok
12u-boys.html,src,data.js?v=7.23.6,data.js,ok
12u-boys.html,src,js/app.js?v=7.36,js/app.js,ok
12u-boys.html,src,js/site-shell.js?v=7.36,js/site-shell.js,ok
12u-boys.html,src,js/command-palette.js?v=7.36,js/command-palette.js,ok
12u-boys.html,src,js/page-polish-v7-22.js?v=7.36,js/page-polish-v7-22.js,ok
12u-boys.html,src,js/logo-display-v7-23-6.js?v=7.36,js/logo-display-v7-23-6.js,ok
12u-girls.html,href,https://fonts.googleapis.com,,external_or_protocol
12u-girls.html,href,https://fonts.gstatic.com,,external_or_protocol
12u-girls.html,href,https://fonts.googleapis.com/css2?family=Inter:wght@400;600;700;800;900&display=swap,,external_or_protocol
12u-girls.html,href,css/styles.css?v=7.36,css/styles.css,ok
12u-girls.html,href,css/site-shell.css?v=7.36,css/site-shell.css,ok
12u-girls.html,href,css/command-palette.css?v=7.36,css/command-palette.css,ok
12u-girls.html,href,css/page-polish-v7-22.css?v=7.36,css/page-polish-v7-22.css,ok
12u-girls.html,href,index.html,index.html,ok
12u-girls.html,href,index.html,index.html,ok
12u-girls.html,href,rankings.html,rankings.html,ok
12u-girls.html,href,14u-boys.html,14u-boys.html,ok
12u-girls.html,href,clubs.html,clubs.html,ok
12u-girls.html,href,tournaments.html,tournaments.html,ok
12u-girls.html,href,methodology.html,methodology.html,ok
12u-girls.html,src,data.js?v=7.23.6,data.js,ok
12u-girls.html,src,js/app.js?v=7.36,js/app.js,ok
12u-girls.html,src,js/site-shell.js?v=7.36,js/site-shell.js,ok
12u-girls.html,src,js/command-palette.js?v=7.36,js/command-palette.js,ok
12u-girls.html,src,js/page-polish-v7-22.js?v=7.36,js/page-polish-v7-22.js,ok
12u-girls.html,src,js/logo-display-v7-23-6.js?v=7.36,js/logo-display-v7-23-6.js,ok
14u-boys.html,href,https://fonts.googleapis.com,,external_or_protocol
14u-boys.html,href,https://fonts.gstatic.com,,external_or_protocol
14u-boys.html,href,https://fonts.googleapis.com/css2?family=Inter:wght@400;600;700;800;900&display=swap,,external_or_protocol
14u-boys.html,href,css/styles.css?v=7.36,css/styles.css,ok
14u-boys.html,href,css/site-shell.css?v=7.36,css/site-shell.css,ok
14u-boys.html,href,css/command-palette.css?v=7.36,css/command-palette.css,ok
14u-boys.html,href,css/page-polish-v7-22.css?v=7.36,css/page-polish-v7-22.css,ok
14u-boys.html,href,index.html,index.html,ok
14u-boys.html,href,index.html,index.html,ok
14u-boys.html,href,rankings.html,rankings.html,ok
14u-boys.html,href,14u-boys.html,14u-boys.html,ok
14u-boys.html,href,clubs.html,clubs.html,ok
14u-boys.html,href,tournaments.html,tournaments.html,ok
14u-boys.html,href,methodology.html,methodology.html,ok
14u-boys.html,src,data.js?v=7.23.6,data.js,ok
14u-boys.html,src,js/app.js?v=7.36,js/app.js,ok
14u-boys.html,src,js/site-shell.js?v=7.36,js/site-shell.js,ok
14u-boys.html,src,js/command-palette.js?v=7.36,js/command-palette.js,ok
14u-boys.html,src,js/page-polish-v7-22.js?v=7.36,js/page-polish-v7-22.js,ok
14u-boys.html,src,js/logo-display-v7-23-6.js?v=7.36,js/logo-display-v7-23-6.js,ok
14u-girls.html,href,https://fonts.googleapis.com,,external_or_protocol
14u-girls.html,href,https://fonts.gstatic.com,,external_or_protocol
14u-girls.html,href,https://fonts.googleapis.com/css2?family=Inter:wght@400;600;700;800;900&display=swap,,external_or_protocol
14u-girls.html,href,css/styles.css?v=7.36,css/styles.css,ok
14u-girls.html,href,css/site-shell.css?v=7.36,css/site-shell.css,ok
14u-girls.html,href,css/command-palette.css?v=7.36,css/command-palette.css,ok
14u-girls.html,href,css/page-polish-v7-22.css?v=7.36,css/page-polish-v7-22.css,ok
14u-girls.html,href,index.html,index.html,ok
14u-girls.html,href,index.html,index.html,ok
14u-girls.html,href,rankings.html,rankings.html,ok
14u-girls.html,href,14u-boys.html,14u-boys.html,ok
14u-girls.html,href,clubs.html,clubs.html,ok
14u-girls.html,href,tournaments.html,tournaments.html,ok
14u-girls.html,href,methodology.html,methodology.html,ok
14u-girls.html,src,data.js?v=7.23.6,data.js,ok
14u-girls.html,src,js/app.js?v=7.36,js/app.js,ok
14u-girls.html,src,js/site-shell.js?v=7.36,js/site-shell.js,ok
14u-girls.html,src,js/command-palette.js?v=7.36,js/command-palette.js,ok
14u-girls.html,src,js/page-polish-v7-22.js?v=7.36,js/page-polish-v7-22.js,ok
14u-girls.html,src,js/logo-display-v7-23-6.js?v=7.36,js/logo-display-v7-23-6.js,ok
16u-boys.html,href,https://fonts.googleapis.com,,external_or_protocol
16u-boys.html,href,https://fonts.gstatic.com,,external_or_protocol
16u-boys.html,href,https://fonts.googleapis.com/css2?family=Inter:wght@400;600;700;800;900&display=swap,,external_or_protocol
16u-boys.html,href,css/styles.css?v=7.36,css/styles.css,ok
16u-boys.html,href,css/site-shell.css?v=7.36,css/site-shell.css,ok
16u-boys.html,href,css/command-palette.css?v=7.36,css/command-palette.css,ok
16u-boys.html,href,css/page-polish-v7-22.css?v=7.36,css/page-polish-v7-22.css,ok
16u-boys.html,href,index.html,index.html,ok
16u-boys.html,href,index.html,index.html,ok
16u-boys.html,href,rankings.html,rankings.html,ok
16u-boys.html,href,14u-boys.html,14u-boys.html,ok
16u-boys.html,href,clubs.html,clubs.html,ok
16u-boys.html,href,tournaments.html,tournaments.html,ok
16u-boys.html,href,methodology.html,methodology.html,ok
16u-boys.html,src,data.js?v=7.23.6,data.js,ok
16u-boys.html,src,js/app.js?v=7.36,js/app.js,ok
16u-boys.html,src,js/site-shell.js?v=7.36,js/site-shell.js,ok
16u-boys.html,src,js/command-palette.js?v=7.36,js/command-palette.js,ok
16u-boys.html,src,js/page-polish-v7-22.js?v=7.36,js/page-polish-v7-22.js,ok
16u-boys.html,src,js/logo-display-v7-23-6.js?v=7.36,js/logo-display-v7-23-6.js,ok
16u-girls.html,href,https://fonts.googleapis.com,,external_or_protocol
16u-girls.html,href,https://fonts.gstatic.com,,external_or_protocol
16u-girls.html,href,https://fonts.googleapis.com/css2?family=Inter:wght@400;600;700;800;900&display=swap,,external_or_protocol
16u-girls.html,href,css/styles.css?v=7.36,css/styles.css,ok
16u-girls.html,href,css/site-shell.css?v=7.36,css/site-shell.css,ok
16u-girls.html,href,css/command-palette.css?v=7.36,css/command-palette.css,ok
16u-girls.html,href,css/page-polish-v7-22.css?v=7.36,css/page-polish-v7-22.css,ok
16u-girls.html,href,index.html,index.html,ok
16u-girls.html,href,index.html,index.html,ok
16u-girls.html,href,rankings.html,rankings.html,ok
16u-girls.html,href,14u-boys.html,14u-boys.html,ok
16u-girls.html,href,clubs.html,clubs.html,ok
16u-girls.html,href,tournaments.html,tournaments.html,ok
16u-girls.html,href,methodology.html,methodology.html,ok
16u-girls.html,src,data.js?v=7.23.6,data.js,ok
16u-girls.html,src,js/app.js?v=7.36,js/app.js,ok
16u-girls.html,src,js/site-shell.js?v=7.36,js/site-shell.js,ok
16u-girls.html,src,js/command-palette.js?v=7.36,js/command-palette.js,ok
16u-girls.html,src,js/page-polish-v7-22.js?v=7.36,js/page-polish-v7-22.js,ok
16u-girls.html,src,js/logo-display-v7-23-6.js?v=7.36,js/logo-display-v7-23-6.js,ok
18u-boys.html,href,https://fonts.googleapis.com,,external_or_protocol
18u-boys.html,href,https://fonts.gstatic.com,,external_or_protocol
18u-boys.html,href,https://fonts.googleapis.com/css2?family=Inter:wght@400;600;700;800;900&display=swap,,external_or_protocol
18u-boys.html,href,css/styles.css?v=7.36,css/styles.css,ok
18u-boys.html,href,css/site-shell.css?v=7.36,css/site-shell.css,ok
18u-boys.html,href,css/command-palette.css?v=7.36,css/command-palette.css,ok
18u-boys.html,href,css/page-polish-v7-22.css?v=7.36,css/page-polish-v7-22.css,ok
18u-boys.html,href,index.html,index.html,ok
18u-boys.html,href,index.html,index.html,ok
18u-boys.html,href,rankings.html,rankings.html,ok
18u-boys.html,href,14u-boys.html,14u-boys.html,ok
18u-boys.html,href,clubs.html,clubs.html,ok
18u-boys.html,href,tournaments.html,tournaments.html,ok
18u-boys.html,href,methodology.html,methodology.html,ok
18u-boys.html,src,data.js?v=7.23.6,data.js,ok
18u-boys.html,src,js/app.js?v=7.36,js/app.js,ok
18u-boys.html,src,js/site-shell.js?v=7.36,js/site-shell.js,ok
18u-boys.html,src,js/command-palette.js?v=7.36,js/command-palette.js,ok
18u-boys.html,src,js/page-polish-v7-22.js?v=7.36,js/page-polish-v7-22.js,ok
18u-boys.html,src,js/logo-display-v7-23-6.js?v=7.36,js/logo-display-v7-23-6.js,ok
18u-girls.html,href,https://fonts.googleapis.com,,external_or_protocol
18u-girls.html,href,https://fonts.gstatic.com,,external_or_protocol
18u-girls.html,href,https://fonts.googleapis.com/css2?family=Inter:wght@400;600;700;800;900&display=swap,,external_or_protocol
18u-girls.html,href,css/styles.css?v=7.36,css/styles.css,ok
18u-girls.html,href,css/site-shell.css?v=7.36,css/site-shell.css,ok
18u-girls.html,href,css/command-palette.css?v=7.36,css/command-palette.css,ok
18u-girls.html,href,css/page-polish-v7-22.css?v=7.36,css/page-polish-v7-22.css,ok
18u-girls.html,href,index.html,index.html,ok
18u-girls.html,href,index.html,index.html,ok
18u-girls.html,href,rankings.html,rankings.html,ok
18u-girls.html,href,14u-boys.html,14u-boys.html,ok
18u-girls.html,href,clubs.html,clubs.html,ok
18u-girls.html,href,tournaments.html,tournaments.html,ok
18u-girls.html,href,methodology.html,methodology.html,ok
18u-girls.html,src,data.js?v=7.23.6,data.js,ok
18u-girls.html,src,js/app.js?v=7.36,js/app.js,ok
18u-girls.html,src,js/site-shell.js?v=7.36,js/site-shell.js,ok
18u-girls.html,src,js/command-palette.js?v=7.36,js/command-palette.js,ok
18u-girls.html,src,js/page-polish-v7-22.js?v=7.36,js/page-polish-v7-22.js,ok
18u-girls.html,src,js/logo-display-v7-23-6.js?v=7.36,js/logo-display-v7-23-6.js,ok
club/680.html,href,../css/styles.css?v=7.23.6,css/styles.css,ok
club/680.html,href,../index.html,index.html,ok
club/680.html,href,../index.html,index.html,ok
club/680.html,href,../rankings.html,rankings.html,ok
club/680.html,href,../clubs.html,clubs.html,ok
club/680.html,href,../tournaments.html,tournaments.html,ok
club/680.html,href,../methodology.html,methodology.html,ok
club/680.html,href,../club.html?club=680,club.html,ok
club/680.html,href,https://www.680waterpolo.com/,,external_or_protocol
club/680.html,href,../team.html?team=680-a,team.html,ok
club/680.html,href,../team.html?team=680-b,team.html,ok
club/680.html,href,../team.html?team=680-c,team.html,ok
club/680.html,src,../assets/logos/canonical/680.webp,assets/logos/canonical/680.webp,ok
club/680.html,src,../js/logo-display-v7-23-6.js?v=7.36,js/logo-display-v7-23-6.js,ok
club/908.html,href,../css/styles.css?v=7.23.6,css/styles.css,ok
club/908.html,href,../index.html,index.html,ok
club/908.html,href,../index.html,index.html,ok
club/908.html,href,../rankings.html,rankings.html,ok
club/908.html,href,../clubs.html,clubs.html,ok
club/908.html,href,../tournaments.html,tournaments.html,ok
club/908.html,href,../methodology.html,methodology.html,ok
club/908.html,href,../club.html?club=908,club.html,ok
club/908.html,href,../team.html?team=908,team.html,ok
club/908.html,src,../assets/logos/canonical/908.webp,assets/logos/canonical/908.webp,ok
club/908.html,src,../js/logo-display-v7-23-6.js?v=7.36,js/logo-display-v7-23-6.js,ok
club/alameda.html,href,../css/styles.css?v=7.23.6,css/styles.css,ok
club/alameda.html,href,../index.html,index.html,ok
club/alameda.html,href,../index.html,index.html,ok
club/alameda.html,href,../rankings.html,rankings.html,ok
club/alameda.html,href,../clubs.html,clubs.html,ok
club/alameda.html,href,../tournaments.html,tournaments.html,ok
club/alameda.html,href,../methodology.html,methodology.html,ok
club/alameda.html,href,../club.html?club=alameda,club.html,ok
club/alameda.html,href,https://alamedawaterpolo.org/?avia_forced_reroute=1,,external_or_protocol
club/alameda.html,href,../team.html?team=alameda-a,team.html,ok
club/alameda.html,src,../assets/logos/canonical/alameda.webp,assets/logos/canonical/alameda.webp,ok
club/alameda.html,src,../js/logo-display-v7-23-6.js?v=7.36,js/logo-display-v7-23-6.js,ok
club/american-river.html,href,../css/styles.css?v=7.23.6,css/styles.css,ok
club/american-river.html,href,../index.html,index.html,ok
club/american-river.html,href,../index.html,index.html,ok
club/american-river.html,href,../rankings.html,rankings.html,ok
club/american-river.html,href,../clubs.html,clubs.html,ok
club/american-river.html,href,../tournaments.html,tournaments.html,ok
club/american-river.html,href,../methodology.html,methodology.html,ok
club/american-river.html,href,../club.html?club=american-river,club.html,ok
club/american-river.html,href,https://www.arwpc.com/,,external_or_protocol
club/american-river.html,href,../team.html?team=american-river-a,team.html,ok
club/american-river.html,href,../team.html?team=american-river-b,team.html,ok
club/american-river.html,src,../assets/logos/canonical/american-river.webp,assets/logos/canonical/american-river.webp,ok
club/american-river.html,src,../js/logo-display-v7-23-6.js?v=7.36,js/logo-display-v7-23-6.js,ok
club/back-bay.html,href,../css/styles.css?v=7.23.6,css/styles.css,ok
club/back-bay.html,href,../index.html,index.html,ok
club/back-bay.html,href,../index.html,index.html,ok
club/back-bay.html,href,../rankings.html,rankings.html,ok
club/back-bay.html,href,../clubs.html,clubs.html,ok
club/back-bay.html,href,../tournaments.html,tournaments.html,ok
club/back-bay.html,href,../methodology.html,methodology.html,ok
club/back-bay.html,href,../club.html?club=back-bay,club.html,ok
club/back-bay.html,href,../team.html?team=back-bay-a,team.html,ok
club/back-bay.html,src,../assets/logos/canonical/back-bay.webp,assets/logos/canonical/back-bay.webp,ok
club/back-bay.html,src,../js/logo-display-v7-23-6.js?v=7.36,js/logo-display-v7-23-6.js,ok
club/boa.html,href,../css/styles.css?v=7.23.6,css/styles.css,ok
club/boa.html,href,../index.html,index.html,ok
club/boa.html,href,../index.html,index.html,ok
club/boa.html,href,../rankings.html,rankings.html,ok
club/boa.html,href,../clubs.html,clubs.html,ok
club/boa.html,href,../tournaments.html,tournaments.html,ok
club/boa.html,href,../methodology.html,methodology.html,ok
club/boa.html,href,../club.html?club=boa,club.html,ok
club/boa.html,href,../team.html?team=boa-a,team.html,ok
club/boa.html,src,../assets/logos/canonical/boa.webp,assets/logos/canonical/boa.webp,ok
club/boa.html,src,../js/logo-display-v7-23-6.js?v=7.36,js/logo-display-v7-23-6.js,ok
club/brea-olinda-gold.html,href,../css/styles.css?v=7.23.6,css/styles.css,ok
club/brea-olinda-gold.html,href,../index.html,index.html,ok
club/brea-olinda-gold.html,href,../index.html,index.html,ok
club/brea-olinda-gold.html,href,../rankings.html,rankings.html,ok
club/brea-olinda-gold.html,href,../clubs.html,clubs.html,ok
club/brea-olinda-gold.html,href,../tournaments.html,tournaments.html,ok
club/brea-olinda-gold.html,href,../methodology.html,methodology.html,ok
club/brea-olinda-gold.html,href,../club.html?club=brea-olinda-gold,club.html,ok
club/brea-olinda-gold.html,href,../team.html?team=brea-olinda-gold,team.html,ok
club/brea-olinda-gold.html,src,../assets/logos/canonical/brea-olinda-gold.webp,assets/logos/canonical/brea-olinda-gold.webp,ok
club/brea-olinda-gold.html,src,../js/logo-display-v7-23-6.js?v=7.36,js/logo-display-v7-23-6.js,ok
club/burlingame.html,href,../css/styles.css?v=7.23.6,css/styles.css,ok
club/burlingame.html,href,../index.html,index.html,ok
club/burlingame.html,href,../index.html,index.html,ok
club/burlingame.html,href,../rankings.html,rankings.html,ok
club/burlingame.html,href,../clubs.html,clubs.html,ok
club/burlingame.html,href,../tournaments.html,tournaments.html,ok
club/burlingame.html,href,../methodology.html,methodology.html,ok
club/burlingame.html,href,../club.html?club=burlingame,club.html,ok
club/burlingame.html,href,../team.html?team=burlingame-a,team.html,ok
club/burlingame.html,src,../assets/logos/canonical/burlingame.webp,assets/logos/canonical/burlingame.webp,ok
club/burlingame.html,src,../js/logo-display-v7-23-6.js?v=7.36,js/logo-display-v7-23-6.js,ok
club/cc-united.html,href,../css/styles.css?v=7.23.6,css/styles.css,ok
club/cc-united.html,href,../index.html,index.html,ok
club/cc-united.html,href,../index.html,index.html,ok
club/cc-united.html,href,../rankings.html,rankings.html,ok
club/cc-united.html,href,../clubs.html,clubs.html,ok
club/cc-united.html,href,../tournaments.html,tournaments.html,ok
club/cc-united.html,href,../methodology.html,methodology.html,ok
club/cc-united.html,href,../club.html?club=cc-united,club.html,ok
club/cc-united.html,href,https://www.gomotionapp.com/team/wpccup/page/home,,external_or_protocol
club/cc-united.html,href,../team.html?team=cc-united-a,team.html,ok
club/cc-united.html,href,../team.html?team=cc-united-b,team.html,ok
club/cc-united.html,href,../team.html?team=cc-united-c,team.html,ok
club/cc-united.html,src,../assets/logos/canonical/cc-united.webp,assets/logos/canonical/cc-united.webp,ok
club/cc-united.html,src,../js/logo-display-v7-23-6.js?v=7.36,js/logo-display-v7-23-6.js,ok
club/cdm.html,href,../css/styles.css?v=7.23.6,css/styles.css,ok
club/cdm.html,href,../index.html,index.html,ok
club/cdm.html,href,../index.html,index.html,ok
club/cdm.html,href,../rankings.html,rankings.html,ok
club/cdm.html,href,../clubs.html,clubs.html,ok
club/cdm.html,href,../tournaments.html,tournaments.html,ok
club/cdm.html,href,../methodology.html,methodology.html,ok
club/cdm.html,href,../club.html?club=cdm,club.html,ok
club/cdm.html,href,../team.html?team=cdm-a,team.html,ok
club/cdm.html,src,../assets/logos/canonical/cdm.webp,assets/logos/canonical/cdm.webp,ok
club/cdm.html,src,../js/logo-display-v7-23-6.js?v=7.36,js/logo-display-v7-23-6.js,ok
club/ciu.html,href,../css/styles.css?v=7.23.6,css/styles.css,ok
club/ciu.html,href,../index.html,index.html,ok
club/ciu.html,href,../index.html,index.html,ok
club/ciu.html,href,../rankings.html,rankings.html,ok
club/ciu.html,href,../clubs.html,clubs.html,ok
club/ciu.html,href,../tournaments.html,tournaments.html,ok
club/ciu.html,href,../methodology.html,methodology.html,ok
club/ciu.html,href,../club.html?club=ciu,club.html,ok
club/ciu.html,href,../team.html?team=ciu-a,team.html,ok
club/ciu.html,src,../assets/logos/canonical/ciu.webp,assets/logos/canonical/ciu.webp,ok
club/ciu.html,src,../js/logo-display-v7-23-6.js?v=7.36,js/logo-display-v7-23-6.js,ok
club/clovis-red.html,href,../css/styles.css?v=7.23.6,css/styles.css,ok
club/clovis-red.html,href,../index.html,index.html,ok
club/clovis-red.html,href,../index.html,index.html,ok
club/clovis-red.html,href,../rankings.html,rankings.html,ok
club/clovis-red.html,href,../clubs.html,clubs.html,ok
club/clovis-red.html,href,../tournaments.html,tournaments.html,ok
club/clovis-red.html,href,../methodology.html,methodology.html,ok
club/clovis-red.html,href,../club.html?club=clovis-red,club.html,ok
club/clovis-red.html,href,https://www.cloviswpc.com/,,external_or_protocol
club/clovis-red.html,href,../team.html?team=clovis-red,team.html,ok
club/clovis-red.html,src,../assets/logos/canonical/clovis-red.webp,assets/logos/canonical/clovis-red.webp,ok
club/clovis-red.html,src,../js/logo-display-v7-23-6.js?v=7.36,js/logo-display-v7-23-6.js,ok
club/commerce.html,href,../css/styles.css?v=7.23.6,css/styles.css,ok
club/commerce.html,href,../index.html,index.html,ok
club/commerce.html,href,../index.html,index.html,ok
club/commerce.html,href,../rankings.html,rankings.html,ok
club/commerce.html,href,../clubs.html,clubs.html,ok
club/commerce.html,href,../tournaments.html,tournaments.html,ok
club/commerce.html,href,../methodology.html,methodology.html,ok
club/commerce.html,href,../club.html?club=commerce,club.html,ok
club/commerce.html,href,https://www.gomotionapp.com/team/comm/page/home,,external_or_protocol
club/commerce.html,href,../team.html?team=commerce-a,team.html,ok
club/commerce.html,src,../assets/logos/canonical/commerce.webp,assets/logos/canonical/commerce.webp,ok
club/commerce.html,src,../js/logo-display-v7-23-6.js?v=7.36,js/logo-display-v7-23-6.js,ok
club/ct-premier.html,href,../css/styles.css?v=7.23.6,css/styles.css,ok
club/ct-premier.html,href,../index.html,index.html,ok
club/ct-premier.html,href,../index.html,index.html,ok
club/ct-premier.html,href,../rankings.html,rankings.html,ok
club/ct-premier.html,href,../clubs.html,clubs.html,ok
club/ct-premier.html,href,../tournaments.html,tournaments.html,ok
club/ct-premier.html,href,../methodology.html,methodology.html,ok
club/ct-premier.html,href,../club.html?club=ct-premier,club.html,ok
club/ct-premier.html,href,../team.html?team=ct-premier-a,team.html,ok
club/ct-premier.html,src,../assets/logos/canonical/ct-premier.webp,assets/logos/canonical/ct-premier.webp,ok
club/ct-premier.html,src,../js/logo-display-v7-23-6.js?v=7.36,js/logo-display-v7-23-6.js,ok
club/cvu.html,href,../css/styles.css?v=7.23.6,css/styles.css,ok
club/cvu.html,href,../index.html,index.html,ok
club/cvu.html,href,../index.html,index.html,ok
club/cvu.html,href,../rankings.html,rankings.html,ok
club/cvu.html,href,../clubs.html,clubs.html,ok
club/cvu.html,href,../tournaments.html,tournaments.html,ok
club/cvu.html,href,../methodology.html,methodology.html,ok
club/cvu.html,href,../club.html?club=cvu,club.html,ok
club/cvu.html,href,../team.html?team=cvu-a,team.html,ok
club/cvu.html,src,../assets/logos/canonical/cvu.webp,assets/logos/canonical/cvu.webp,ok
club/cvu.html,src,../js/logo-display-v7-23-6.js?v=7.36,js/logo-display-v7-23-6.js,ok
club/davis.html,href,../css/styles.css?v=7.23.6,css/styles.css,ok
club/davis.html,href,../index.html,index.html,ok
club/davis.html,href,../index.html,index.html,ok
club/davis.html,href,../rankings.html,rankings.html,ok
club/davis.html,href,../clubs.html,clubs.html,ok
club/davis.html,href,../tournaments.html,tournaments.html,ok
club/davis.html,href,../methodology.html,methodology.html,ok
club/davis.html,href,../club.html?club=davis,club.html,ok
club/davis.html,href,https://www.daviswaterpolo.org/,,external_or_protocol
club/davis.html,href,../team.html?team=davis-a,team.html,ok
club/davis.html,src,../assets/logos/canonical/davis.webp,assets/logos/canonical/davis.webp,ok
club/davis.html,src,../js/logo-display-v7-23-6.js?v=7.36,js/logo-display-v7-23-6.js,ok
club/devils-gate.html,href,../css/styles.css?v=7.23.6,css/styles.css,ok
club/devils-gate.html,href,../index.html,index.html,ok
club/devils-gate.html,href,../index.html,index.html,ok
club/devils-gate.html,href,../rankings.html,rankings.html,ok
club/devils-gate.html,href,../clubs.html,clubs.html,ok
club/devils-gate.html,href,../tournaments.html,tournaments.html,ok
club/devils-gate.html,href,../methodology.html,methodology.html,ok
club/devils-gate.html,href,../club.html?club=devils-gate,club.html,ok
club/devils-gate.html,href,../team.html?team=devils-gate-a,team.html,ok
club/devils-gate.html,src,../assets/logos/canonical/devils-gate.webp,assets/logos/canonical/devils-gate.webp,ok
club/devils-gate.html,src,../js/logo-display-v7-23-6.js?v=7.36,js/logo-display-v7-23-6.js,ok
club/diablo-alliance.html,href,../css/styles.css?v=7.23.6,css/styles.css,ok
club/diablo-alliance.html,href,../index.html,index.html,ok
club/diablo-alliance.html,href,../index.html,index.html,ok
club/diablo-alliance.html,href,../rankings.html,rankings.html,ok
club/diablo-alliance.html,href,../clubs.html,clubs.html,ok
club/diablo-alliance.html,href,../tournaments.html,tournaments.html,ok
club/diablo-alliance.html,href,../methodology.html,methodology.html,ok
club/diablo-alliance.html,href,../club.html?club=diablo-alliance,club.html,ok
club/diablo-alliance.html,href,https://www.diablowaterpolo.com/,,external_or_protocol
club/diablo-alliance.html,href,../team.html?team=diablo-alliance-a,team.html,ok
club/diablo-alliance.html,href,../team.html?team=diablo-alliance-b,team.html,ok
club/diablo-alliance.html,src,../assets/logos/canonical/diablo-alliance.webp,assets/logos/canonical/diablo-alliance.webp,ok
club/diablo-alliance.html,src,../js/logo-display-v7-23-6.js?v=7.36,js/logo-display-v7-23-6.js,ok
club/foothill-club.html,href,../css/styles.css?v=7.23.6,css/styles.css,ok
club/foothill-club.html,href,../index.html,index.html,ok
club/foothill-club.html,href,../index.html,index.html,ok
club/foothill-club.html,href,../rankings.html,rankings.html,ok
club/foothill-club.html,href,../clubs.html,clubs.html,ok
club/foothill-club.html,href,../tournaments.html,tournaments.html,ok
club/foothill-club.html,href,../methodology.html,methodology.html,ok
club/foothill-club.html,href,../club.html?club=foothill-club,club.html,ok
club/foothill-club.html,href,https://foothillclubwaterpolo.org/,,external_or_protocol
club/foothill-club.html,href,../team.html?team=foothill-club-a,team.html,ok
club/foothill-club.html,src,../assets/logos/canonical/foothill-club.webp,assets/logos/canonical/foothill-club.webp,ok
club/foothill-club.html,src,../js/logo-display-v7-23-6.js?v=7.36,js/logo-display-v7-23-6.js,ok
club/gold-coast.html,href,../css/styles.css?v=7.23.6,css/styles.css,ok
club/gold-coast.html,href,../index.html,index.html,ok
club/gold-coast.html,href,../index.html,index.html,ok
club/gold-coast.html,href,../rankings.html,rankings.html,ok
club/gold-coast.html,href,../clubs.html,clubs.html,ok
club/gold-coast.html,href,../tournaments.html,tournaments.html,ok
club/gold-coast.html,href,../methodology.html,methodology.html,ok
club/gold-coast.html,href,../club.html?club=gold-coast,club.html,ok
club/gold-coast.html,href,../team.html?team=gold-coast-a,team.html,ok
club/gold-coast.html,src,../assets/logos/canonical/gold-coast.webp,assets/logos/canonical/gold-coast.webp,ok
club/gold-coast.html,src,../js/logo-display-v7-23-6.js?v=7.36,js/logo-display-v7-23-6.js,ok
club/hieland.html,href,../css/styles.css?v=7.23.6,css/styles.css,ok
club/hieland.html,href,../index.html,index.html,ok
club/hieland.html,href,../index.html,index.html,ok
club/hieland.html,href,../rankings.html,rankings.html,ok
club/hieland.html,href,../clubs.html,clubs.html,ok
club/hieland.html,href,../tournaments.html,tournaments.html,ok
club/hieland.html,href,../methodology.html,methodology.html,ok
club/hieland.html,href,../club.html?club=hieland,club.html,ok
club/hieland.html,href,../team.html?team=hieland-a,team.html,ok
club/hieland.html,src,../assets/logos/canonical/hieland.webp,assets/logos/canonical/hieland.webp,ok
club/hieland.html,src,../js/logo-display-v7-23-6.js?v=7.36,js/logo-display-v7-23-6.js,ok
club/honolulu-blue.html,href,../css/styles.css?v=7.23.6,css/styles.css,ok
club/honolulu-blue.html,href,../index.html,index.html,ok
club/honolulu-blue.html,href,../index.html,index.html,ok
club/honolulu-blue.html,href,../rankings.html,rankings.html,ok
club/honolulu-blue.html,href,../clubs.html,clubs.html,ok
club/honolulu-blue.html,href,../tournaments.html,tournaments.html,ok
club/honolulu-blue.html,href,../methodology.html,methodology.html,ok
club/honolulu-blue.html,href,../club.html?club=honolulu-blue,club.html,ok
club/honolulu-blue.html,href,../team.html?team=honolulu-blue,team.html,ok
club/honolulu-blue.html,src,../assets/logos/canonical/honolulu-blue.webp,assets/logos/canonical/honolulu-blue.webp,ok
club/honolulu-blue.html,src,../js/logo-display-v7-23-6.js?v=7.36,js/logo-display-v7-23-6.js,ok
club/honolulu-green.html,href,../css/styles.css?v=7.23.6,css/styles.css,ok
club/honolulu-green.html,href,../index.html,index.html,ok
club/honolulu-green.html,href,../index.html,index.html,ok
club/honolulu-green.html,href,../rankings.html,rankings.html,ok
club/honolulu-green.html,href,../clubs.html,clubs.html,ok
club/honolulu-green.html,href,../tournaments.html,tournaments.html,ok
club/honolulu-green.html,href,../methodology.html,methodology.html,ok
club/honolulu-green.html,href,../club.html?club=honolulu-green,club.html,ok
club/honolulu-green.html,href,../team.html?team=honolulu-green-a,team.html,ok
club/honolulu-green.html,src,../assets/logos/canonical/honolulu-green.webp,assets/logos/canonical/honolulu-green.webp,ok
club/honolulu-green.html,src,../js/logo-display-v7-23-6.js?v=7.36,js/logo-display-v7-23-6.js,ok
club/kingsburg.html,href,../css/styles.css?v=7.23.6,css/styles.css,ok
club/kingsburg.html,href,../index.html,index.html,ok
club/kingsburg.html,href,../index.html,index.html,ok
club/kingsburg.html,href,../rankings.html,rankings.html,ok
club/kingsburg.html,href,../clubs.html,clubs.html,ok
club/kingsburg.html,href,../tournaments.html,tournaments.html,ok
club/kingsburg.html,href,../methodology.html,methodology.html,ok
club/kingsburg.html,href,../club.html?club=kingsburg,club.html,ok
club/kingsburg.html,href,../team.html?team=kingsburg-a,team.html,ok
club/kingsburg.html,src,../assets/logos/canonical/kingsburg.webp,assets/logos/canonical/kingsburg.webp,ok
club/kingsburg.html,src,../js/logo-display-v7-23-6.js?v=7.36,js/logo-display-v7-23-6.js,ok
club/la-jolla-united.html,href,../css/styles.css?v=7.23.6,css/styles.css,ok
club/la-jolla-united.html,href,../index.html,index.html,ok
club/la-jolla-united.html,href,../index.html,index.html,ok
club/la-jolla-united.html,href,../rankings.html,rankings.html,ok
club/la-jolla-united.html,href,../clubs.html,clubs.html,ok
club/la-jolla-united.html,href,../tournaments.html,tournaments.html,ok
club/la-jolla-united.html,href,../methodology.html,methodology.html,ok
club/la-jolla-united.html,href,../club.html?club=la-jolla-united,club.html,ok
club/la-jolla-united.html,href,https://lajollaunited.com/,,external_or_protocol
club/la-jolla-united.html,href,../team.html?team=la-jolla-united-a,team.html,ok
club/la-jolla-united.html,href,../team.html?team=la-jolla-united-b,team.html,ok
club/la-jolla-united.html,src,../assets/logos/canonical/la-jolla-united.webp,assets/logos/canonical/la-jolla-united.webp,ok
club/la-jolla-united.html,src,../js/logo-display-v7-23-6.js?v=7.36,js/logo-display-v7-23-6.js,ok
club/la-premier.html,href,../css/styles.css?v=7.23.6,css/styles.css,ok
club/la-premier.html,href,../index.html,index.html,ok
club/la-premier.html,href,../index.html,index.html,ok
club/la-premier.html,href,../rankings.html,rankings.html,ok
club/la-premier.html,href,../clubs.html,clubs.html,ok
club/la-premier.html,href,../tournaments.html,tournaments.html,ok
club/la-premier.html,href,../methodology.html,methodology.html,ok
club/la-premier.html,href,../club.html?club=la-premier,club.html,ok
club/la-premier.html,href,../team.html?team=la-premier-a,team.html,ok
club/la-premier.html,src,../assets/logos/canonical/la-premier.webp,assets/logos/canonical/la-premier.webp,ok
club/la-premier.html,src,../js/logo-display-v7-23-6.js?v=7.36,js/logo-display-v7-23-6.js,ok
club/lamorinda.html,href,../css/styles.css?v=7.23.6,css/styles.css,ok
club/lamorinda.html,href,../index.html,index.html,ok
club/lamorinda.html,href,../index.html,index.html,ok
club/lamorinda.html,href,../rankings.html,rankings.html,ok
club/lamorinda.html,href,../clubs.html,clubs.html,ok
club/lamorinda.html,href,../tournaments.html,tournaments.html,ok
club/lamorinda.html,href,../methodology.html,methodology.html,ok
club/lamorinda.html,href,../club.html?club=lamorinda,club.html,ok
club/lamorinda.html,href,https://www.lamorindawaterpolo.org/,,external_or_protocol
club/lamorinda.html,href,../team.html?team=lamorinda-a,team.html,ok
club/lamorinda.html,href,../team.html?team=lamorinda-b,team.html,ok
club/lamorinda.html,href,../team.html?team=lamorinda-c,team.html,ok
club/lamorinda.html,src,../assets/logos/canonical/lamorinda.webp,assets/logos/canonical/lamorinda.webp,ok
club/lamorinda.html,src,../js/logo-display-v7-23-6.js?v=7.36,js/logo-display-v7-23-6.js,ok
club/lawpc.html,href,../css/styles.css?v=7.23.6,css/styles.css,ok
club/lawpc.html,href,../index.html,index.html,ok
club/lawpc.html,href,../index.html,index.html,ok
club/lawpc.html,href,../rankings.html,rankings.html,ok
club/lawpc.html,href,../clubs.html,clubs.html,ok
club/lawpc.html,href,../tournaments.html,tournaments.html,ok
club/lawpc.html,href,../methodology.html,methodology.html,ok
club/lawpc.html,href,../club.html?club=lawpc,club.html,ok
club/lawpc.html,href,https://www.losangeleswaterpolo.com/,,external_or_protocol
club/lawpc.html,href,../team.html?team=lawpc-a,team.html,ok
club/lawpc.html,src,../assets/logos/canonical/lawpc.webp,assets/logos/canonical/lawpc.webp,ok
club/lawpc.html,src,../js/logo-display-v7-23-6.js?v=7.36,js/logo-display-v7-23-6.js,ok
club/los-alamitos.html,href,../css/styles.css?v=7.23.6,css/styles.css,ok
club/los-alamitos.html,href,../index.html,index.html,ok
club/los-alamitos.html,href,../index.html,index.html,ok
club/los-alamitos.html,href,../rankings.html,rankings.html,ok
club/los-alamitos.html,href,../clubs.html,clubs.html,ok
club/los-alamitos.html,href,../tournaments.html,tournaments.html,ok
club/los-alamitos.html,href,../methodology.html,methodology.html,ok
club/los-alamitos.html,href,../club.html?club=los-alamitos,club.html,ok
club/los-alamitos.html,href,../team.html?team=los-alamitos-a,team.html,ok
club/los-alamitos.html,src,../assets/logos/canonical/los-alamitos.webp,assets/logos/canonical/los-alamitos.webp,ok
club/los-alamitos.html,src,../js/logo-display-v7-23-6.js?v=7.36,js/logo-display-v7-23-6.js,ok
club/loyola-wpc.html,href,../css/styles.css?v=7.23.6,css/styles.css,ok
club/loyola-wpc.html,href,../index.html,index.html,ok
club/loyola-wpc.html,href,../index.html,index.html,ok
club/loyola-wpc.html,href,../rankings.html,rankings.html,ok
club/loyola-wpc.html,href,../clubs.html,clubs.html,ok
club/loyola-wpc.html,href,../tournaments.html,tournaments.html,ok
club/loyola-wpc.html,href,../methodology.html,methodology.html,ok
club/loyola-wpc.html,href,../club.html?club=loyola-wpc,club.html,ok
club/loyola-wpc.html,href,../team.html?team=loyola-wpc-a,team.html,ok
club/loyola-wpc.html,src,../assets/logos/canonical/loyola-wpc.webp,assets/logos/canonical/loyola-wpc.webp,ok
club/loyola-wpc.html,src,../js/logo-display-v7-23-6.js?v=7.36,js/logo-display-v7-23-6.js,ok
club/midpen.html,href,../css/styles.css?v=7.23.6,css/styles.css,ok
club/midpen.html,href,../index.html,index.html,ok
club/midpen.html,href,../index.html,index.html,ok
club/midpen.html,href,../rankings.html,rankings.html,ok
club/midpen.html,href,../clubs.html,clubs.html,ok
club/midpen.html,href,../tournaments.html,tournaments.html,ok
club/midpen.html,href,../methodology.html,methodology.html,ok
club/midpen.html,href,../club.html?club=midpen,club.html,ok
club/midpen.html,href,../team.html?team=midpen-a,team.html,ok
club/midpen.html,src,../assets/logos/canonical/midpen.webp,assets/logos/canonical/midpen.webp,ok
club/midpen.html,src,../js/logo-display-v7-23-6.js?v=7.36,js/logo-display-v7-23-6.js,ok
club/mission.html,href,../css/styles.css?v=7.23.6,css/styles.css,ok
club/mission.html,href,../index.html,index.html,ok
club/mission.html,href,../index.html,index.html,ok
club/mission.html,href,../rankings.html,rankings.html,ok
club/mission.html,href,../clubs.html,clubs.html,ok
club/mission.html,href,../tournaments.html,tournaments.html,ok
club/mission.html,href,../methodology.html,methodology.html,ok
club/mission.html,href,../club.html?club=mission,club.html,ok
club/mission.html,href,https://missionwpc.com/home,,external_or_protocol
club/mission.html,href,../team.html?team=mission-a,team.html,ok
club/mission.html,href,../team.html?team=mission-b,team.html,ok
club/mission.html,src,../assets/logos/canonical/mission.webp,assets/logos/canonical/mission.webp,ok
club/mission.html,src,../js/logo-display-v7-23-6.js?v=7.36,js/logo-display-v7-23-6.js,ok
club/nado.html,href,../css/styles.css?v=7.23.6,css/styles.css,ok
club/nado.html,href,../index.html,index.html,ok
club/nado.html,href,../index.html,index.html,ok
club/nado.html,href,../rankings.html,rankings.html,ok
club/nado.html,href,../clubs.html,clubs.html,ok
club/nado.html,href,../tournaments.html,tournaments.html,ok
club/nado.html,href,../methodology.html,methodology.html,ok
club/nado.html,href,../club.html?club=nado,club.html,ok
club/nado.html,href,../team.html?team=nado-a,team.html,ok
club/nado.html,src,../assets/logos/canonical/nado.webp,assets/logos/canonical/nado.webp,ok
club/nado.html,src,../js/logo-display-v7-23-6.js?v=7.36,js/logo-display-v7-23-6.js,ok
club/newport-beach.html,href,../css/styles.css?v=7.23.6,css/styles.css,ok
club/newport-beach.html,href,../index.html,index.html,ok
club/newport-beach.html,href,../index.html,index.html,ok
club/newport-beach.html,href,../rankings.html,rankings.html,ok
club/newport-beach.html,href,../clubs.html,clubs.html,ok
club/newport-beach.html,href,../tournaments.html,tournaments.html,ok
club/newport-beach.html,href,../methodology.html,methodology.html,ok
club/newport-beach.html,href,../club.html?club=newport-beach,club.html,ok
club/newport-beach.html,href,https://www.newportbeachwaterpolo.com/,,external_or_protocol
club/newport-beach.html,href,../team.html?team=newport-beach-a,team.html,ok
club/newport-beach.html,href,../team.html?team=newport-beach-b,team.html,ok
club/newport-beach.html,src,../assets/logos/canonical/newport-beach.webp,assets/logos/canonical/newport-beach.webp,ok
club/newport-beach.html,src,../js/logo-display-v7-23-6.js?v=7.36,js/logo-display-v7-23-6.js,ok
club/norcal.html,href,../css/styles.css?v=7.23.6,css/styles.css,ok
club/norcal.html,href,../index.html,index.html,ok
club/norcal.html,href,../index.html,index.html,ok
club/norcal.html,href,../rankings.html,rankings.html,ok
club/norcal.html,href,../clubs.html,clubs.html,ok
club/norcal.html,href,../tournaments.html,tournaments.html,ok
club/norcal.html,href,../methodology.html,methodology.html,ok
club/norcal.html,href,../club.html?club=norcal,club.html,ok
club/norcal.html,href,https://www.norcal-aquatics.com/,,external_or_protocol
club/norcal.html,href,../team.html?team=norcal-a,team.html,ok
club/norcal.html,href,../team.html?team=norcal-b,team.html,ok
club/norcal.html,href,../team.html?team=norcal-c,team.html,ok
club/norcal.html,src,../assets/logos/canonical/norcal.webp,assets/logos/canonical/norcal.webp,ok
club/norcal.html,src,../js/logo-display-v7-23-6.js?v=7.36,js/logo-display-v7-23-6.js,ok
club/north-irvine.html,href,../css/styles.css?v=7.23.6,css/styles.css,ok
club/north-irvine.html,href,../index.html,index.html,ok
club/north-irvine.html,href,../index.html,index.html,ok
club/north-irvine.html,href,../rankings.html,rankings.html,ok
club/north-irvine.html,href,../clubs.html,clubs.html,ok
club/north-irvine.html,href,../tournaments.html,tournaments.html,ok
club/north-irvine.html,href,../methodology.html,methodology.html,ok
club/north-irvine.html,href,../club.html?club=north-irvine,club.html,ok
club/north-irvine.html,href,https://www.gomotionapp.com/team/niwpc/page/home,,external_or_protocol
club/north-irvine.html,href,../team.html?team=north-irvine-a,team.html,ok
club/north-irvine.html,href,../team.html?team=north-irvine-b,team.html,ok
club/north-irvine.html,src,../assets/logos/canonical/north-irvine.webp,assets/logos/canonical/north-irvine.webp,ok
club/north-irvine.html,src,../js/logo-display-v7-23-6.js?v=7.36,js/logo-display-v7-23-6.js,ok
club/northwest.html,href,../css/styles.css?v=7.23.6,css/styles.css,ok
club/northwest.html,href,../index.html,index.html,ok
club/northwest.html,href,../index.html,index.html,ok
club/northwest.html,href,../rankings.html,rankings.html,ok
club/northwest.html,href,../clubs.html,clubs.html,ok
club/northwest.html,href,../tournaments.html,tournaments.html,ok
club/northwest.html,href,../methodology.html,methodology.html,ok
club/northwest.html,href,../club.html?club=northwest,club.html,ok
club/northwest.html,href,../team.html?team=northwest-a,team.html,ok
club/northwest.html,src,../assets/logos/canonical/northwest.webp,assets/logos/canonical/northwest.webp,ok
club/northwest.html,src,../js/logo-display-v7-23-6.js?v=7.36,js/logo-display-v7-23-6.js,ok
club/ocwpc.html,href,../css/styles.css?v=7.23.6,css/styles.css,ok
club/ocwpc.html,href,../index.html,index.html,ok
club/ocwpc.html,href,../index.html,index.html,ok
club/ocwpc.html,href,../rankings.html,rankings.html,ok
club/ocwpc.html,href,../clubs.html,clubs.html,ok
club/ocwpc.html,href,../tournaments.html,tournaments.html,ok
club/ocwpc.html,href,../methodology.html,methodology.html,ok
club/ocwpc.html,href,../club.html?club=ocwpc,club.html,ok
club/ocwpc.html,href,https://ocwpc.com/,,external_or_protocol
club/ocwpc.html,href,../team.html?team=ocwpc-a,team.html,ok
club/ocwpc.html,href,../team.html?team=ocwpc-b,team.html,ok
club/ocwpc.html,src,../assets/logos/canonical/ocwpc.webp,assets/logos/canonical/ocwpc.webp,ok
club/ocwpc.html,src,../js/logo-display-v7-23-6.js?v=7.36,js/logo-display-v7-23-6.js,ok
club/orwp.html,href,../css/styles.css?v=7.23.6,css/styles.css,ok
club/orwp.html,href,../index.html,index.html,ok
club/orwp.html,href,../index.html,index.html,ok
club/orwp.html,href,../rankings.html,rankings.html,ok
club/orwp.html,href,../clubs.html,clubs.html,ok
club/orwp.html,href,../tournaments.html,tournaments.html,ok
club/orwp.html,href,../methodology.html,methodology.html,ok
club/orwp.html,href,../club.html?club=orwp,club.html,ok
club/orwp.html,href,../team.html?team=orwp-a,team.html,ok
club/orwp.html,src,../assets/logos/canonical/orwp.webp,assets/logos/canonical/orwp.webp,ok
club/orwp.html,src,../js/logo-display-v7-23-6.js?v=7.36,js/logo-display-v7-23-6.js,ok
club/ovac.html,href,../css/styles.css?v=7.23.6,css/styles.css,ok
club/ovac.html,href,../index.html,index.html,ok
club/ovac.html,href,../index.html,index.html,ok
club/ovac.html,href,../rankings.html,rankings.html,ok
club/ovac.html,href,../clubs.html,clubs.html,ok
club/ovac.html,href,../tournaments.html,tournaments.html,ok
club/ovac.html,href,../methodology.html,methodology.html,ok
club/ovac.html,href,../club.html?club=ovac,club.html,ok
club/ovac.html,href,../team.html?team=ovac-a,team.html,ok
club/ovac.html,src,../assets/logos/canonical/ovac.webp,assets/logos/canonical/ovac.webp,ok
club/ovac.html,src,../js/logo-display-v7-23-6.js?v=7.36,js/logo-display-v7-23-6.js,ok
club/pasadena-ac.html,href,../css/styles.css?v=7.23.6,css/styles.css,ok
club/pasadena-ac.html,href,../index.html,index.html,ok
club/pasadena-ac.html,href,../index.html,index.html,ok
club/pasadena-ac.html,href,../rankings.html,rankings.html,ok
club/pasadena-ac.html,href,../clubs.html,clubs.html,ok
club/pasadena-ac.html,href,../tournaments.html,tournaments.html,ok
club/pasadena-ac.html,href,../methodology.html,methodology.html,ok
club/pasadena-ac.html,href,../club.html?club=pasadena-ac,club.html,ok
club/pasadena-ac.html,href,../team.html?team=pasadena-ac-a,team.html,ok
club/pasadena-ac.html,src,../assets/logos/canonical/pasadena-ac.webp,assets/logos/canonical/pasadena-ac.webp,ok
club/pasadena-ac.html,src,../js/logo-display-v7-23-6.js?v=7.36,js/logo-display-v7-23-6.js,ok
club/patriot-red.html,href,../css/styles.css?v=7.23.6,css/styles.css,ok
club/patriot-red.html,href,../index.html,index.html,ok
club/patriot-red.html,href,../index.html,index.html,ok
club/patriot-red.html,href,../rankings.html,rankings.html,ok
club/patriot-red.html,href,../clubs.html,clubs.html,ok
club/patriot-red.html,href,../tournaments.html,tournaments.html,ok
club/patriot-red.html,href,../methodology.html,methodology.html,ok
club/patriot-red.html,href,../club.html?club=patriot-red,club.html,ok
club/patriot-red.html,href,https://patriotaquatics.org/,,external_or_protocol
club/patriot-red.html,href,../team.html?team=patriot-red,team.html,ok
club/patriot-red.html,src,../assets/logos/canonical/patriot-red.webp,assets/logos/canonical/patriot-red.webp,ok
club/patriot-red.html,src,../js/logo-display-v7-23-6.js?v=7.36,js/logo-display-v7-23-6.js,ok
club/patriot.html,href,../css/styles.css?v=7.23.6,css/styles.css,ok
club/patriot.html,href,../index.html,index.html,ok
club/patriot.html,href,../index.html,index.html,ok
club/patriot.html,href,../rankings.html,rankings.html,ok
club/patriot.html,href,../clubs.html,clubs.html,ok
club/patriot.html,href,../tournaments.html,tournaments.html,ok
club/patriot.html,href,../methodology.html,methodology.html,ok
club/patriot.html,href,../club.html?club=patriot,club.html,ok
club/patriot.html,href,https://patriotaquatics.org/,,external_or_protocol
club/patriot.html,href,../team.html?team=patriot-a,team.html,ok
club/patriot.html,href,../team.html?team=patriot-b,team.html,ok
club/patriot.html,src,../assets/logos/canonical/patriot.webp,assets/logos/canonical/patriot.webp,ok
club/patriot.html,src,../js/logo-display-v7-23-6.js?v=7.36,js/logo-display-v7-23-6.js,ok
club/pegasus.html,href,../css/styles.css?v=7.23.6,css/styles.css,ok
club/pegasus.html,href,../index.html,index.html,ok
club/pegasus.html,href,../index.html,index.html,ok
club/pegasus.html,href,../rankings.html,rankings.html,ok
club/pegasus.html,href,../clubs.html,clubs.html,ok
club/pegasus.html,href,../tournaments.html,tournaments.html,ok
club/pegasus.html,href,../methodology.html,methodology.html,ok
club/pegasus.html,href,../club.html?club=pegasus,club.html,ok
club/pegasus.html,href,../team.html?team=pegasus-a,team.html,ok
club/pegasus.html,src,../assets/logos/canonical/pegasus.webp,assets/logos/canonical/pegasus.webp,ok
club/pegasus.html,src,../js/logo-display-v7-23-6.js?v=7.36,js/logo-display-v7-23-6.js,ok
club/poway-valley-black.html,href,../css/styles.css?v=7.23.6,css/styles.css,ok
club/poway-valley-black.html,href,../index.html,index.html,ok
club/poway-valley-black.html,href,../index.html,index.html,ok
club/poway-valley-black.html,href,../rankings.html,rankings.html,ok
club/poway-valley-black.html,href,../clubs.html,clubs.html,ok
club/poway-valley-black.html,href,../tournaments.html,tournaments.html,ok
club/poway-valley-black.html,href,../methodology.html,methodology.html,ok
club/poway-valley-black.html,href,../club.html?club=poway-valley-black,club.html,ok
club/poway-valley-black.html,href,../team.html?team=poway-valley-black,team.html,ok
club/poway-valley-black.html,src,../assets/logos/canonical/poway-valley-black.webp,assets/logos/canonical/poway-valley-black.webp,ok
club/poway-valley-black.html,src,../js/logo-display-v7-23-6.js?v=7.36,js/logo-display-v7-23-6.js,ok
club/pride.html,href,../css/styles.css?v=7.23.6,css/styles.css,ok
club/pride.html,href,../index.html,index.html,ok
club/pride.html,href,../index.html,index.html,ok
club/pride.html,href,../rankings.html,rankings.html,ok
club/pride.html,href,../clubs.html,clubs.html,ok
club/pride.html,href,../tournaments.html,tournaments.html,ok
club/pride.html,href,../methodology.html,methodology.html,ok
club/pride.html,href,../club.html?club=pride,club.html,ok
club/pride.html,href,https://www.pridewaterpolo.com/page/home,,external_or_protocol
club/pride.html,href,../team.html?team=pride-a,team.html,ok
club/pride.html,href,../team.html?team=pride-b,team.html,ok
club/pride.html,src,../assets/logos/canonical/pride.webp,assets/logos/canonical/pride.webp,ok
club/pride.html,src,../js/logo-display-v7-23-6.js?v=7.36,js/logo-display-v7-23-6.js,ok
club/pv-wpc.html,href,../css/styles.css?v=7.23.6,css/styles.css,ok
club/pv-wpc.html,href,../index.html,index.html,ok
club/pv-wpc.html,href,../index.html,index.html,ok
club/pv-wpc.html,href,../rankings.html,rankings.html,ok
club/pv-wpc.html,href,../clubs.html,clubs.html,ok
club/pv-wpc.html,href,../tournaments.html,tournaments.html,ok
club/pv-wpc.html,href,../methodology.html,methodology.html,ok
club/pv-wpc.html,href,../club.html?club=pv-wpc,club.html,ok
club/pv-wpc.html,href,../team.html?team=pv-wpc-a,team.html,ok
club/pv-wpc.html,href,../team.html?team=pv-wpc-b,team.html,ok
club/pv-wpc.html,src,../assets/logos/canonical/pv-wpc.webp,assets/logos/canonical/pv-wpc.webp,ok
club/pv-wpc.html,src,../js/logo-display-v7-23-6.js?v=7.36,js/logo-display-v7-23-6.js,ok
club/rancho-tsunami.html,href,../css/styles.css?v=7.23.6,css/styles.css,ok
club/rancho-tsunami.html,href,../index.html,index.html,ok
club/rancho-tsunami.html,href,../index.html,index.html,ok
club/rancho-tsunami.html,href,../rankings.html,rankings.html,ok
club/rancho-tsunami.html,href,../clubs.html,clubs.html,ok
club/rancho-tsunami.html,href,../tournaments.html,tournaments.html,ok
club/rancho-tsunami.html,href,../methodology.html,methodology.html,ok
club/rancho-tsunami.html,href,../club.html?club=rancho-tsunami,club.html,ok
club/rancho-tsunami.html,href,https://www.ranchotsunami.com/,,external_or_protocol
club/rancho-tsunami.html,href,../team.html?team=rancho-tsunami-a,team.html,ok
club/rancho-tsunami.html,src,../assets/logos/canonical/rancho-tsunami.webp,assets/logos/canonical/rancho-tsunami.webp,ok
club/rancho-tsunami.html,src,../js/logo-display-v7-23-6.js?v=7.36,js/logo-display-v7-23-6.js,ok
club/riverside.html,href,../css/styles.css?v=7.23.6,css/styles.css,ok
club/riverside.html,href,../index.html,index.html,ok
club/riverside.html,href,../index.html,index.html,ok
club/riverside.html,href,../rankings.html,rankings.html,ok
club/riverside.html,href,../clubs.html,clubs.html,ok
club/riverside.html,href,../tournaments.html,tournaments.html,ok
club/riverside.html,href,../methodology.html,methodology.html,ok
club/riverside.html,href,../club.html?club=riverside,club.html,ok
club/riverside.html,href,../team.html?team=riverside-a,team.html,ok
club/riverside.html,src,../assets/logos/canonical/riverside.webp,assets/logos/canonical/riverside.webp,ok
club/riverside.html,src,../js/logo-display-v7-23-6.js?v=7.36,js/logo-display-v7-23-6.js,ok
club/rose-bowl.html,href,../css/styles.css?v=7.23.6,css/styles.css,ok
club/rose-bowl.html,href,../index.html,index.html,ok
club/rose-bowl.html,href,../index.html,index.html,ok
club/rose-bowl.html,href,../rankings.html,rankings.html,ok
club/rose-bowl.html,href,../clubs.html,clubs.html,ok
club/rose-bowl.html,href,../tournaments.html,tournaments.html,ok
club/rose-bowl.html,href,../methodology.html,methodology.html,ok
club/rose-bowl.html,href,../club.html?club=rose-bowl,club.html,ok
club/rose-bowl.html,href,https://rosebowlaquatics.org/water-polo,,external_or_protocol
club/rose-bowl.html,href,../team.html?team=rose-bowl-a,team.html,ok
club/rose-bowl.html,src,../assets/logos/canonical/rose-bowl.webp,assets/logos/canonical/rose-bowl.webp,ok
club/rose-bowl.html,src,../js/logo-display-v7-23-6.js?v=7.36,js/logo-display-v7-23-6.js,ok
club/route-66-aquatics.html,href,../css/styles.css?v=7.23.6,css/styles.css,ok
club/route-66-aquatics.html,href,../index.html,index.html,ok
club/route-66-aquatics.html,href,../index.html,index.html,ok
club/route-66-aquatics.html,href,../rankings.html,rankings.html,ok
club/route-66-aquatics.html,href,../clubs.html,clubs.html,ok
club/route-66-aquatics.html,href,../tournaments.html,tournaments.html,ok
club/route-66-aquatics.html,href,../methodology.html,methodology.html,ok
club/route-66-aquatics.html,href,../club.html?club=route-66-aquatics,club.html,ok
club/route-66-aquatics.html,href,../team.html?team=route-66-aquatics-a,team.html,ok
club/route-66-aquatics.html,src,../assets/logos/canonical/route-66-aquatics.webp,assets/logos/canonical/route-66-aquatics.webp,ok
club/route-66-aquatics.html,src,../js/logo-display-v7-23-6.js?v=7.36,js/logo-display-v7-23-6.js,ok
club/san-clemente-red.html,href,../css/styles.css?v=7.23.6,css/styles.css,ok
club/san-clemente-red.html,href,../index.html,index.html,ok
club/san-clemente-red.html,href,../index.html,index.html,ok
club/san-clemente-red.html,href,../rankings.html,rankings.html,ok
club/san-clemente-red.html,href,../clubs.html,clubs.html,ok
club/san-clemente-red.html,href,../tournaments.html,tournaments.html,ok
club/san-clemente-red.html,href,../methodology.html,methodology.html,ok
club/san-clemente-red.html,href,../club.html?club=san-clemente-red,club.html,ok
club/san-clemente-red.html,href,../team.html?team=san-clemente-red,team.html,ok
club/san-clemente-red.html,src,../assets/logos/canonical/san-clemente-red.webp,assets/logos/canonical/san-clemente-red.webp,ok
club/san-clemente-red.html,src,../js/logo-display-v7-23-6.js?v=7.36,js/logo-display-v7-23-6.js,ok
club/san-clemente.html,href,../css/styles.css?v=7.23.6,css/styles.css,ok
club/san-clemente.html,href,../index.html,index.html,ok
club/san-clemente.html,href,../index.html,index.html,ok
club/san-clemente.html,href,../rankings.html,rankings.html,ok
club/san-clemente.html,href,../clubs.html,clubs.html,ok
club/san-clemente.html,href,../tournaments.html,tournaments.html,ok
club/san-clemente.html,href,../methodology.html,methodology.html,ok
club/san-clemente.html,href,../club.html?club=san-clemente,club.html,ok
club/san-clemente.html,href,../team.html?team=san-clemente-a,team.html,ok
club/san-clemente.html,src,../assets/logos/canonical/san-clemente.webp,assets/logos/canonical/san-clemente.webp,ok
club/san-clemente.html,src,../js/logo-display-v7-23-6.js?v=7.36,js/logo-display-v7-23-6.js,ok
club/san-diego-shores.html,href,../css/styles.css?v=7.23.6,css/styles.css,ok
club/san-diego-shores.html,href,../index.html,index.html,ok
club/san-diego-shores.html,href,../index.html,index.html,ok
club/san-diego-shores.html,href,../rankings.html,rankings.html,ok
club/san-diego-shores.html,href,../clubs.html,clubs.html,ok
club/san-diego-shores.html,href,../tournaments.html,tournaments.html,ok
club/san-diego-shores.html,href,../methodology.html,methodology.html,ok
club/san-diego-shores.html,href,../club.html?club=san-diego-shores,club.html,ok
club/san-diego-shores.html,href,../team.html?team=san-diego-shores-a,team.html,ok
club/san-diego-shores.html,src,../assets/logos/canonical/san-diego-shores.webp,assets/logos/canonical/san-diego-shores.webp,ok
club/san-diego-shores.html,src,../js/logo-display-v7-23-6.js?v=7.36,js/logo-display-v7-23-6.js,ok
club/san-francisco.html,href,../css/styles.css?v=7.23.6,css/styles.css,ok
club/san-francisco.html,href,../index.html,index.html,ok
club/san-francisco.html,href,../index.html,index.html,ok
club/san-francisco.html,href,../rankings.html,rankings.html,ok
club/san-francisco.html,href,../clubs.html,clubs.html,ok
club/san-francisco.html,href,../tournaments.html,tournaments.html,ok
club/san-francisco.html,href,../methodology.html,methodology.html,ok
club/san-francisco.html,href,../club.html?club=san-francisco,club.html,ok
club/san-francisco.html,href,../team.html?team=san-francisco-a,team.html,ok
club/san-francisco.html,src,../assets/logos/canonical/san-francisco.webp,assets/logos/canonical/san-francisco.webp,ok
club/san-francisco.html,src,../js/logo-display-v7-23-6.js?v=7.36,js/logo-display-v7-23-6.js,ok
club/sand-canyon.html,href,../css/styles.css?v=7.23.6,css/styles.css,ok
club/sand-canyon.html,href,../index.html,index.html,ok
club/sand-canyon.html,href,../index.html,index.html,ok
club/sand-canyon.html,href,../rankings.html,rankings.html,ok
club/sand-canyon.html,href,../clubs.html,clubs.html,ok
club/sand-canyon.html,href,../tournaments.html,tournaments.html,ok
club/sand-canyon.html,href,../methodology.html,methodology.html,ok
club/sand-canyon.html,href,../club.html?club=sand-canyon,club.html,ok
club/sand-canyon.html,href,../team.html?team=sand-canyon-a,team.html,ok
club/sand-canyon.html,src,../assets/logos/canonical/sand-canyon.webp,assets/logos/canonical/sand-canyon.webp,ok
club/sand-canyon.html,src,../js/logo-display-v7-23-6.js?v=7.36,js/logo-display-v7-23-6.js,ok
club/santa-barbara.html,href,../css/styles.css?v=7.23.6,css/styles.css,ok
club/santa-barbara.html,href,../index.html,index.html,ok
club/santa-barbara.html,href,../index.html,index.html,ok
club/santa-barbara.html,href,../rankings.html,rankings.html,ok
club/santa-barbara.html,href,../clubs.html,clubs.html,ok
club/santa-barbara.html,href,../tournaments.html,tournaments.html,ok
club/santa-barbara.html,href,../methodology.html,methodology.html,ok
club/santa-barbara.html,href,../club.html?club=santa-barbara,club.html,ok
club/santa-barbara.html,href,https://sbwaterpolo.com/,,external_or_protocol
club/santa-barbara.html,href,../team.html?team=santa-barbara-a,team.html,ok
club/santa-barbara.html,src,../assets/logos/canonical/santa-barbara.webp,assets/logos/canonical/santa-barbara.webp,ok
club/santa-barbara.html,src,../js/logo-display-v7-23-6.js?v=7.36,js/logo-display-v7-23-6.js,ok
club/santa-cruz.html,href,../css/styles.css?v=7.23.6,css/styles.css,ok
club/santa-cruz.html,href,../index.html,index.html,ok
club/santa-cruz.html,href,../index.html,index.html,ok
club/santa-cruz.html,href,../rankings.html,rankings.html,ok
club/santa-cruz.html,href,../clubs.html,clubs.html,ok
club/santa-cruz.html,href,../tournaments.html,tournaments.html,ok
club/santa-cruz.html,href,../methodology.html,methodology.html,ok
club/santa-cruz.html,href,../club.html?club=santa-cruz,club.html,ok
club/santa-cruz.html,href,../team.html?team=santa-cruz-a,team.html,ok
club/santa-cruz.html,src,../assets/logos/canonical/santa-cruz.webp,assets/logos/canonical/santa-cruz.webp,ok
club/santa-cruz.html,src,../js/logo-display-v7-23-6.js?v=7.36,js/logo-display-v7-23-6.js,ok
club/sd-dons.html,href,../css/styles.css?v=7.23.6,css/styles.css,ok
club/sd-dons.html,href,../index.html,index.html,ok
club/sd-dons.html,href,../index.html,index.html,ok
club/sd-dons.html,href,../rankings.html,rankings.html,ok
club/sd-dons.html,href,../clubs.html,clubs.html,ok
club/sd-dons.html,href,../tournaments.html,tournaments.html,ok
club/sd-dons.html,href,../methodology.html,methodology.html,ok
club/sd-dons.html,href,../club.html?club=sd-dons,club.html,ok
club/sd-dons.html,href,https://sddonspolo.com/,,external_or_protocol
club/sd-dons.html,href,../team.html?team=sd-dons-a,team.html,ok
club/sd-dons.html,href,../team.html?team=sd-dons-b,team.html,ok
club/sd-dons.html,src,../assets/logos/canonical/sd-dons.webp,assets/logos/canonical/sd-dons.webp,ok
club/sd-dons.html,src,../js/logo-display-v7-23-6.js?v=7.36,js/logo-display-v7-23-6.js,ok
club/sd-eca.html,href,../css/styles.css?v=7.23.6,css/styles.css,ok
club/sd-eca.html,href,../index.html,index.html,ok
club/sd-eca.html,href,../index.html,index.html,ok
club/sd-eca.html,href,../rankings.html,rankings.html,ok
club/sd-eca.html,href,../clubs.html,clubs.html,ok
club/sd-eca.html,href,../tournaments.html,tournaments.html,ok
club/sd-eca.html,href,../methodology.html,methodology.html,ok
club/sd-eca.html,href,../club.html?club=sd-eca,club.html,ok
club/sd-eca.html,href,../team.html?team=sd-eca-a,team.html,ok
club/sd-eca.html,src,../assets/logos/canonical/sd-eca.webp,assets/logos/canonical/sd-eca.webp,ok
club/sd-eca.html,src,../js/logo-display-v7-23-6.js?v=7.36,js/logo-display-v7-23-6.js,ok
club/set.html,href,../css/styles.css?v=7.23.6,css/styles.css,ok
club/set.html,href,../index.html,index.html,ok
club/set.html,href,../index.html,index.html,ok
club/set.html,href,../rankings.html,rankings.html,ok
club/set.html,href,../clubs.html,clubs.html,ok
club/set.html,href,../tournaments.html,tournaments.html,ok
club/set.html,href,../methodology.html,methodology.html,ok
club/set.html,href,../club.html?club=set,club.html,ok
club/set.html,href,https://www.setwaterpolo.com/,,external_or_protocol
club/set.html,href,../team.html?team=set-a,team.html,ok
club/set.html,src,../assets/logos/canonical/set.webp,assets/logos/canonical/set.webp,ok
club/set.html,src,../js/logo-display-v7-23-6.js?v=7.36,js/logo-display-v7-23-6.js,ok
club/shaq.html,href,../css/styles.css?v=7.23.6,css/styles.css,ok
club/shaq.html,href,../index.html,index.html,ok
club/shaq.html,href,../index.html,index.html,ok
club/shaq.html,href,../rankings.html,rankings.html,ok
club/shaq.html,href,../clubs.html,clubs.html,ok
club/shaq.html,href,../tournaments.html,tournaments.html,ok
club/shaq.html,href,../methodology.html,methodology.html,ok
club/shaq.html,href,../club.html?club=shaq,club.html,ok
club/shaq.html,href,../team.html?team=shaq-a,team.html,ok
club/shaq.html,href,../team.html?team=shaq-b,team.html,ok
club/shaq.html,src,../assets/logos/canonical/shaq.webp,assets/logos/canonical/shaq.webp,ok
club/shaq.html,src,../js/logo-display-v7-23-6.js?v=7.36,js/logo-display-v7-23-6.js,ok
club/sharks.html,href,../css/styles.css?v=7.23.6,css/styles.css,ok
club/sharks.html,href,../index.html,index.html,ok
club/sharks.html,href,../index.html,index.html,ok
club/sharks.html,href,../rankings.html,rankings.html,ok
club/sharks.html,href,../clubs.html,clubs.html,ok
club/sharks.html,href,../tournaments.html,tournaments.html,ok
club/sharks.html,href,../methodology.html,methodology.html,ok
club/sharks.html,href,../club.html?club=sharks,club.html,ok
club/sharks.html,href,../team.html?team=sharks-a,team.html,ok
club/sharks.html,src,../assets/logos/canonical/sharks.webp,assets/logos/canonical/sharks.webp,ok
club/sharks.html,src,../js/logo-display-v7-23-6.js?v=7.36,js/logo-display-v7-23-6.js,ok
club/shore-aquatics.html,href,../css/styles.css?v=7.23.6,css/styles.css,ok
club/shore-aquatics.html,href,../index.html,index.html,ok
club/shore-aquatics.html,href,../index.html,index.html,ok
club/shore-aquatics.html,href,../rankings.html,rankings.html,ok
club/shore-aquatics.html,href,../clubs.html,clubs.html,ok
club/shore-aquatics.html,href,../tournaments.html,tournaments.html,ok
club/shore-aquatics.html,href,../methodology.html,methodology.html,ok
club/shore-aquatics.html,href,../club.html?club=shore-aquatics,club.html,ok
club/shore-aquatics.html,href,../team.html?team=shore-aquatics-a,team.html,ok
club/shore-aquatics.html,src,../assets/logos/canonical/shore-aquatics.webp,assets/logos/canonical/shore-aquatics.webp,ok
club/shore-aquatics.html,src,../js/logo-display-v7-23-6.js?v=7.36,js/logo-display-v7-23-6.js,ok
club/sj-express.html,href,../css/styles.css?v=7.23.6,css/styles.css,ok
club/sj-express.html,href,../index.html,index.html,ok
club/sj-express.html,href,../index.html,index.html,ok
club/sj-express.html,href,../rankings.html,rankings.html,ok
club/sj-express.html,href,../clubs.html,clubs.html,ok
club/sj-express.html,href,../tournaments.html,tournaments.html,ok
club/sj-express.html,href,../methodology.html,methodology.html,ok
club/sj-express.html,href,../club.html?club=sj-express,club.html,ok
club/sj-express.html,href,../team.html?team=sj-express-a,team.html,ok
club/sj-express.html,src,../assets/logos/canonical/sj-express.webp,assets/logos/canonical/sj-express.webp,ok
club/sj-express.html,src,../js/logo-display-v7-23-6.js?v=7.36,js/logo-display-v7-23-6.js,ok
club/sj-foundation.html,href,../css/styles.css?v=7.23.6,css/styles.css,ok
club/sj-foundation.html,href,../index.html,index.html,ok
club/sj-foundation.html,href,../index.html,index.html,ok
club/sj-foundation.html,href,../rankings.html,rankings.html,ok
club/sj-foundation.html,href,../clubs.html,clubs.html,ok
club/sj-foundation.html,href,../tournaments.html,tournaments.html,ok
club/sj-foundation.html,href,../methodology.html,methodology.html,ok
club/sj-foundation.html,href,../club.html?club=sj-foundation,club.html,ok
club/sj-foundation.html,href,../team.html?team=sj-foundation-a,team.html,ok
club/sj-foundation.html,href,../team.html?team=sj-foundation-b,team.html,ok
club/sj-foundation.html,src,../assets/logos/canonical/sj-foundation.webp,assets/logos/canonical/sj-foundation.webp,ok
club/sj-foundation.html,src,../js/logo-display-v7-23-6.js?v=7.36,js/logo-display-v7-23-6.js,ok
club/skip.html,href,../css/styles.css?v=7.23.6,css/styles.css,ok
club/skip.html,href,../index.html,index.html,ok
club/skip.html,href,../index.html,index.html,ok
club/skip.html,href,../rankings.html,rankings.html,ok
club/skip.html,href,../clubs.html,clubs.html,ok
club/skip.html,href,../tournaments.html,tournaments.html,ok
club/skip.html,href,../methodology.html,methodology.html,ok
club/skip.html,href,../club.html?club=skip,club.html,ok
club/skip.html,href,../team.html?team=skip-a,team.html,ok
club/skip.html,src,../assets/logos/canonical/skip.webp,assets/logos/canonical/skip.webp,ok
club/skip.html,src,../js/logo-display-v7-23-6.js?v=7.36,js/logo-display-v7-23-6.js,ok
club/socal.html,href,../css/styles.css?v=7.23.6,css/styles.css,ok
club/socal.html,href,../index.html,index.html,ok
club/socal.html,href,../index.html,index.html,ok
club/socal.html,href,../rankings.html,rankings.html,ok
club/socal.html,href,../clubs.html,clubs.html,ok
club/socal.html,href,../tournaments.html,tournaments.html,ok
club/socal.html,href,../methodology.html,methodology.html,ok
club/socal.html,href,../club.html?club=socal,club.html,ok
club/socal.html,href,https://www.socalwaterpolo.org/,,external_or_protocol
club/socal.html,href,../team.html?team=socal-a,team.html,ok
club/socal.html,src,../assets/logos/canonical/socal.webp,assets/logos/canonical/socal.webp,ok
club/socal.html,src,../js/logo-display-v7-23-6.js?v=7.36,js/logo-display-v7-23-6.js,ok
club/south-coast.html,href,../css/styles.css?v=7.23.6,css/styles.css,ok
club/south-coast.html,href,../index.html,index.html,ok
club/south-coast.html,href,../index.html,index.html,ok
club/south-coast.html,href,../rankings.html,rankings.html,ok
club/south-coast.html,href,../clubs.html,clubs.html,ok
club/south-coast.html,href,../tournaments.html,tournaments.html,ok
club/south-coast.html,href,../methodology.html,methodology.html,ok
club/south-coast.html,href,../club.html?club=south-coast,club.html,ok
club/south-coast.html,href,https://www.southcoastaquatics.com/,,external_or_protocol
club/south-coast.html,href,../team.html?team=south-coast-a,team.html,ok
club/south-coast.html,href,../team.html?team=south-coast-b,team.html,ok
club/south-coast.html,href,../team.html?team=south-coast-c,team.html,ok
club/south-coast.html,src,../assets/logos/canonical/south-coast.webp,assets/logos/canonical/south-coast.webp,ok
club/south-coast.html,src,../js/logo-display-v7-23-6.js?v=7.36,js/logo-display-v7-23-6.js,ok
club/stanford.html,href,../css/styles.css?v=7.23.6,css/styles.css,ok
club/stanford.html,href,../index.html,index.html,ok
club/stanford.html,href,../index.html,index.html,ok
club/stanford.html,href,../rankings.html,rankings.html,ok
club/stanford.html,href,../clubs.html,clubs.html,ok
club/stanford.html,href,../tournaments.html,tournaments.html,ok
club/stanford.html,href,../methodology.html,methodology.html,ok
club/stanford.html,href,../club.html?club=stanford,club.html,ok
club/stanford.html,href,https://www.stanfordwaterpoloclub.com/,,external_or_protocol
club/stanford.html,href,../team.html?team=stanford-a,team.html,ok
club/stanford.html,href,../team.html?team=stanford-b,team.html,ok
club/stanford.html,href,../team.html?team=stanford-c,team.html,ok
club/stanford.html,src,../assets/logos/canonical/stanford.webp,assets/logos/canonical/stanford.webp,ok
club/stanford.html,src,../js/logo-display-v7-23-6.js?v=7.36,js/logo-display-v7-23-6.js,ok
club/supreme.html,href,../css/styles.css?v=7.23.6,css/styles.css,ok
club/supreme.html,href,../index.html,index.html,ok
club/supreme.html,href,../index.html,index.html,ok
club/supreme.html,href,../rankings.html,rankings.html,ok
club/supreme.html,href,../clubs.html,clubs.html,ok
club/supreme.html,href,../tournaments.html,tournaments.html,ok
club/supreme.html,href,../methodology.html,methodology.html,ok
club/supreme.html,href,../club.html?club=supreme,club.html,ok
club/supreme.html,href,../team.html?team=supreme-a,team.html,ok
club/supreme.html,src,../assets/logos/canonical/supreme.webp,assets/logos/canonical/supreme.webp,ok
club/supreme.html,src,../js/logo-display-v7-23-6.js?v=7.36,js/logo-display-v7-23-6.js,ok
club/temple-city.html,href,../css/styles.css?v=7.23.6,css/styles.css,ok
club/temple-city.html,href,../index.html,index.html,ok
club/temple-city.html,href,../index.html,index.html,ok
club/temple-city.html,href,../rankings.html,rankings.html,ok
club/temple-city.html,href,../clubs.html,clubs.html,ok
club/temple-city.html,href,../tournaments.html,tournaments.html,ok
club/temple-city.html,href,../methodology.html,methodology.html,ok
club/temple-city.html,href,../club.html?club=temple-city,club.html,ok
club/temple-city.html,href,../team.html?team=temple-city-a,team.html,ok
club/temple-city.html,src,../assets/logos/canonical/temple-city.webp,assets/logos/canonical/temple-city.webp,ok
club/temple-city.html,src,../js/logo-display-v7-23-6.js?v=7.36,js/logo-display-v7-23-6.js,ok
club/titans.html,href,../css/styles.css?v=7.23.6,css/styles.css,ok
club/titans.html,href,../index.html,index.html,ok
club/titans.html,href,../index.html,index.html,ok
club/titans.html,href,../rankings.html,rankings.html,ok
club/titans.html,href,../clubs.html,clubs.html,ok
club/titans.html,href,../tournaments.html,tournaments.html,ok
club/titans.html,href,../methodology.html,methodology.html,ok
club/titans.html,href,../club.html?club=titans,club.html,ok
club/titans.html,href,../team.html?team=titans-a,team.html,ok
club/titans.html,src,../assets/logos/canonical/titans.webp,assets/logos/canonical/titans.webp,ok
club/titans.html,src,../js/logo-display-v7-23-6.js?v=7.36,js/logo-display-v7-23-6.js,ok
club/tri-valley-tritons.html,href,../css/styles.css?v=7.23.6,css/styles.css,ok
club/tri-valley-tritons.html,href,../index.html,index.html,ok
club/tri-valley-tritons.html,href,../index.html,index.html,ok
club/tri-valley-tritons.html,href,../rankings.html,rankings.html,ok
club/tri-valley-tritons.html,href,../clubs.html,clubs.html,ok
club/tri-valley-tritons.html,href,../tournaments.html,tournaments.html,ok
club/tri-valley-tritons.html,href,../methodology.html,methodology.html,ok
club/tri-valley-tritons.html,href,../club.html?club=tri-valley-tritons,club.html,ok
club/tri-valley-tritons.html,href,../team.html?team=tri-valley-tritons-a,team.html,ok
club/tri-valley-tritons.html,src,../assets/logos/canonical/tri-valley-tritons.webp,assets/logos/canonical/tri-valley-tritons.webp,ok
club/tri-valley-tritons.html,src,../js/logo-display-v7-23-6.js?v=7.36,js/logo-display-v7-23-6.js,ok
club/trilogy.html,href,../css/styles.css?v=7.23.6,css/styles.css,ok
club/trilogy.html,href,../index.html,index.html,ok
club/trilogy.html,href,../index.html,index.html,ok
club/trilogy.html,href,../rankings.html,rankings.html,ok
club/trilogy.html,href,../clubs.html,clubs.html,ok
club/trilogy.html,href,../tournaments.html,tournaments.html,ok
club/trilogy.html,href,../methodology.html,methodology.html,ok
club/trilogy.html,href,../club.html?club=trilogy,club.html,ok
club/trilogy.html,href,../team.html?team=trilogy-a,team.html,ok
club/trilogy.html,src,../assets/logos/canonical/trilogy.webp,assets/logos/canonical/trilogy.webp,ok
club/trilogy.html,src,../js/logo-display-v7-23-6.js?v=7.36,js/logo-display-v7-23-6.js,ok
club/triton-gold.html,href,../css/styles.css?v=7.23.6,css/styles.css,ok
club/triton-gold.html,href,../index.html,index.html,ok
club/triton-gold.html,href,../index.html,index.html,ok
club/triton-gold.html,href,../rankings.html,rankings.html,ok
club/triton-gold.html,href,../clubs.html,clubs.html,ok
club/triton-gold.html,href,../tournaments.html,tournaments.html,ok
club/triton-gold.html,href,../methodology.html,methodology.html,ok
club/triton-gold.html,href,../club.html?club=triton-gold,club.html,ok
club/triton-gold.html,href,../team.html?team=triton-gold,team.html,ok
club/triton-gold.html,src,../assets/logos/canonical/triton-gold.webp,assets/logos/canonical/triton-gold.webp,ok
club/triton-gold.html,src,../js/logo-display-v7-23-6.js?v=7.36,js/logo-display-v7-23-6.js,ok
club/trojan.html,href,../css/styles.css?v=7.23.6,css/styles.css,ok
club/trojan.html,href,../index.html,index.html,ok
club/trojan.html,href,../index.html,index.html,ok
club/trojan.html,href,../rankings.html,rankings.html,ok
club/trojan.html,href,../clubs.html,clubs.html,ok
club/trojan.html,href,../tournaments.html,tournaments.html,ok
club/trojan.html,href,../methodology.html,methodology.html,ok
club/trojan.html,href,../club.html?club=trojan,club.html,ok
club/trojan.html,href,../team.html?team=trojan-a,team.html,ok
club/trojan.html,src,../assets/logos/canonical/trojan.webp,assets/logos/canonical/trojan.webp,ok
club/trojan.html,src,../js/logo-display-v7-23-6.js?v=7.36,js/logo-display-v7-23-6.js,ok
club/vanguard.html,href,../css/styles.css?v=7.23.6,css/styles.css,ok
club/vanguard.html,href,../index.html,index.html,ok
club/vanguard.html,href,../index.html,index.html,ok
club/vanguard.html,href,../rankings.html,rankings.html,ok
club/vanguard.html,href,../clubs.html,clubs.html,ok
club/vanguard.html,href,../tournaments.html,tournaments.html,ok
club/vanguard.html,href,../methodology.html,methodology.html,ok
club/vanguard.html,href,../club.html?club=vanguard,club.html,ok
club/vanguard.html,href,https://vanguardaquatics.com/,,external_or_protocol
club/vanguard.html,href,../team.html?team=vanguard-a,team.html,ok
club/vanguard.html,href,../team.html?team=vanguard-b,team.html,ok
club/vanguard.html,href,../team.html?team=vanguard-c,team.html,ok
club/vanguard.html,src,../assets/logos/canonical/vanguard.webp,assets/logos/canonical/vanguard.webp,ok
club/vanguard.html,src,../js/logo-display-v7-23-6.js?v=7.36,js/logo-display-v7-23-6.js,ok
club/vegas-renegades.html,href,../css/styles.css?v=7.23.6,css/styles.css,ok
club/vegas-renegades.html,href,../index.html,index.html,ok
club/vegas-renegades.html,href,../index.html,index.html,ok
club/vegas-renegades.html,href,../rankings.html,rankings.html,ok
club/vegas-renegades.html,href,../clubs.html,clubs.html,ok
club/vegas-renegades.html,href,../tournaments.html,tournaments.html,ok
club/vegas-renegades.html,href,../methodology.html,methodology.html,ok
club/vegas-renegades.html,href,../club.html?club=vegas-renegades,club.html,ok
club/vegas-renegades.html,href,../team.html?team=vegas-renegades-a,team.html,ok
club/vegas-renegades.html,src,../assets/logos/canonical/vegas-renegades.webp,assets/logos/canonical/vegas-renegades.webp,ok
club/vegas-renegades.html,src,../js/logo-display-v7-23-6.js?v=7.36,js/logo-display-v7-23-6.js,ok
club.html,href,https://fonts.googleapis.com,,external_or_protocol
club.html,href,https://fonts.gstatic.com,,external_or_protocol
club.html,href,https://fonts.googleapis.com/css2?family=Inter:wght@400;600;700;800;900&display=swap,,external_or_protocol
club.html,href,css/styles.css?v=7.36,css/styles.css,ok
club.html,href,css/command-palette.css?v=7.36,css/command-palette.css,ok
club.html,href,css/homepage-v8.css?v=7.36,css/homepage-v8.css,ok
club.html,href,css/club-intelligence-v7-8.css?v=7.36,css/club-intelligence-v7-8.css,ok
club.html,href,css/club-intelligence-v7-17-1.css?v=7.36,css/club-intelligence-v7-17-1.css,ok
club.html,href,css/page-polish-v7-22.css?v=7.36,css/page-polish-v7-22.css,ok
club.html,href,css/page-simplification-v7-24.css?v=7.36,css/page-simplification-v7-24.css,ok
club.html,href,css/club-directory-v7-26.css?v=7.36,css/club-directory-v7-26.css,ok
club.html,href,index.html,index.html,ok
club.html,href,index.html,index.html,ok
club.html,href,rankings.html,rankings.html,ok
club.html,href,clubs.html,clubs.html,ok
club.html,href,tournaments.html,tournaments.html,ok
club.html,href,stories.html,stories.html,ok
club.html,href,methodology.html,methodology.html,ok
club.html,href,index.html,index.html,ok
club.html,href,rankings.html,rankings.html,ok
club.html,href,clubs.html,clubs.html,ok
club.html,href,tournaments.html,tournaments.html,ok
club.html,href,methodology.html,methodology.html,ok
club.html,href,12u-boys.html,12u-boys.html,ok
club.html,href,12u-girls.html,12u-girls.html,ok
club.html,href,14u-boys.html,14u-boys.html,ok
club.html,href,14u-girls.html,14u-girls.html,ok
club.html,href,16u-boys.html,16u-boys.html,ok
club.html,href,16u-girls.html,16u-girls.html,ok
club.html,href,18u-boys.html,18u-boys.html,ok
club.html,href,18u-girls.html,18u-girls.html,ok
club.html,href,methodology.html,methodology.html,ok
club.html,src,data.js?v=7.30.2,data.js,ok
club.html,src,js/club-intelligence-v7-26.js?v=7.36,js/club-intelligence-v7-26.js,ok
club.html,src,js/command-palette.js?v=7.36,js/command-palette.js,ok
club.html,src,js/page-polish-v7-22.js?v=7.36,js/page-polish-v7-22.js,ok
club.html,src,js/logo-display-v7-23-6.js?v=7.36,js/logo-display-v7-23-6.js,ok
clubs.html,href,https://fonts.googleapis.com,,external_or_protocol
clubs.html,href,https://fonts.gstatic.com,,external_or_protocol
clubs.html,href,https://fonts.googleapis.com/css2?family=Inter:wght@400;600;700;800;900&display=swap,,external_or_protocol
clubs.html,href,css/styles.css?v=7.36,css/styles.css,ok
clubs.html,href,css/command-palette.css?v=7.36,css/command-palette.css,ok
clubs.html,href,css/homepage-v8.css?v=7.36,css/homepage-v8.css,ok
clubs.html,href,css/club-intelligence-v7-6.css?v=7.36,css/club-intelligence-v7-6.css,ok
clubs.html,href,css/page-polish-v7-22.css?v=7.36,css/page-polish-v7-22.css,ok
clubs.html,href,css/page-simplification-v7-24.css?v=7.36,css/page-simplification-v7-24.css,ok
clubs.html,href,css/club-directory-v7-26.css?v=7.36,css/club-directory-v7-26.css,ok
clubs.html,href,index.html,index.html,ok
clubs.html,href,index.html,index.html,ok
clubs.html,href,rankings.html,rankings.html,ok
clubs.html,href,clubs.html,clubs.html,ok
clubs.html,href,tournaments.html,tournaments.html,ok
clubs.html,href,stories.html,stories.html,ok
clubs.html,href,methodology.html,methodology.html,ok
clubs.html,href,#club-directory,clubs.html#club-directory,ok_hash
clubs.html,href,rankings.html,rankings.html,ok
clubs.html,href,index.html,index.html,ok
clubs.html,href,rankings.html,rankings.html,ok
clubs.html,href,clubs.html,clubs.html,ok
clubs.html,href,tournaments.html,tournaments.html,ok
clubs.html,href,methodology.html,methodology.html,ok
clubs.html,href,12u-boys.html,12u-boys.html,ok
clubs.html,href,12u-girls.html,12u-girls.html,ok
clubs.html,href,14u-boys.html,14u-boys.html,ok
clubs.html,href,14u-girls.html,14u-girls.html,ok
clubs.html,href,16u-boys.html,16u-boys.html,ok
clubs.html,href,16u-girls.html,16u-girls.html,ok
clubs.html,href,18u-boys.html,18u-boys.html,ok
clubs.html,href,18u-girls.html,18u-girls.html,ok
clubs.html,href,methodology.html,methodology.html,ok
clubs.html,src,data.js?v=7.30.2,data.js,ok
clubs.html,src,js/club-intelligence-v7-26.js?v=7.36,js/club-intelligence-v7-26.js,ok
clubs.html,src,js/command-palette.js?v=7.36,js/command-palette.js,ok
clubs.html,src,js/page-polish-v7-22.js?v=7.36,js/page-polish-v7-22.js,ok
clubs.html,src,js/logo-display-v7-23-6.js?v=7.36,js/logo-display-v7-23-6.js,ok
engine-test.html,src,js/logo-display-v7-23-6.js?v=7.36,js/logo-display-v7-23-6.js,ok
index.html,href,https://fonts.googleapis.com,,external_or_protocol
index.html,href,https://fonts.gstatic.com,,external_or_protocol
index.html,href,https://fonts.googleapis.com/css2?family=Inter:wght@400;600;700;800;900&display=swap,,external_or_protocol
index.html,href,css/styles.css?v=7.36,css/styles.css,ok
index.html,href,css/command-palette.css?v=7.36,css/command-palette.css,ok
index.html,href,css/homepage-v8.css?v=7.36,css/homepage-v8.css,ok
index.html,href,css/page-polish-v7-22.css?v=7.36,css/page-polish-v7-22.css,ok
index.html,href,css/page-simplification-v7-24.css?v=7.36,css/page-simplification-v7-24.css,ok
index.html,href,css/link-actions-v7-35.css?v=7.36,css/link-actions-v7-35.css,ok
index.html,href,index.html,index.html,ok
index.html,href,index.html,index.html,ok
index.html,href,rankings.html,rankings.html,ok
index.html,href,clubs.html,clubs.html,ok
index.html,href,tournaments.html,tournaments.html,ok
index.html,href,stories.html,stories.html,ok
index.html,href,methodology.html,methodology.html,ok
index.html,href,rankings.html,rankings.html,ok
index.html,href,methodology.html,methodology.html,ok
index.html,href,clubs.html,clubs.html,ok
index.html,href,rankings.html?group=14u-girls,rankings.html,ok
index.html,href,methodology.html,methodology.html,ok
index.html,href,tournaments.html,tournaments.html,ok
index.html,href,stories.html,stories.html,ok
index.html,href,stories/quicksilver-cup-2026.html,stories/quicksilver-cup-2026.html,ok
index.html,href,stories/quiksilver-alias-review.html,stories/quiksilver-alias-review.html,ok
index.html,href,tournaments.html,tournaments.html,ok
index.html,href,rankings.html?group=12u-boys,rankings.html,ok
index.html,href,rankings.html?group=12u-boys,rankings.html,ok
index.html,href,rankings.html?group=12u-girls,rankings.html,ok
index.html,href,rankings.html?group=14u-boys,rankings.html,ok
index.html,href,rankings.html?group=14u-girls,rankings.html,ok
index.html,href,rankings.html?group=16u-boys,rankings.html,ok
index.html,href,rankings.html?group=16u-girls,rankings.html,ok
index.html,href,rankings.html?group=18u-boys,rankings.html,ok
index.html,href,rankings.html?group=18u-girls,rankings.html,ok
index.html,href,rankings.html?group=12u-boys,rankings.html,ok
index.html,href,rankings.html,rankings.html,ok
index.html,href,rankings.html?group=14u-boys,rankings.html,ok
index.html,href,rankings.html?group=16u-boys,rankings.html,ok
index.html,href,rankings.html?group=14u-girls,rankings.html,ok
index.html,href,rankings.html?group=12u-boys,rankings.html,ok
index.html,href,rankings.html?group=16u-girls,rankings.html,ok
index.html,href,rankings.html?group=12u-boys,rankings.html,ok
index.html,href,clubs.html,clubs.html,ok
index.html,href,club.html?club=skip,club.html,ok
index.html,href,club.html?club=rancho-tsunami,club.html,ok
index.html,href,club.html?club=devils-gate,club.html,ok
index.html,href,club.html?club=norcal,club.html,ok
index.html,href,club.html?club=vegas-renegades,club.html,ok
index.html,href,clubs.html,clubs.html,ok
index.html,href,methodology.html,methodology.html,ok
index.html,href,methodology.html,methodology.html,ok
index.html,href,index.html,index.html,ok
index.html,href,rankings.html,rankings.html,ok
index.html,href,clubs.html,clubs.html,ok
index.html,href,tournaments.html,tournaments.html,ok
index.html,href,stories.html,stories.html,ok
index.html,href,methodology.html,methodology.html,ok
index.html,href,subscribe.html,subscribe.html,ok
index.html,href,12u-boys.html,12u-boys.html,ok
index.html,href,12u-girls.html,12u-girls.html,ok
index.html,href,14u-boys.html,14u-boys.html,ok
index.html,href,14u-girls.html,14u-girls.html,ok
index.html,href,16u-boys.html,16u-boys.html,ok
index.html,href,16u-girls.html,16u-girls.html,ok
index.html,href,18u-boys.html,18u-boys.html,ok
index.html,href,18u-girls.html,18u-girls.html,ok
index.html,href,methodology.html,methodology.html,ok
index.html,src,assets/cpi-logo-fallback.svg,assets/cpi-logo-fallback.svg,ok
index.html,src,assets/logos/canonical/mission.webp,assets/logos/canonical/mission.webp,ok
index.html,src,assets/logos/canonical/norcal.webp,assets/logos/canonical/norcal.webp,ok
index.html,src,data.js?v=7.30.2,data.js,ok
index.html,src,js/app.js?v=7.36,js/app.js,ok
index.html,src,js/command-palette.js?v=7.36,js/command-palette.js,ok
index.html,src,js/homepage-v8.js?v=7.36,js/homepage-v8.js,ok
index.html,src,js/page-polish-v7-22.js?v=7.36,js/page-polish-v7-22.js,ok
index.html,src,js/logo-display-v7-23-6.js?v=7.36,js/logo-display-v7-23-6.js,ok
index.html,src,js/public-actions-v7-35.js?v=7.36,js/public-actions-v7-35.js,ok
index.html,action,rankings.html,rankings.html,ok
index.html,action,subscribe.html,subscribe.html,ok
launch-checklist.html,href,styles.css?v=7.23.6,styles.css,ok
launch-checklist.html,href,index.html,index.html,ok
launch-checklist.html,src,js/logo-display-v7-23-6.js?v=7.36,js/logo-display-v7-23-6.js,ok
methodology.html,href,https://fonts.googleapis.com,,external_or_protocol
methodology.html,href,https://fonts.gstatic.com,,external_or_protocol
methodology.html,href,https://fonts.googleapis.com/css2?family=Inter:wght@400;600;700;800;900&display=swap,,external_or_protocol
methodology.html,href,css/styles.css?v=7.36,css/styles.css,ok
methodology.html,href,css/command-palette.css?v=7.36,css/command-palette.css,ok
methodology.html,href,css/homepage-v8.css?v=7.36,css/homepage-v8.css,ok
methodology.html,href,css/page-polish-v7-22.css?v=7.36,css/page-polish-v7-22.css,ok
methodology.html,href,css/public-readiness-v7-36.css?v=7.36,css/public-readiness-v7-36.css,ok
methodology.html,href,index.html,index.html,ok
methodology.html,href,index.html,index.html,ok
methodology.html,href,rankings.html,rankings.html,ok
methodology.html,href,clubs.html,clubs.html,ok
methodology.html,href,tournaments.html,tournaments.html,ok
methodology.html,href,stories.html,stories.html,ok
methodology.html,href,methodology.html,methodology.html,ok
methodology.html,href,rankings.html,rankings.html,ok
methodology.html,href,tournaments.html,tournaments.html,ok
methodology.html,href,index.html,index.html,ok
methodology.html,href,rankings.html,rankings.html,ok
methodology.html,href,clubs.html,clubs.html,ok
methodology.html,href,tournaments.html,tournaments.html,ok
methodology.html,href,stories.html,stories.html,ok
methodology.html,href,methodology.html,methodology.html,ok
methodology.html,href,subscribe.html,subscribe.html,ok
methodology.html,href,12u-boys.html,12u-boys.html,ok
methodology.html,href,12u-girls.html,12u-girls.html,ok
methodology.html,href,14u-boys.html,14u-boys.html,ok
methodology.html,href,14u-girls.html,14u-girls.html,ok
methodology.html,href,16u-boys.html,16u-boys.html,ok
methodology.html,href,16u-girls.html,16u-girls.html,ok
methodology.html,href,18u-boys.html,18u-boys.html,ok
methodology.html,href,18u-girls.html,18u-girls.html,ok
methodology.html,href,methodology.html,methodology.html,ok
methodology.html,src,data.js?v=7.30.2,data.js,ok
methodology.html,src,js/command-palette.js?v=7.36,js/command-palette.js,ok
methodology.html,src,js/page-polish-v7-22.js?v=7.36,js/page-polish-v7-22.js,ok
methodology.html,src,js/logo-display-v7-23-6.js?v=7.36,js/logo-display-v7-23-6.js,ok
qa/cpi-evidence-report.html,src,../js/logo-display-v7-23-6.js?v=7.36,js/logo-display-v7-23-6.js,ok
qa/cpi-ranking-path-report.html,src,../js/logo-display-v7-23-6.js?v=7.36,js/logo-display-v7-23-6.js,ok
qa/cpire-explainability-report.html,src,../js/logo-display-v7-23-6.js?v=7.36,js/logo-display-v7-23-6.js,ok
qa/master-team-dictionary-report.html,src,../js/logo-display-v7-23-6.js?v=7.36,js/logo-display-v7-23-6.js,ok
qa/parser-intelligence-report.html,src,../js/logo-display-v7-23-6.js?v=7.36,js/logo-display-v7-23-6.js,ok
qa/parser-qa-cleanup-report.html,src,../js/logo-display-v7-23-6.js?v=7.36,js/logo-display-v7-23-6.js,ok
qa/parser-v2-test-report.html,src,../js/logo-display-v7-23-6.js?v=7.36,js/logo-display-v7-23-6.js,ok
qa/parser-v3-report.html,src,../js/logo-display-v7-23-6.js?v=7.36,js/logo-display-v7-23-6.js,ok
qa/relationship-resolver-report.html,src,../js/logo-display-v7-23-6.js?v=7.36,js/logo-display-v7-23-6.js,ok
qa/team-identity-report.html,src,../js/logo-display-v7-23-6.js?v=7.36,js/logo-display-v7-23-6.js,ok
qa/team-registry-report.html,src,../js/logo-display-v7-23-6.js?v=7.36,js/logo-display-v7-23-6.js,ok
qa/tournament-import-normalizer-report.html,src,../js/logo-display-v7-23-6.js?v=7.36,js/logo-display-v7-23-6.js,ok
qa/tournament-path-score-report.html,src,../js/logo-display-v7-23-6.js?v=7.36,js/logo-display-v7-23-6.js,ok
quicksilver-cup-2026.html,href,stories/quicksilver-cup-2026.html,stories/quicksilver-cup-2026.html,ok
quicksilver-cup-2026.html,href,stories/quicksilver-cup-2026.html,stories/quicksilver-cup-2026.html,ok
rankings-qa.html,href,css/page-polish-v7-22.css?v=7.36,css/page-polish-v7-22.css,ok
rankings-qa.html,href,css/data-qa-dashboard-v7-33.css?v=7.36,css/data-qa-dashboard-v7-33.css,ok
rankings-qa.html,href,index.html,index.html,ok
rankings-qa.html,href,index.html,index.html,ok
rankings-qa.html,href,rankings.html,rankings.html,ok
rankings-qa.html,href,clubs.html,clubs.html,ok
rankings-qa.html,href,stories.html,stories.html,ok
rankings-qa.html,href,data/qa/team-alias-fixes-template-7-31.csv?v=7.36,data/qa/team-alias-fixes-template-7-31.csv,ok
rankings-qa.html,href,data/qa/team-alias-age-group-audit-7-31.csv?v=7.36,data/qa/team-alias-age-group-audit-7-31.csv,ok
rankings-qa.html,href,data/qa/team-depth-review-7-31.csv?v=7.36,data/qa/team-depth-review-7-31.csv,ok
rankings-qa.html,href,data/qa/quiksilver-evidence-review-7-31.csv?v=7.36,data/qa/quiksilver-evidence-review-7-31.csv,ok
rankings-qa.html,href,data/qa/missing-official-logo-review-7-31.csv?v=7.36,data/qa/missing-official-logo-review-7-31.csv,ok
rankings-qa.html,href,data/qa/club-identity-consistency-review-7-31.csv?v=7.36,data/qa/club-identity-consistency-review-7-31.csv,ok
rankings-qa.html,href,data/qa/data-qa-dashboard-summary-7-33.json?v=7.36,data/qa/data-qa-dashboard-summary-7-33.json,ok
rankings-qa.html,src,js/data-qa-dashboard-v7-33.js?v=7.36,js/data-qa-dashboard-v7-33.js,ok
rankings-qa.html,src,js/logo-display-v7-23-6.js?v=7.36,js/logo-display-v7-23-6.js,ok
rankings.html,href,https://fonts.googleapis.com,,external_or_protocol
rankings.html,href,https://fonts.gstatic.com,,external_or_protocol
rankings.html,href,https://fonts.googleapis.com/css2?family=Inter:wght@400;600;700;800;900&display=swap,,external_or_protocol
rankings.html,href,css/styles.css?v=7.36,css/styles.css,ok
rankings.html,href,css/command-palette.css?v=7.36,css/command-palette.css,ok
rankings.html,href,css/homepage-v8.css?v=7.36,css/homepage-v8.css,ok
rankings.html,href,css/rankings-v7-3.css?v=7.36,css/rankings-v7-3.css,ok
rankings.html,href,css/page-polish-v7-22.css?v=7.36,css/page-polish-v7-22.css,ok
rankings.html,href,css/page-simplification-v7-24.css?v=7.36,css/page-simplification-v7-24.css,ok
rankings.html,href,css/rankings-polish-v7-27.css?v=7.36,css/rankings-polish-v7-27.css,ok
rankings.html,href,index.html,index.html,ok
rankings.html,href,index.html,index.html,ok
rankings.html,href,rankings.html,rankings.html,ok
rankings.html,href,clubs.html,clubs.html,ok
rankings.html,href,tournaments.html,tournaments.html,ok
rankings.html,href,stories.html,stories.html,ok
rankings.html,href,methodology.html,methodology.html,ok
rankings.html,href,index.html,index.html,ok
rankings.html,href,rankings.html,rankings.html,ok
rankings.html,href,clubs.html,clubs.html,ok
rankings.html,href,tournaments.html,tournaments.html,ok
rankings.html,href,methodology.html,methodology.html,ok
rankings.html,href,12u-boys.html,12u-boys.html,ok
rankings.html,href,12u-girls.html,12u-girls.html,ok
rankings.html,href,14u-boys.html,14u-boys.html,ok
rankings.html,href,14u-girls.html,14u-girls.html,ok
rankings.html,href,16u-boys.html,16u-boys.html,ok
rankings.html,href,16u-girls.html,16u-girls.html,ok
rankings.html,href,18u-boys.html,18u-boys.html,ok
rankings.html,href,18u-girls.html,18u-girls.html,ok
rankings.html,href,methodology.html,methodology.html,ok
rankings.html,src,data.js?v=7.30.2,data.js,ok
rankings.html,src,js/rankings-v7-27.js?v=7.36,js/rankings-v7-27.js,ok
rankings.html,src,js/command-palette.js?v=7.36,js/command-palette.js,ok
rankings.html,src,js/page-polish-v7-22.js?v=7.36,js/page-polish-v7-22.js,ok
rankings.html,src,js/logo-display-v7-23-6.js?v=7.36,js/logo-display-v7-23-6.js,ok
site-qa.html,href,https://fonts.googleapis.com,,external_or_protocol
site-qa.html,href,https://fonts.gstatic.com,,external_or_protocol
site-qa.html,href,https://fonts.googleapis.com/css2?family=Inter:wght@400;600;700;800;900&display=swap,,external_or_protocol
site-qa.html,href,css/styles.css?v=7.36,css/styles.css,ok
site-qa.html,href,css/command-palette.css?v=7.36,css/command-palette.css,ok
site-qa.html,href,css/homepage-v8.css?v=7.36,css/homepage-v8.css,ok
site-qa.html,href,css/page-polish-v7-22.css?v=7.36,css/page-polish-v7-22.css,ok
site-qa.html,href,css/page-simplification-v7-24.css?v=7.36,css/page-simplification-v7-24.css,ok
site-qa.html,href,css/stories-v7-28.css?v=7.36,css/stories-v7-28.css,ok
site-qa.html,href,css/link-actions-v7-35.css?v=7.36,css/link-actions-v7-35.css,ok
site-qa.html,href,css/public-readiness-v7-36.css?v=7.36,css/public-readiness-v7-36.css,ok
site-qa.html,href,index.html,index.html,ok
site-qa.html,href,index.html,index.html,ok
site-qa.html,href,rankings.html,rankings.html,ok
site-qa.html,href,clubs.html,clubs.html,ok
site-qa.html,href,tournaments.html,tournaments.html,ok
site-qa.html,href,stories.html,stories.html,ok
site-qa.html,href,methodology.html,methodology.html,ok
site-qa.html,href,data/qa/site-link-audit-7-36.csv,data/qa/site-link-audit-7-36.csv,ok
site-qa.html,href,data/qa/site-link-fixes-template-7-36.csv,data/qa/site-link-fixes-template-7-36.csv,ok
site-qa.html,href,data/qa/public-readiness-checklist-7-36.csv,data/qa/public-readiness-checklist-7-36.csv,ok
site-qa.html,href,subscribe.html,subscribe.html,ok
site-qa.html,href,stories.html,stories.html,ok
site-qa.html,href,rankings-qa.html,rankings-qa.html,ok
site-qa.html,href,index.html,index.html,ok
site-qa.html,href,rankings.html,rankings.html,ok
site-qa.html,href,clubs.html,clubs.html,ok
site-qa.html,href,tournaments.html,tournaments.html,ok
site-qa.html,href,stories.html,stories.html,ok
site-qa.html,href,methodology.html,methodology.html,ok
site-qa.html,href,subscribe.html,subscribe.html,ok
site-qa.html,href,12u-boys.html,12u-boys.html,ok
site-qa.html,href,12u-girls.html,12u-girls.html,ok
site-qa.html,href,14u-boys.html,14u-boys.html,ok
site-qa.html,href,14u-girls.html,14u-girls.html,ok
site-qa.html,href,16u-boys.html,16u-boys.html,ok
site-qa.html,href,16u-girls.html,16u-girls.html,ok
site-qa.html,href,18u-boys.html,18u-boys.html,ok
site-qa.html,href,18u-girls.html,18u-girls.html,ok
site-qa.html,href,methodology.html,methodology.html,ok
site-qa.html,src,data.js?v=7.36,data.js,ok
site-qa.html,src,js/command-palette.js?v=7.36,js/command-palette.js,ok
site-qa.html,src,js/logo-display-v7-23-6.js?v=7.36,js/logo-display-v7-23-6.js,ok
site-qa.html,src,js/public-actions-v7-35.js?v=7.36,js/public-actions-v7-35.js,ok
stories/12u-boys-team-depth-guardrails.html,href,https://fonts.googleapis.com,,external_or_protocol
stories/12u-boys-team-depth-guardrails.html,href,https://fonts.gstatic.com,,external_or_protocol
stories/12u-boys-team-depth-guardrails.html,href,https://fonts.googleapis.com/css2?family=Inter:wght@400;600;700;800;900&display=swap,,external_or_protocol
stories/12u-boys-team-depth-guardrails.html,href,../css/styles.css?v=7.28,css/styles.css,ok
stories/12u-boys-team-depth-guardrails.html,href,../css/command-palette.css?v=7.28,css/command-palette.css,ok
stories/12u-boys-team-depth-guardrails.html,href,../css/homepage-v8.css?v=7.28,css/homepage-v8.css,ok
stories/12u-boys-team-depth-guardrails.html,href,../css/page-polish-v7-22.css?v=7.28,css/page-polish-v7-22.css,ok
stories/12u-boys-team-depth-guardrails.html,href,../css/page-simplification-v7-24.css?v=7.28,css/page-simplification-v7-24.css,ok
stories/12u-boys-team-depth-guardrails.html,href,../css/stories-v7-28.css?v=7.28,css/stories-v7-28.css,ok
stories/12u-boys-team-depth-guardrails.html,href,../index.html,index.html,ok
stories/12u-boys-team-depth-guardrails.html,href,../index.html,index.html,ok
stories/12u-boys-team-depth-guardrails.html,href,../rankings.html,rankings.html,ok
stories/12u-boys-team-depth-guardrails.html,href,../clubs.html,clubs.html,ok
stories/12u-boys-team-depth-guardrails.html,href,../tournaments.html,tournaments.html,ok
stories/12u-boys-team-depth-guardrails.html,href,../methodology.html,methodology.html,ok
stories/12u-boys-team-depth-guardrails.html,href,../stories.html,stories.html,ok
stories/12u-boys-team-depth-guardrails.html,href,../rankings.html,rankings.html,ok
stories/12u-boys-team-depth-guardrails.html,href,../clubs.html,clubs.html,ok
stories/12u-boys-team-depth-guardrails.html,href,../methodology.html,methodology.html,ok
stories/12u-boys-team-depth-guardrails.html,href,../stories/pre-jo-rankings-context.html,stories/pre-jo-rankings-context.html,ok
stories/12u-boys-team-depth-guardrails.html,href,../stories/14u-girls-event-context.html,stories/14u-girls-event-context.html,ok
stories/12u-boys-team-depth-guardrails.html,href,../stories/club-footprint-notes.html,stories/club-footprint-notes.html,ok
stories/12u-boys-team-depth-guardrails.html,src,../assets/logos/canonical/mission.webp,assets/logos/canonical/mission.webp,ok
stories/12u-boys-team-depth-guardrails.html,src,../data.js?v=7.28,data.js,ok
stories/12u-boys-team-depth-guardrails.html,src,../js/command-palette.js?v=7.28,js/command-palette.js,ok
stories/12u-boys-team-depth-guardrails.html,src,../js/logo-display-v7-23-6.js?v=7.28,js/logo-display-v7-23-6.js,ok
stories/14u-girls-event-context.html,href,https://fonts.googleapis.com,,external_or_protocol
stories/14u-girls-event-context.html,href,https://fonts.gstatic.com,,external_or_protocol
stories/14u-girls-event-context.html,href,https://fonts.googleapis.com/css2?family=Inter:wght@400;600;700;800;900&display=swap,,external_or_protocol
stories/14u-girls-event-context.html,href,../css/styles.css?v=7.28,css/styles.css,ok
stories/14u-girls-event-context.html,href,../css/command-palette.css?v=7.28,css/command-palette.css,ok
stories/14u-girls-event-context.html,href,../css/homepage-v8.css?v=7.28,css/homepage-v8.css,ok
stories/14u-girls-event-context.html,href,../css/page-polish-v7-22.css?v=7.28,css/page-polish-v7-22.css,ok
stories/14u-girls-event-context.html,href,../css/page-simplification-v7-24.css?v=7.28,css/page-simplification-v7-24.css,ok
stories/14u-girls-event-context.html,href,../css/stories-v7-28.css?v=7.28,css/stories-v7-28.css,ok
stories/14u-girls-event-context.html,href,../index.html,index.html,ok
stories/14u-girls-event-context.html,href,../index.html,index.html,ok
stories/14u-girls-event-context.html,href,../rankings.html,rankings.html,ok
stories/14u-girls-event-context.html,href,../clubs.html,clubs.html,ok
stories/14u-girls-event-context.html,href,../tournaments.html,tournaments.html,ok
stories/14u-girls-event-context.html,href,../methodology.html,methodology.html,ok
stories/14u-girls-event-context.html,href,../stories.html,stories.html,ok
stories/14u-girls-event-context.html,href,../rankings.html,rankings.html,ok
stories/14u-girls-event-context.html,href,../clubs.html,clubs.html,ok
stories/14u-girls-event-context.html,href,../methodology.html,methodology.html,ok
stories/14u-girls-event-context.html,href,../stories/pre-jo-rankings-context.html,stories/pre-jo-rankings-context.html,ok
stories/14u-girls-event-context.html,href,../stories/club-footprint-notes.html,stories/club-footprint-notes.html,ok
stories/14u-girls-event-context.html,href,../stories/12u-boys-team-depth-guardrails.html,stories/12u-boys-team-depth-guardrails.html,ok
stories/14u-girls-event-context.html,src,../assets/logos/canonical/patriot.webp,assets/logos/canonical/patriot.webp,ok
stories/14u-girls-event-context.html,src,../data.js?v=7.28,data.js,ok
stories/14u-girls-event-context.html,src,../js/command-palette.js?v=7.28,js/command-palette.js,ok
stories/14u-girls-event-context.html,src,../js/logo-display-v7-23-6.js?v=7.28,js/logo-display-v7-23-6.js,ok
stories/club-footprint-notes.html,href,https://fonts.googleapis.com,,external_or_protocol
stories/club-footprint-notes.html,href,https://fonts.gstatic.com,,external_or_protocol
stories/club-footprint-notes.html,href,https://fonts.googleapis.com/css2?family=Inter:wght@400;600;700;800;900&display=swap,,external_or_protocol
stories/club-footprint-notes.html,href,../css/styles.css?v=7.28,css/styles.css,ok
stories/club-footprint-notes.html,href,../css/command-palette.css?v=7.28,css/command-palette.css,ok
stories/club-footprint-notes.html,href,../css/homepage-v8.css?v=7.28,css/homepage-v8.css,ok
stories/club-footprint-notes.html,href,../css/page-polish-v7-22.css?v=7.28,css/page-polish-v7-22.css,ok
stories/club-footprint-notes.html,href,../css/page-simplification-v7-24.css?v=7.28,css/page-simplification-v7-24.css,ok
stories/club-footprint-notes.html,href,../css/stories-v7-28.css?v=7.28,css/stories-v7-28.css,ok
stories/club-footprint-notes.html,href,../index.html,index.html,ok
stories/club-footprint-notes.html,href,../index.html,index.html,ok
stories/club-footprint-notes.html,href,../rankings.html,rankings.html,ok
stories/club-footprint-notes.html,href,../clubs.html,clubs.html,ok
stories/club-footprint-notes.html,href,../tournaments.html,tournaments.html,ok
stories/club-footprint-notes.html,href,../methodology.html,methodology.html,ok
stories/club-footprint-notes.html,href,../stories.html,stories.html,ok
stories/club-footprint-notes.html,href,../rankings.html,rankings.html,ok
stories/club-footprint-notes.html,href,../clubs.html,clubs.html,ok
stories/club-footprint-notes.html,href,../methodology.html,methodology.html,ok
stories/club-footprint-notes.html,href,../stories/pre-jo-rankings-context.html,stories/pre-jo-rankings-context.html,ok
stories/club-footprint-notes.html,href,../stories/14u-girls-event-context.html,stories/14u-girls-event-context.html,ok
stories/club-footprint-notes.html,href,../stories/12u-boys-team-depth-guardrails.html,stories/12u-boys-team-depth-guardrails.html,ok
stories/club-footprint-notes.html,src,../assets/logos/canonical/lamorinda.webp,assets/logos/canonical/lamorinda.webp,ok
stories/club-footprint-notes.html,src,../data.js?v=7.28,data.js,ok
stories/club-footprint-notes.html,src,../js/command-palette.js?v=7.28,js/command-palette.js,ok
stories/club-footprint-notes.html,src,../js/logo-display-v7-23-6.js?v=7.28,js/logo-display-v7-23-6.js,ok
stories/pre-jo-rankings-context.html,href,https://fonts.googleapis.com,,external_or_protocol
stories/pre-jo-rankings-context.html,href,https://fonts.gstatic.com,,external_or_protocol
stories/pre-jo-rankings-context.html,href,https://fonts.googleapis.com/css2?family=Inter:wght@400;600;700;800;900&display=swap,,external_or_protocol
stories/pre-jo-rankings-context.html,href,../css/styles.css?v=7.28,css/styles.css,ok
stories/pre-jo-rankings-context.html,href,../css/command-palette.css?v=7.28,css/command-palette.css,ok
stories/pre-jo-rankings-context.html,href,../css/homepage-v8.css?v=7.28,css/homepage-v8.css,ok
stories/pre-jo-rankings-context.html,href,../css/page-polish-v7-22.css?v=7.28,css/page-polish-v7-22.css,ok
stories/pre-jo-rankings-context.html,href,../css/page-simplification-v7-24.css?v=7.28,css/page-simplification-v7-24.css,ok
stories/pre-jo-rankings-context.html,href,../css/stories-v7-28.css?v=7.28,css/stories-v7-28.css,ok
stories/pre-jo-rankings-context.html,href,../index.html,index.html,ok
stories/pre-jo-rankings-context.html,href,../index.html,index.html,ok
stories/pre-jo-rankings-context.html,href,../rankings.html,rankings.html,ok
stories/pre-jo-rankings-context.html,href,../clubs.html,clubs.html,ok
stories/pre-jo-rankings-context.html,href,../tournaments.html,tournaments.html,ok
stories/pre-jo-rankings-context.html,href,../methodology.html,methodology.html,ok
stories/pre-jo-rankings-context.html,href,../stories.html,stories.html,ok
stories/pre-jo-rankings-context.html,href,../rankings.html,rankings.html,ok
stories/pre-jo-rankings-context.html,href,../clubs.html,clubs.html,ok
stories/pre-jo-rankings-context.html,href,../methodology.html,methodology.html,ok
stories/pre-jo-rankings-context.html,href,../stories/14u-girls-event-context.html,stories/14u-girls-event-context.html,ok
stories/pre-jo-rankings-context.html,href,../stories/club-footprint-notes.html,stories/club-footprint-notes.html,ok
stories/pre-jo-rankings-context.html,href,../stories/12u-boys-team-depth-guardrails.html,stories/12u-boys-team-depth-guardrails.html,ok
stories/pre-jo-rankings-context.html,src,../assets/cpi-logo-fallback.svg,assets/cpi-logo-fallback.svg,ok
stories/pre-jo-rankings-context.html,src,../data.js?v=7.28,data.js,ok
stories/pre-jo-rankings-context.html,src,../js/command-palette.js?v=7.28,js/command-palette.js,ok
stories/pre-jo-rankings-context.html,src,../js/logo-display-v7-23-6.js?v=7.28,js/logo-display-v7-23-6.js,ok
stories/quicksilver-cup-2026.html,href,https://fonts.googleapis.com,,external_or_protocol
stories/quicksilver-cup-2026.html,href,https://fonts.gstatic.com,,external_or_protocol
stories/quicksilver-cup-2026.html,href,https://fonts.googleapis.com/css2?family=Inter:wght@400;600;700;800;900&display=swap,,external_or_protocol
stories/quicksilver-cup-2026.html,href,../css/styles.css?v=7.30.2,css/styles.css,ok
stories/quicksilver-cup-2026.html,href,../css/command-palette.css?v=7.30.2,css/command-palette.css,ok
stories/quicksilver-cup-2026.html,href,../css/homepage-v8.css?v=7.30.2,css/homepage-v8.css,ok
stories/quicksilver-cup-2026.html,href,../css/page-polish-v7-22.css?v=7.30.2,css/page-polish-v7-22.css,ok
stories/quicksilver-cup-2026.html,href,../css/stories-v7-28.css?v=7.30.2,css/stories-v7-28.css,ok
stories/quicksilver-cup-2026.html,href,../index.html,index.html,ok
stories/quicksilver-cup-2026.html,href,../index.html,index.html,ok
stories/quicksilver-cup-2026.html,href,../rankings.html,rankings.html,ok
stories/quicksilver-cup-2026.html,href,../clubs.html,clubs.html,ok
stories/quicksilver-cup-2026.html,href,../tournaments.html,tournaments.html,ok
stories/quicksilver-cup-2026.html,href,../stories.html,stories.html,ok
stories/quicksilver-cup-2026.html,href,../data/qa/quiksilver-cup-2026-ranking-adjustments-7-30-v2.csv,data/qa/quiksilver-cup-2026-ranking-adjustments-7-30-v2.csv,ok
stories/quicksilver-cup-2026.html,href,../rankings.html,rankings.html,ok
stories/quicksilver-cup-2026.html,src,../assets/cpi-logo-fallback.svg,assets/cpi-logo-fallback.svg,ok
stories/quicksilver-cup-2026.html,src,../data.js?v=7.30.2,data.js,ok
stories/quicksilver-cup-2026.html,src,../js/logo-display-v7-23-6.js?v=7.30.2,js/logo-display-v7-23-6.js,ok
stories/quicksilver-cup-2026.html,src,../js/command-palette.js?v=7.30.2,js/command-palette.js,ok
stories/quiksilver-alias-review.html,href,https://fonts.googleapis.com,,external_or_protocol
stories/quiksilver-alias-review.html,href,https://fonts.gstatic.com,,external_or_protocol
stories/quiksilver-alias-review.html,href,https://fonts.googleapis.com/css2?family=Inter:wght@400;600;700;800;900&display=swap,,external_or_protocol
stories/quiksilver-alias-review.html,href,../css/styles.css?v=7.35,css/styles.css,ok
stories/quiksilver-alias-review.html,href,../css/command-palette.css?v=7.35,css/command-palette.css,ok
stories/quiksilver-alias-review.html,href,../css/homepage-v8.css?v=7.35,css/homepage-v8.css,ok
stories/quiksilver-alias-review.html,href,../css/page-polish-v7-22.css?v=7.35,css/page-polish-v7-22.css,ok
stories/quiksilver-alias-review.html,href,../css/page-simplification-v7-24.css?v=7.35,css/page-simplification-v7-24.css,ok
stories/quiksilver-alias-review.html,href,../css/stories-v7-28.css?v=7.35,css/stories-v7-28.css,ok
stories/quiksilver-alias-review.html,href,../css/link-actions-v7-35.css?v=7.35,css/link-actions-v7-35.css,ok
stories/quiksilver-alias-review.html,href,../index.html,index.html,ok
stories/quiksilver-alias-review.html,href,../index.html,index.html,ok
stories/quiksilver-alias-review.html,href,../rankings.html,rankings.html,ok
stories/quiksilver-alias-review.html,href,../clubs.html,clubs.html,ok
stories/quiksilver-alias-review.html,href,../tournaments.html,tournaments.html,ok
stories/quiksilver-alias-review.html,href,../stories.html,stories.html,ok
stories/quiksilver-alias-review.html,href,../methodology.html,methodology.html,ok
stories/quiksilver-alias-review.html,href,../stories.html,stories.html,ok
stories/quiksilver-alias-review.html,href,../data/qa/quiksilver-cup-2026-alias-resolution.csv,data/qa/quiksilver-cup-2026-alias-resolution.csv,ok
stories/quiksilver-alias-review.html,href,../stories/quicksilver-cup-2026.html,stories/quicksilver-cup-2026.html,ok
stories/quiksilver-alias-review.html,href,../index.html,index.html,ok
stories/quiksilver-alias-review.html,href,../rankings.html,rankings.html,ok
stories/quiksilver-alias-review.html,href,../clubs.html,clubs.html,ok
stories/quiksilver-alias-review.html,href,../tournaments.html,tournaments.html,ok
stories/quiksilver-alias-review.html,href,../stories.html,stories.html,ok
stories/quiksilver-alias-review.html,href,../methodology.html,methodology.html,ok
stories/quiksilver-alias-review.html,href,../subscribe.html,subscribe.html,ok
stories/quiksilver-alias-review.html,href,../12u-boys.html,12u-boys.html,ok
stories/quiksilver-alias-review.html,href,../12u-girls.html,12u-girls.html,ok
stories/quiksilver-alias-review.html,href,../14u-boys.html,14u-boys.html,ok
stories/quiksilver-alias-review.html,href,../14u-girls.html,14u-girls.html,ok
stories/quiksilver-alias-review.html,href,../16u-boys.html,16u-boys.html,ok
stories/quiksilver-alias-review.html,href,../16u-girls.html,16u-girls.html,ok
stories/quiksilver-alias-review.html,href,../18u-boys.html,18u-boys.html,ok
stories/quiksilver-alias-review.html,href,../18u-girls.html,18u-girls.html,ok
stories/quiksilver-alias-review.html,href,../methodology.html,methodology.html,ok
stories/quiksilver-alias-review.html,src,../assets/logos/canonical/mission.webp,assets/logos/canonical/mission.webp,ok
stories/quiksilver-alias-review.html,src,../data.js?v=7.35,data.js,ok
stories/quiksilver-alias-review.html,src,../js/command-palette.js?v=7.35,js/command-palette.js,ok
stories/quiksilver-alias-review.html,src,../js/logo-display-v7-23-6.js?v=7.35,js/logo-display-v7-23-6.js,ok
stories/quiksilver-alias-review.html,src,../js/public-actions-v7-35.js?v=7.35,js/public-actions-v7-35.js,ok
stories/quiksilver-ranking-audit.html,href,https://fonts.googleapis.com,,external_or_protocol
stories/quiksilver-ranking-audit.html,href,https://fonts.gstatic.com,,external_or_protocol
stories/quiksilver-ranking-audit.html,href,https://fonts.googleapis.com/css2?family=Inter:wght@400;600;700;800;900&display=swap,,external_or_protocol
stories/quiksilver-ranking-audit.html,href,../css/styles.css?v=7.35,css/styles.css,ok
stories/quiksilver-ranking-audit.html,href,../css/command-palette.css?v=7.35,css/command-palette.css,ok
stories/quiksilver-ranking-audit.html,href,../css/homepage-v8.css?v=7.35,css/homepage-v8.css,ok
stories/quiksilver-ranking-audit.html,href,../css/page-polish-v7-22.css?v=7.35,css/page-polish-v7-22.css,ok
stories/quiksilver-ranking-audit.html,href,../css/page-simplification-v7-24.css?v=7.35,css/page-simplification-v7-24.css,ok
stories/quiksilver-ranking-audit.html,href,../css/stories-v7-28.css?v=7.35,css/stories-v7-28.css,ok
stories/quiksilver-ranking-audit.html,href,../css/link-actions-v7-35.css?v=7.35,css/link-actions-v7-35.css,ok
stories/quiksilver-ranking-audit.html,href,../index.html,index.html,ok
stories/quiksilver-ranking-audit.html,href,../index.html,index.html,ok
stories/quiksilver-ranking-audit.html,href,../rankings.html,rankings.html,ok
stories/quiksilver-ranking-audit.html,href,../clubs.html,clubs.html,ok
stories/quiksilver-ranking-audit.html,href,../tournaments.html,tournaments.html,ok
stories/quiksilver-ranking-audit.html,href,../stories.html,stories.html,ok
stories/quiksilver-ranking-audit.html,href,../methodology.html,methodology.html,ok
stories/quiksilver-ranking-audit.html,href,../stories.html,stories.html,ok
stories/quiksilver-ranking-audit.html,href,../data/qa/quiksilver-cup-2026-ranking-adjustments-7-30-v2.csv,data/qa/quiksilver-cup-2026-ranking-adjustments-7-30-v2.csv,ok
stories/quiksilver-ranking-audit.html,href,../rankings.html,rankings.html,ok
stories/quiksilver-ranking-audit.html,href,../index.html,index.html,ok
stories/quiksilver-ranking-audit.html,href,../rankings.html,rankings.html,ok
stories/quiksilver-ranking-audit.html,href,../clubs.html,clubs.html,ok
stories/quiksilver-ranking-audit.html,href,../tournaments.html,tournaments.html,ok
stories/quiksilver-ranking-audit.html,href,../stories.html,stories.html,ok
stories/quiksilver-ranking-audit.html,href,../methodology.html,methodology.html,ok
stories/quiksilver-ranking-audit.html,href,../subscribe.html,subscribe.html,ok
stories/quiksilver-ranking-audit.html,href,../12u-boys.html,12u-boys.html,ok
stories/quiksilver-ranking-audit.html,href,../12u-girls.html,12u-girls.html,ok
stories/quiksilver-ranking-audit.html,href,../14u-boys.html,14u-boys.html,ok
stories/quiksilver-ranking-audit.html,href,../14u-girls.html,14u-girls.html,ok
stories/quiksilver-ranking-audit.html,href,../16u-boys.html,16u-boys.html,ok
stories/quiksilver-ranking-audit.html,href,../16u-girls.html,16u-girls.html,ok
stories/quiksilver-ranking-audit.html,href,../18u-boys.html,18u-boys.html,ok
stories/quiksilver-ranking-audit.html,href,../18u-girls.html,18u-girls.html,ok
stories/quiksilver-ranking-audit.html,href,../methodology.html,methodology.html,ok
stories/quiksilver-ranking-audit.html,src,../assets/cpi-logo-fallback.svg,assets/cpi-logo-fallback.svg,ok
stories/quiksilver-ranking-audit.html,src,../data.js?v=7.35,data.js,ok
stories/quiksilver-ranking-audit.html,src,../js/command-palette.js?v=7.35,js/command-palette.js,ok
stories/quiksilver-ranking-audit.html,src,../js/logo-display-v7-23-6.js?v=7.35,js/logo-display-v7-23-6.js,ok
stories/quiksilver-ranking-audit.html,src,../js/public-actions-v7-35.js?v=7.35,js/public-actions-v7-35.js,ok
stories.html,href,https://fonts.googleapis.com,,external_or_protocol
stories.html,href,https://fonts.gstatic.com,,external_or_protocol
stories.html,href,https://fonts.googleapis.com/css2?family=Inter:wght@400;600;700;800;900&display=swap,,external_or_protocol
stories.html,href,css/styles.css?v=7.36,css/styles.css,ok
stories.html,href,css/command-palette.css?v=7.36,css/command-palette.css,ok
stories.html,href,css/homepage-v8.css?v=7.36,css/homepage-v8.css,ok
stories.html,href,css/page-polish-v7-22.css?v=7.36,css/page-polish-v7-22.css,ok
stories.html,href,css/stories-v7-28.css?v=7.36,css/stories-v7-28.css,ok
stories.html,href,css/link-actions-v7-35.css?v=7.36,css/link-actions-v7-35.css,ok
stories.html,href,css/public-readiness-v7-36.css?v=7.36,css/public-readiness-v7-36.css,ok
stories.html,href,index.html,index.html,ok
stories.html,href,index.html,index.html,ok
stories.html,href,rankings.html,rankings.html,ok
stories.html,href,clubs.html,clubs.html,ok
stories.html,href,tournaments.html,tournaments.html,ok
stories.html,href,stories.html,stories.html,ok
stories.html,href,methodology.html,methodology.html,ok
stories.html,href,stories/quicksilver-cup-2026.html,stories/quicksilver-cup-2026.html,ok
stories.html,href,stories/quiksilver-ranking-audit.html,stories/quiksilver-ranking-audit.html,ok
stories.html,href,stories/quiksilver-alias-review.html,stories/quiksilver-alias-review.html,ok
stories.html,href,stories/pre-jo-rankings-context.html,stories/pre-jo-rankings-context.html,ok
stories.html,href,methodology.html,methodology.html,ok
stories.html,href,subscribe.html,subscribe.html,ok
stories.html,href,index.html,index.html,ok
stories.html,href,rankings.html,rankings.html,ok
stories.html,href,clubs.html,clubs.html,ok
stories.html,href,tournaments.html,tournaments.html,ok
stories.html,href,stories.html,stories.html,ok
stories.html,href,methodology.html,methodology.html,ok
stories.html,href,subscribe.html,subscribe.html,ok
stories.html,href,12u-boys.html,12u-boys.html,ok
stories.html,href,12u-girls.html,12u-girls.html,ok
stories.html,href,14u-boys.html,14u-boys.html,ok
stories.html,href,14u-girls.html,14u-girls.html,ok
stories.html,href,16u-boys.html,16u-boys.html,ok
stories.html,href,16u-girls.html,16u-girls.html,ok
stories.html,href,18u-boys.html,18u-boys.html,ok
stories.html,href,18u-girls.html,18u-girls.html,ok
stories.html,href,methodology.html,methodology.html,ok
stories.html,src,data.js?v=7.36,data.js,ok
stories.html,src,js/logo-display-v7-23-6.js?v=7.36,js/logo-display-v7-23-6.js,ok
stories.html,src,js/command-palette.js?v=7.36,js/command-palette.js,ok
stories.html,src,js/public-actions-v7-35.js?v=7.36,js/public-actions-v7-35.js,ok
subscribe.html,href,https://fonts.googleapis.com,,external_or_protocol
subscribe.html,href,https://fonts.gstatic.com,,external_or_protocol
subscribe.html,href,https://fonts.googleapis.com/css2?family=Inter:wght@400;600;700;800;900&display=swap,,external_or_protocol
subscribe.html,href,css/styles.css?v=7.36,css/styles.css,ok
subscribe.html,href,css/command-palette.css?v=7.36,css/command-palette.css,ok
subscribe.html,href,css/homepage-v8.css?v=7.36,css/homepage-v8.css,ok
subscribe.html,href,css/page-polish-v7-22.css?v=7.36,css/page-polish-v7-22.css,ok
subscribe.html,href,css/page-simplification-v7-24.css?v=7.36,css/page-simplification-v7-24.css,ok
subscribe.html,href,css/stories-v7-28.css?v=7.36,css/stories-v7-28.css,ok
subscribe.html,href,css/link-actions-v7-35.css?v=7.36,css/link-actions-v7-35.css,ok
subscribe.html,href,css/public-readiness-v7-36.css?v=7.36,css/public-readiness-v7-36.css,ok
subscribe.html,href,index.html,index.html,ok
subscribe.html,href,index.html,index.html,ok
subscribe.html,href,rankings.html,rankings.html,ok
subscribe.html,href,clubs.html,clubs.html,ok
subscribe.html,href,tournaments.html,tournaments.html,ok
subscribe.html,href,stories.html,stories.html,ok
subscribe.html,href,methodology.html,methodology.html,ok
subscribe.html,href,stories.html,stories.html,ok
subscribe.html,href,rankings.html,rankings.html,ok
subscribe.html,href,methodology.html,methodology.html,ok
subscribe.html,href,index.html,index.html,ok
subscribe.html,href,rankings.html,rankings.html,ok
subscribe.html,href,clubs.html,clubs.html,ok
subscribe.html,href,tournaments.html,tournaments.html,ok
subscribe.html,href,stories.html,stories.html,ok
subscribe.html,href,methodology.html,methodology.html,ok
subscribe.html,href,subscribe.html,subscribe.html,ok
subscribe.html,href,12u-boys.html,12u-boys.html,ok
subscribe.html,href,12u-girls.html,12u-girls.html,ok
subscribe.html,href,14u-boys.html,14u-boys.html,ok
subscribe.html,href,14u-girls.html,14u-girls.html,ok
subscribe.html,href,16u-boys.html,16u-boys.html,ok
subscribe.html,href,16u-girls.html,16u-girls.html,ok
subscribe.html,href,18u-boys.html,18u-boys.html,ok
subscribe.html,href,18u-girls.html,18u-girls.html,ok
subscribe.html,href,methodology.html,methodology.html,ok
subscribe.html,src,data.js?v=7.36,data.js,ok
subscribe.html,src,js/command-palette.js?v=7.36,js/command-palette.js,ok
subscribe.html,src,js/logo-display-v7-23-6.js?v=7.36,js/logo-display-v7-23-6.js,ok
subscribe.html,src,js/public-actions-v7-35.js?v=7.36,js/public-actions-v7-35.js,ok
subscribe.html,action,subscribe.html,subscribe.html,ok
team-profile.html,src,js/logo-display-v7-23-6.js?v=7.36,js/logo-display-v7-23-6.js,ok
team.html,href,https://fonts.googleapis.com,,external_or_protocol
team.html,href,https://fonts.gstatic.com,,external_or_protocol
team.html,href,https://fonts.googleapis.com/css2?family=Inter:wght@400;600;700;800;900&display=swap,,external_or_protocol
team.html,href,css/styles.css?v=7.36,css/styles.css,ok
team.html,href,css/command-palette.css?v=7.36,css/command-palette.css,ok
team.html,href,css/homepage-v8.css?v=7.36,css/homepage-v8.css,ok
team.html,href,css/team-profile-v7-8.css?v=7.36,css/team-profile-v7-8.css,ok
team.html,href,css/team-profile-v7-17-1.css?v=7.36,css/team-profile-v7-17-1.css,ok
team.html,href,css/team-profile-v7-32.css?v=7.36,css/team-profile-v7-32.css,ok
team.html,href,css/page-polish-v7-22.css?v=7.36,css/page-polish-v7-22.css,ok
team.html,href,index.html,index.html,ok
team.html,href,index.html,index.html,ok
team.html,href,rankings.html,rankings.html,ok
team.html,href,clubs.html,clubs.html,ok
team.html,href,tournaments.html,tournaments.html,ok
team.html,href,stories.html,stories.html,ok
team.html,href,methodology.html,methodology.html,ok
team.html,href,index.html,index.html,ok
team.html,href,rankings.html,rankings.html,ok
team.html,href,clubs.html,clubs.html,ok
team.html,href,tournaments.html,tournaments.html,ok
team.html,href,methodology.html,methodology.html,ok
team.html,href,12u-boys.html,12u-boys.html,ok
team.html,href,12u-girls.html,12u-girls.html,ok
team.html,href,14u-boys.html,14u-boys.html,ok
team.html,href,14u-girls.html,14u-girls.html,ok
team.html,href,16u-boys.html,16u-boys.html,ok
team.html,href,16u-girls.html,16u-girls.html,ok
team.html,href,18u-boys.html,18u-boys.html,ok
team.html,href,18u-girls.html,18u-girls.html,ok
team.html,href,methodology.html,methodology.html,ok
team.html,src,data.js?v=7.32.0,data.js,ok
team.html,src,js/team-profile-v7-32.js?v=7.36,js/team-profile-v7-32.js,ok
team.html,src,js/command-palette.js?v=7.36,js/command-palette.js,ok
team.html,src,js/page-polish-v7-22.js?v=7.36,js/page-polish-v7-22.js,ok
team.html,src,js/logo-display-v7-23-6.js?v=7.36,js/logo-display-v7-23-6.js,ok
tournaments.html,href,https://fonts.googleapis.com,,external_or_protocol
tournaments.html,href,https://fonts.gstatic.com,,external_or_protocol
tournaments.html,href,https://fonts.googleapis.com/css2?family=Inter:wght@400;600;700;800;900&display=swap,,external_or_protocol
tournaments.html,href,css/styles.css?v=7.36,css/styles.css,ok
tournaments.html,href,css/command-palette.css?v=7.36,css/command-palette.css,ok
tournaments.html,href,css/homepage-v8.css?v=7.36,css/homepage-v8.css,ok
tournaments.html,href,css/page-polish-v7-22.css?v=7.36,css/page-polish-v7-22.css,ok
tournaments.html,href,css/public-readiness-v7-36.css?v=7.36,css/public-readiness-v7-36.css,ok
tournaments.html,href,index.html,index.html,ok
tournaments.html,href,index.html,index.html,ok
tournaments.html,href,rankings.html,rankings.html,ok
tournaments.html,href,clubs.html,clubs.html,ok
tournaments.html,href,tournaments.html,tournaments.html,ok
tournaments.html,href,stories.html,stories.html,ok
tournaments.html,href,stories.html,stories.html,ok
tournaments.html,href,methodology.html,methodology.html,ok
tournaments.html,href,rankings.html,rankings.html,ok
tournaments.html,href,methodology.html,methodology.html,ok
tournaments.html,href,index.html,index.html,ok
tournaments.html,href,rankings.html,rankings.html,ok
tournaments.html,href,clubs.html,clubs.html,ok
tournaments.html,href,tournaments.html,tournaments.html,ok
tournaments.html,href,stories.html,stories.html,ok
tournaments.html,href,methodology.html,methodology.html,ok
tournaments.html,href,subscribe.html,subscribe.html,ok
tournaments.html,href,12u-boys.html,12u-boys.html,ok
tournaments.html,href,12u-girls.html,12u-girls.html,ok
tournaments.html,href,14u-boys.html,14u-boys.html,ok
tournaments.html,href,14u-girls.html,14u-girls.html,ok
tournaments.html,href,16u-boys.html,16u-boys.html,ok
tournaments.html,href,16u-girls.html,16u-girls.html,ok
tournaments.html,href,18u-boys.html,18u-boys.html,ok
tournaments.html,href,18u-girls.html,18u-girls.html,ok
tournaments.html,href,methodology.html,methodology.html,ok
tournaments.html,src,data.js?v=7.30.2,data.js,ok
tournaments.html,src,js/app.js?v=7.36,js/app.js,ok
tournaments.html,src,js/command-palette.js?v=7.36,js/command-palette.js,ok
tournaments.html,src,js/page-polish-v7-22.js?v=7.36,js/page-polish-v7-22.js,ok
tournaments.html,src,js/logo-display-v7-23-6.js?v=7.36,js/logo-display-v7-23-6.js,ok
