group,rank,team,slug,club,club_slug,region,team_depth,team_depth_label,cpi,movement,games_tracked,latest_tournament,latest_record,ranking_flags,manual_review_note,issue_types,recommended_action,same_group_possible_duplicate_matches,same_club_other_teams_in_group,quiksilver_old_rank,quiksilver_new_rank,quiksilver_weight,logo,team_page,club_page,manual_decision,approved_canonical_team,approved_canonical_club,notes
12U Boys,1,Mission A,mission-a-12u-boys,Mission,mission,Orange County,1,primary/A-level,2160.0,0,33,Quiksilver Cup,1 of 16,quiksilver_cup_2026_evidence_added|quiksilver_cup_2026_lightweight_adjustment,,possible_duplicate_team_name|quiksilver_evidence_review|same_club_multiple_teams_in_group,Review whether this is a true separate team or alias merge. Confirm A/B/C/color team hierarchy and canonical naming. Confirm Quiksilver alias/team identity and lightweight movement is acceptable.,Mission B #46 (mission-b-12u-boys),Mission B #46 depth=2,,,,assets/logos/canonical/mission.webp,team.html?team=mission-a-12u-boys,club.html?club=mission,,,,
12U Boys,2,Stanford Red,stanford-red,Stanford,stanford,Peninsula / San Francisco,1,primary/A-level,2025.5,0,26,Quiksilver Cup,5 of 16,quiksilver_cup_2026_evidence_added|quiksilver_cup_2026_lightweight_adjustment,,possible_duplicate_team_name|quiksilver_evidence_review|same_club_multiple_teams_in_group,Review whether this is a true separate team or alias merge. Confirm A/B/C/color team hierarchy and canonical naming. Confirm Quiksilver alias/team identity and lightweight movement is acceptable.,Stanford Black #71 (stanford-black),Stanford Black #71 depth=2,,,,assets/logos/canonical/stanford.webp,team.html?team=stanford-red,club.html?club=stanford,,,,
12U Boys,3,SD Dons A,sd-dons-a-12u-boys,SD Dons,sd-dons,San Diego,1,primary/A-level,1974.7,1,5,Quiksilver Cup,2 of 16,quiksilver_cup_2026_evidence_added|quiksilver_cup_2026_lightweight_adjustment,,possible_duplicate_team_name|quiksilver_evidence_review|same_club_depth_collision|same_club_multiple_teams_in_group,Review whether this is a true separate team or alias merge. Confirm A/B/C/color team hierarchy and canonical naming. Confirm Quiksilver alias/team identity and lightweight movement is acceptable.,SD Dons B #37 (sd-dons-b-12u-boys); SD Dons Black #57 (sd-dons-black); SD Dons Gold #64 (sd-dons-gold),SD Dons B #37 depth=2; SD Dons Black #57 depth=1; SD Dons Gold #64 depth=1,,,,assets/logos/canonical/sd-dons.webp,team.html?team=sd-dons-a-12u-boys,club.html?club=sd-dons,,,,
12U Boys,4,Greenwich,greenwich,Greenwich,greenwich,Out of State,1,primary/A-level,1899.2,-1,6,San Diego County Cup,6-0,manual_priority_out_of_region_elite_result|quiksilver_cup_2026_evidence_added|quiksilver_cup_2026_lightweight_adjustment,,possible_duplicate_team_name|quiksilver_evidence_review|same_club_depth_collision|same_club_multiple_teams_in_group,Review whether this is a true separate team or alias merge. Confirm A/B/C/color team hierarchy and canonical naming. Confirm Quiksilver alias/team identity and lightweight movement is acceptable.,Greenwich White #42 (greenwich-white),Greenwich White #42 depth=1,,,,assets/logos/canonical/greenwich.webp,team.html?team=greenwich,club.html?club=greenwich,,,,
12U Boys,5,Vanguard,vanguard,Vanguard,vanguard,Orange County,1,primary/A-level,1894.0,0,11,Quiksilver Cup,8 of 16,quiksilver_cup_2026_evidence_added|quiksilver_cup_2026_lightweight_adjustment,,quiksilver_evidence_review,Confirm Quiksilver alias/team identity and lightweight movement is acceptable.,,,,,,assets/logos/canonical/vanguard.webp,team.html?team=vanguard,club.html?club=vanguard,,,,
12U Boys,6,CC United,cc-united-12u-boys,CC United,cc-united,East Bay,1,primary/A-level,1879.9,0,24,Futures Super Finals,3-3,manual_review_cc_united_same_team_merge,Merged CC United A and CC United Black as the same 12U Boys team.,manual_review_note_present|possible_duplicate_team_name|same_club_multiple_teams_in_group,Review whether this is a true separate team or alias merge. Confirm A/B/C/color team hierarchy and canonical naming.,CC United Blue #48 (cc-united-blue),CC United Blue #48 depth=2,,,,assets/logos/canonical/cc-united.webp,team.html?team=cc-united-12u-boys,club.html?club=cc-united,,,,
12U Boys,7,North Irvine Black,north-irvine-black,North Irvine,north-irvine,Orange County,1,primary/A-level,1865.8,1,27,Quiksilver Cup,7 of 16,manual_review_adjusted_below_head_to_head_greenwich|quiksilver_cup_2026_evidence_added|quiksilver_cup_2026_lightweight_adjustment,,possible_duplicate_team_name|quiksilver_evidence_review|same_club_depth_collision|same_club_multiple_teams_in_group,Review whether this is a true separate team or alias merge. Confirm A/B/C/color team hierarchy and canonical naming. Confirm Quiksilver alias/team identity and lightweight movement is acceptable.,North Irvine White #82 (north-irvine-white),North Irvine White #82 depth=1,,,,assets/logos/canonical/north-irvine.webp,team.html?team=north-irvine-black,club.html?club=north-irvine,,,,
12U Boys,8,San Jose Express Blue,san-jose-express-blue,SJ Express,sj-express,Peninsula / San Francisco,1,primary/A-level,1856.5,-1,22,Futures Super Finals,4-2,manual_review_adjusted_below_head_to_head_greenwich|quiksilver_cup_2026_evidence_added|quiksilver_cup_2026_lightweight_adjustment,,quiksilver_evidence_review,Confirm Quiksilver alias/team identity and lightweight movement is acceptable.,,,,,,assets/logos/canonical/sj-express.webp,team.html?team=san-jose-express-blue,club.html?club=sj-express,,,,
12U Boys,9,San Clemente,san-clemente-12u-boys,San Clemente,san-clemente,Orange County,1,primary/A-level,1770.7,0,32,Quiksilver Cup,4 of 16,manual_review_san_clemente_profile_split|quiksilver_cup_2026_evidence_added|quiksilver_cup_2026_lightweight_adjustment,Merged San Clemente A and San Clemente Black as the same 12U Boys team.,manual_review_note_present|possible_duplicate_team_name|quiksilver_evidence_review|same_club_multiple_teams_in_group,Review whether this is a true separate team or alias merge. Confirm A/B/C/color team hierarchy and canonical naming. Confirm Quiksilver alias/team identity and lightweight movement is acceptable.,San Clemente Red #58 (san-clemente-red-12u-boys),San Clemente Red #58 depth=2,,,,assets/logos/canonical/san-clemente.webp,team.html?team=san-clemente-12u-boys,club.html?club=san-clemente,,,,
12U Boys,10,CDM,cdm,CDM,cdm,Orange County,1,primary/A-level,1764.0,4,22,Quiksilver Cup,3 of 16,manual_review_same_team_alias_merge|quiksilver_cup_2026_evidence_added|quiksilver_cup_2026_lightweight_adjustment,Merged CDM and CDM as same primary 12U Boys team.,manual_review_note_present|possible_duplicate_team_name|quiksilver_evidence_review|same_club_depth_collision|same_club_multiple_teams_in_group,Review whether this is a true separate team or alias merge. Confirm A/B/C/color team hierarchy and canonical naming. Confirm Quiksilver alias/team identity and lightweight movement is acceptable.,CDM White #84 (cdm-white),CDM White #84 depth=1,,,,assets/logos/canonical/cdm.webp,team.html?team=cdm,club.html?club=cdm,,,,
12U Boys,11,Tsunami,tsunami-12u-boys,Rancho Tsunami,rancho-tsunami,Inland Empire,1,primary/A-level,1763.1,0,30,Quiksilver Cup,6 of 16,quiksilver_cup_2026_evidence_added|quiksilver_cup_2026_lightweight_adjustment,Merged Tsunami and Rancho Tsunami evidence; ranked as a 10–15 range team based on strong win plus mixed latest results.,manual_review_note_present|quiksilver_evidence_review,Confirm Quiksilver alias/team identity and lightweight movement is acceptable.,,,,,,assets/logos/canonical/rancho-tsunami.webp,team.html?team=tsunami-12u-boys,club.html?club=rancho-tsunami,,,,
12U Boys,12,Rose Bowl,rose-bowl-12u-boys,Rose Bowl,rose-bowl,Los Angeles,1,primary/A-level,1746.3,-2,18,Quiksilver Cup,10 of 16,quiksilver_cup_2026_evidence_added|quiksilver_cup_2026_lightweight_adjustment,Merged Rose Bowl Red and Rose Bowl as one primary 12U Boys team profile.,manual_review_note_present|quiksilver_evidence_review,Confirm Quiksilver alias/team identity and lightweight movement is acceptable.,,,,,,assets/logos/canonical/rose-bowl.webp,team.html?team=rose-bowl-12u-boys,club.html?club=rose-bowl,,,,
12U Boys,13,SoCal,socal-12u-boys,SOCAL,socal,Orange County,1,primary/A-level,1736.4,-1,23,Quiksilver Cup,11 of 16,quiksilver_cup_2026_evidence_added|quiksilver_cup_2026_lightweight_adjustment,Merged SoCal and SoCal Black for 12U Boys ranking continuity; early D1 win is noted but weighted below later results.,manual_review_note_present|quiksilver_evidence_review,Confirm Quiksilver alias/team identity and lightweight movement is acceptable.,,,,,,assets/logos/canonical/socal.webp,team.html?team=socal-12u-boys,club.html?club=socal,,,,
12U Boys,14,Temple City,temple-city,Temple City,temple-city,Los Angeles,1,primary/A-level,1735.5,-1,13,Futures Super Finals,2-3,quiksilver_cup_2026_evidence_added|quiksilver_cup_2026_lightweight_adjustment,,quiksilver_evidence_review,Confirm Quiksilver alias/team identity and lightweight movement is acceptable.,,,,,,assets/logos/canonical/temple-city.webp,team.html?team=temple-city,club.html?club=temple-city,,,,
12U Boys,15,Patriot Navy,patriot-navy,Patriot,patriot,Orange County,1,primary/A-level,1728.4,0,21,Futures Super Finals,0-5,manual_review_same_team_alias_merge,Merged Patriot Navy and Patriot Navy as the same primary 12U Boys team.,manual_review_note_present,,,,,,,assets/logos/canonical/patriot.webp,team.html?team=patriot-navy,club.html?club=patriot,,,,
12U Boys,16,La Jolla United,la-jolla-united,La Jolla United,la-jolla-united,San Diego,1,primary/A-level,1717.6,1,10,Quiksilver Cup,9 of 16,quiksilver_cup_2026_evidence_added|quiksilver_cup_2026_lightweight_adjustment,,possible_duplicate_team_name|quiksilver_evidence_review|same_club_depth_collision|same_club_multiple_teams_in_group,Review whether this is a true separate team or alias merge. Confirm A/B/C/color team hierarchy and canonical naming. Confirm Quiksilver alias/team identity and lightweight movement is acceptable.,La Jolla United Navy #73 (la-jolla-united-navy); La Jolla United Gold #75 (la-jolla-united-gold); La Jolla United B #83 (la-jolla-united-b-12u-boys),La Jolla United Navy #73 depth=1; La Jolla United Gold #75 depth=1; La Jolla United B #83 depth=2,,,,assets/logos/canonical/la-jolla-united.webp,team.html?team=la-jolla-united,club.html?club=la-jolla-united,,,,
12U Boys,17,Los Alamitos,los-alamitos,Los Alamitos,los-alamitos,Orange County,1,primary/A-level,1715.5,-1,11,Futures Super Finals,4-2,quiksilver_cup_2026_evidence_added|quiksilver_cup_2026_lightweight_adjustment,,quiksilver_evidence_review|same_club_depth_collision|same_club_multiple_teams_in_group,Confirm A/B/C/color team hierarchy and canonical naming. Confirm Quiksilver alias/team identity and lightweight movement is acceptable.,,Los Alamitos Opal #66 depth=1,,,,assets/logos/canonical/los-alamitos.webp,team.html?team=los-alamitos,club.html?club=los-alamitos,,,,
12U Boys,18,680 A,680-a-12u-boys,680,680,East Bay,1,primary/A-level,1710.9,0,5,Futures Super Finals,3-2,,,possible_duplicate_team_name|same_club_depth_collision|same_club_multiple_teams_in_group,Review whether this is a true separate team or alias merge. Confirm A/B/C/color team hierarchy and canonical naming.,680 Red #44 (680-red); 680 White #50 (680-white); 680 Blue #72 (680-blue),680 Red #44 depth=1; 680 White #50 depth=1; 680 Blue #72 depth=2,,,,assets/logos/canonical/680.webp,team.html?team=680-a-12u-boys,club.html?club=680,,,,
12U Boys,19,San Diego Shores,san-diego-shores,San Diego Shores,sd-shores,San Diego,1,primary/A-level,1704.1,0,18,Quiksilver Cup,15 of 16,manual_review_same_team_alias_merge|quiksilver_cup_2026_evidence_added|quiksilver_cup_2026_lightweight_adjustment,Merged San Diego Shores / SD Shores / SD Shores Black naming variants.,manual_review_note_present|quiksilver_evidence_review,Confirm Quiksilver alias/team identity and lightweight movement is acceptable.,,,,,,assets/logos/canonical/sd-shores.webp,team.html?team=san-diego-shores,club.html?club=sd-shores,,,,
12U Boys,20,Lamorinda A,lamorinda-a-12u-boys,Lamorinda,lamorinda,East Bay,1,primary/A-level,1693.3,0,19,Quiksilver Cup,14 of 16,quiksilver_cup_2026_evidence_added|quiksilver_cup_2026_lightweight_adjustment,,quiksilver_evidence_review,Confirm Quiksilver alias/team identity and lightweight movement is acceptable.,,,,,,assets/logos/canonical/lamorinda.webp,team.html?team=lamorinda-a-12u-boys,club.html?club=lamorinda,,,,
12U Boys,21,ORWP A,orwp-a-12u-boys,ORWP,orwp,Los Angeles,1,primary/A-level,1692.3,0,13,KAP7 International,2-3,manual_review_same_team_alias_merge,Merged ORWP A A and ORWP A as the same primary 12U Boys team.,manual_review_note_present|possible_duplicate_team_name|same_club_depth_collision|same_club_multiple_teams_in_group,Review whether this is a true separate team or alias merge. Confirm A/B/C/color team hierarchy and canonical naming.,ORWP Red #78 (orwp-red),ORWP Red #78 depth=1,,,,assets/logos/canonical/orwp.webp,team.html?team=orwp-a-12u-boys,club.html?club=orwp,,,,
12U Boys,22,Carlsbad,carlsbad,Carlsbad,carlsbad,San Diego,1,primary/A-level,1691.9,0,6,Futures Super Finals,3-1,,,no_automated_issue,No action from automated QA; manual audit still optional.,,,,,,assets/logos/canonical/carlsbad.webp,team.html?team=carlsbad,club.html?club=carlsbad,,,,
12U Boys,23,NSD Stars,nsd-stars,Nsd Stars,nsd-stars,San Diego,1,primary/A-level,1690.2,0,7,Quiksilver Cup,16 of 16,quiksilver_cup_2026_evidence_added|quiksilver_cup_2026_lightweight_adjustment,,official_logo_needed|quiksilver_evidence_review,Collect official logo screenshot/source when available. Confirm Quiksilver alias/team identity and lightweight movement is acceptable.,,,,,,assets/logos/canonical/nsd-stars.webp,team.html?team=nsd-stars,club.html?club=nsd-stars,,,,
12U Boys,24,Trojan Cardinal,trojan-cardinal,Trojan,trojan,Los Angeles,1,primary/A-level,1689.1,0,9,CCA JO Qualifier,3-2,,,same_club_depth_collision|same_club_multiple_teams_in_group,Confirm A/B/C/color team hierarchy and canonical naming.,,Trojan #68 depth=1,,,,assets/logos/canonical/trojan.webp,team.html?team=trojan-cardinal,club.html?club=trojan,,,,
12U Boys,25,LA Premier,la-premier,LA Premier,la-premier,Los Angeles,1,primary/A-level,1681.4,0,21,Quiksilver Cup,12 of 16,manual_review_same_team_alias_merge|quiksilver_cup_2026_evidence_added|quiksilver_cup_2026_lightweight_adjustment,Merged LA Premier and LA Premier as the same primary 12U Boys team.,manual_review_note_present|quiksilver_evidence_review,Confirm Quiksilver alias/team identity and lightweight movement is acceptable.,,,,,,assets/logos/canonical/la-premier.webp,team.html?team=la-premier,club.html?club=la-premier,,,,
12U Boys,26,Back Bay,back-bay,Back Bay,back-bay,Orange County,1,primary/A-level,1678.1,0,13,SOPAC JO Qualifier,3-2,lower_division_top_25_review|lower_division_ceiling_review|d1_validation_required,"Kept as a top Gold/D2 profile, but below the D1 core under the lower-division ceiling.",manual_review_note_present,,,,,,,assets/logos/canonical/back-bay.webp,team.html?team=back-bay,club.html?club=back-bay,,,,
12U Boys,27,Newport Beach A,newport-beach-a-12u-boys,Newport Beach,newport-beach,Orange County,1,primary/A-level,1676.9,0,5,Futures Super Finals,1-4,,,same_club_depth_collision|same_club_multiple_teams_in_group,Confirm A/B/C/color team hierarchy and canonical naming.,,Newport White #40 depth=1,,,,assets/logos/canonical/newport-beach.webp,team.html?team=newport-beach-a-12u-boys,club.html?club=newport-beach,,,,
12U Boys,28,Santa Cruz,santa-cruz,Santa Cruz,santa-cruz,Central Coast,1,primary/A-level,1674.0,0,8,Pacific Zone JO Qualifier,6-1,lower_division_top_25_review,,no_automated_issue,No action from automated QA; manual audit still optional.,,,,,,assets/logos/canonical/santa-cruz.webp,team.html?team=santa-cruz,club.html?club=santa-cruz,,,,
12U Boys,29,OCWPC Blue,ocwpc-blue,OCWPC,ocwpc,Orange County,1,primary/A-level,1673.0,0,30,SOPAC JO Qualifier,3-3,d2_heavy_elite_validation_review|manual_review_same_team_alias_merge|lower_division_ceiling_review|d1_validation_required,"Merged OCWPC Blue Blue and OCWPC Blue as the same primary 12U Boys team. Kept as a strong Gold/D2 profile, but capped below the D1 core because D1 results were mixed.",manual_review_note_present,,,,,,,assets/logos/canonical/ocwpc.webp,team.html?team=ocwpc-blue,club.html?club=ocwpc,,,,
12U Boys,30,San Mateo,san-mateo,San Mateo,san-mateo,Peninsula / San Francisco,1,primary/A-level,1670.9,0,13,Futures Super Finals,3-1,lower_division_ceiling_review|d1_validation_required,"Moved down under D1/D2/D3 guardrails: strong Gold/D2 profile, but not enough D1 validation to sit in the top-15 band.",manual_review_note_present|official_logo_needed,Collect official logo screenshot/source when available.,,,,,,assets/logos/canonical/san-mateo.webp,team.html?team=san-mateo,club.html?club=san-mateo,,,,
12U Boys,31,Foothill Red,foothill-red,Foothill Club,foothill-club,Orange County,1,primary/A-level,1667.6,0,25,Futures Super Finals,3-2,manual_review_same_team_alias_merge|lower_division_ceiling_review|d1_validation_required,"Merged Foothill Red and Foothill Red as same primary 12U Boys team. Moved down under D1/D2/D3 guardrails: strong Gold/D2 profile, but should not rank ahead of the D1 core without stronger D1 validation.",manual_review_note_present|possible_duplicate_team_name|same_club_depth_collision|same_club_multiple_teams_in_group,Review whether this is a true separate team or alias merge. Confirm A/B/C/color team hierarchy and canonical naming.,Foothill Black #74 (foothill-black),Foothill Black #74 depth=1,,,,assets/logos/canonical/foothill-club.webp,team.html?team=foothill-red,club.html?club=foothill-club,,,,
12U Boys,32,Shore Aquatics,shore-aquatics,Shore Aquatics,shore-aquatics,Los Angeles,1,primary/A-level,1662.8,0,26,Futures Super Finals,3-2,,,no_automated_issue,No action from automated QA; manual audit still optional.,,,,,,assets/logos/canonical/shore-aquatics.webp,team.html?team=shore-aquatics,club.html?club=shore-aquatics,,,,
12U Boys,33,SMAC Black,smac-black,Smac,smac,Los Angeles,1,primary/A-level,1655.6,0,7,Pacific Zone JO Qualifier,5-2,,,official_logo_needed,Collect official logo screenshot/source when available.,,,,,,assets/logos/canonical/smac.webp,team.html?team=smac-black,club.html?club=smac,,,,
12U Boys,34,San Jose Foundation Black,san-jose-foundation-black,SJ Foundation,sj-foundation,Peninsula / San Francisco,1,primary/A-level,1650.1,0,12,Futures Super Finals,4-1,,,official_logo_needed,Collect official logo screenshot/source when available.,,,,,,assets/logos/canonical/sj-foundation.webp,team.html?team=san-jose-foundation-black,club.html?club=sj-foundation,,,,
12U Boys,35,Commerce,commerce,Commerce,commerce,Los Angeles,1,primary/A-level,1648.6,0,6,CCA JO Qualifier,4-2,,,no_automated_issue,No action from automated QA; manual audit still optional.,,,,,,assets/logos/canonical/commerce.webp,team.html?team=commerce,club.html?club=commerce,,,,
12U Boys,36,908,908-12u-boys,908,908,Central Coast,1,primary/A-level,1640.6,0,19,Quiksilver Cup,13 of 16,manual_review_same_team_alias_merge|quiksilver_cup_2026_evidence_added|quiksilver_cup_2026_lightweight_adjustment,Merged 908 and 908 as the same primary 12U Boys team.,manual_review_note_present|quiksilver_evidence_review,Confirm Quiksilver alias/team identity and lightweight movement is acceptable.,,,,,,assets/logos/canonical/908.webp,team.html?team=908-12u-boys,club.html?club=908,,,,
12U Boys,37,SD Dons B,sd-dons-b-12u-boys,SD Dons,sd-dons,San Diego,2,secondary/B-level,1639.2,0,5,Futures Super Finals,4-1,,,possible_duplicate_team_name|same_club_depth_collision|same_club_multiple_teams_in_group,Review whether this is a true separate team or alias merge. Confirm A/B/C/color team hierarchy and canonical naming.,SD Dons A #3 (sd-dons-a-12u-boys); SD Dons Black #57 (sd-dons-black); SD Dons Gold #64 (sd-dons-gold),SD Dons A #3 depth=1; SD Dons Black #57 depth=1; SD Dons Gold #64 depth=1,,,,assets/logos/canonical/sd-dons.webp,team.html?team=sd-dons-b-12u-boys,club.html?club=sd-dons,,,,
12U Boys,38,San Jose Wpf,san-jose-wpf,San Jose Wpf,san-jose-wpf,Peninsula / San Francisco,1,primary/A-level,1638.3,0,6,San Diego County Cup,4-2,,,official_logo_needed,Collect official logo screenshot/source when available.,,,,,,assets/logos/canonical/san-jose-wpf.webp,team.html?team=san-jose-wpf,club.html?club=san-jose-wpf,,,,
12U Boys,39,ECA,eca,SD ECA,sd-eca,San Diego,1,primary/A-level,1637.8,0,6,San Diego County Cup,4-2,,,official_logo_needed,Collect official logo screenshot/source when available.,,,,,,assets/logos/canonical/sd-eca.webp,team.html?team=eca,club.html?club=sd-eca,,,,
12U Boys,40,Newport White,newport-white,Newport Beach,newport-beach,Orange County,1,primary/A-level,1637.7,0,8,SOPAC JO Qualifier,2-3,,,same_club_depth_collision|same_club_multiple_teams_in_group|team_name_suggests_b_but_depth_primary,Confirm A/B/C/color team hierarchy and canonical naming.,,Newport Beach A #27 depth=1,,,,assets/logos/canonical/newport-beach.webp,team.html?team=newport-white,club.html?club=newport-beach,,,,
12U Boys,41,Sharks,sharks,Sharks,sharks,Peninsula / San Francisco,1,primary/A-level,1632.3,0,6,San Diego County Cup,4-2,,,official_logo_needed,Collect official logo screenshot/source when available.,,,,,,assets/logos/canonical/sharks.webp,team.html?team=sharks,club.html?club=sharks,,,,
12U Boys,42,Greenwich White,greenwich-white,Greenwich,greenwich,Out of State,1,primary/A-level,1630.3,0,6,San Diego County Cup,4-2,,,possible_duplicate_team_name|same_club_depth_collision|same_club_multiple_teams_in_group|team_name_suggests_b_but_depth_primary,Review whether this is a true separate team or alias merge. Confirm A/B/C/color team hierarchy and canonical naming.,Greenwich #4 (greenwich),Greenwich #4 depth=1,,,,assets/logos/canonical/greenwich.webp,team.html?team=greenwich-white,club.html?club=greenwich,,,,
12U Boys,43,Trilogy,trilogy,Trilogy,trilogy,San Diego,1,primary/A-level,1629.8,0,9,San Diego County Cup,2-2-1,,,official_logo_needed,Collect official logo screenshot/source when available.,,,,,,assets/logos/canonical/trilogy.webp,team.html?team=trilogy,club.html?club=trilogy,,,,
12U Boys,44,680 Red,680-red,680,680,East Bay,1,primary/A-level,1629.0,0,13,Pacific Zone JO Qualifier,2-3,,,possible_duplicate_team_name|same_club_depth_collision|same_club_multiple_teams_in_group,Review whether this is a true separate team or alias merge. Confirm A/B/C/color team hierarchy and canonical naming.,680 A #18 (680-a-12u-boys); 680 White #50 (680-white); 680 Blue #72 (680-blue),680 A #18 depth=1; 680 White #50 depth=1; 680 Blue #72 depth=2,,,,assets/logos/canonical/680.webp,team.html?team=680-red,club.html?club=680,,,,
12U Boys,45,SHAQ Blue,shaq-blue,SHAQ,shaq,Peninsula / San Francisco,1,primary/A-level,1622.5,0,5,Pacific Zone JO Qualifier,3-2,,,possible_duplicate_team_name|same_club_depth_collision|same_club_multiple_teams_in_group,Review whether this is a true separate team or alias merge. Confirm A/B/C/color team hierarchy and canonical naming.,SHAQ White #61 (shaq-white),SHAQ White #61 depth=1,,,,assets/logos/canonical/shaq.webp,team.html?team=shaq-blue,club.html?club=shaq,,,,
12U Boys,46,Mission B,mission-b-12u-boys,Mission,mission,Orange County,2,secondary/B-level,1621.4,0,28,Futures Super Finals,4-0,,,possible_duplicate_team_name|same_club_multiple_teams_in_group,Review whether this is a true separate team or alias merge. Confirm A/B/C/color team hierarchy and canonical naming.,Mission A #1 (mission-a-12u-boys),Mission A #1 depth=1,,,,assets/logos/canonical/mission.webp,team.html?team=mission-b-12u-boys,club.html?club=mission,,,,
12U Boys,47,Davis,davis,Davis,davis,Sacramento,1,primary/A-level,1621.0,0,14,Futures Super Finals,2-3,,,no_automated_issue,No action from automated QA; manual audit still optional.,,,,,,assets/logos/canonical/davis.webp,team.html?team=davis,club.html?club=davis,,,,
12U Boys,48,CC United Blue,cc-united-blue,CC United,cc-united,East Bay,2,secondary/B-level,1618.8,0,18,Pacific Zone JO Qualifier,5-2,,,possible_duplicate_team_name|same_club_multiple_teams_in_group,Review whether this is a true separate team or alias merge. Confirm A/B/C/color team hierarchy and canonical naming.,CC United #6 (cc-united-12u-boys),CC United #6 depth=1,,,,assets/logos/canonical/cc-united.webp,team.html?team=cc-united-blue,club.html?club=cc-united,,,,
12U Boys,49,Yolo Black,yolo-black,Yolo,yolo,East Bay,1,primary/A-level,1615.6,0,7,San Diego County Cup,0-2,,,official_logo_needed|possible_duplicate_team_name|same_club_depth_collision|same_club_multiple_teams_in_group,Review whether this is a true separate team or alias merge. Confirm A/B/C/color team hierarchy and canonical naming. Collect official logo screenshot/source when available.,Yolo #52 (yolo),Yolo #52 depth=1,,,,assets/logos/canonical/yolo.webp,team.html?team=yolo-black,club.html?club=yolo,,,,
12U Boys,50,680 White,680-white,680,680,East Bay,1,primary/A-level,1615.0,0,10,Pacific Zone JO Qualifier,4-2,,,possible_duplicate_team_name|same_club_depth_collision|same_club_multiple_teams_in_group|team_name_suggests_b_but_depth_primary,Review whether this is a true separate team or alias merge. Confirm A/B/C/color team hierarchy and canonical naming.,680 A #18 (680-a-12u-boys); 680 Red #44 (680-red); 680 Blue #72 (680-blue),680 A #18 depth=1; 680 Red #44 depth=1; 680 Blue #72 depth=2,,,,assets/logos/canonical/680.webp,team.html?team=680-white,club.html?club=680,,,,
12U Boys,51,Farallon,farallon,Farallon,farallon,Peninsula / San Francisco,1,primary/A-level,1613.0,0,6,Pacific Zone JO Qualifier,2-4,,,official_logo_needed,Collect official logo screenshot/source when available.,,,,,,assets/logos/canonical/farallon.webp,team.html?team=farallon,club.html?club=farallon,,,,
12U Boys,52,Yolo,yolo,Yolo,yolo,East Bay,1,primary/A-level,1608.2,0,6,Pacific Zone JO Qualifier,3-3,,,official_logo_needed|possible_duplicate_team_name|same_club_depth_collision|same_club_multiple_teams_in_group,Review whether this is a true separate team or alias merge. Confirm A/B/C/color team hierarchy and canonical naming. Collect official logo screenshot/source when available.,Yolo Black #49 (yolo-black),Yolo Black #49 depth=1,,,,assets/logos/canonical/yolo.webp,team.html?team=yolo,club.html?club=yolo,,,,
12U Boys,53,CMAC,cmac,Cmac,cmac,Orange County,1,primary/A-level,1606.3,0,21,SOPAC JO Qualifier,2-3,d2_heavy_elite_validation_review,,official_logo_needed,Collect official logo screenshot/source when available.,,,,,,assets/logos/canonical/cmac.webp,team.html?team=cmac,club.html?club=cmac,,,,
12U Boys,54,SET,set,Set,set,Orange County,1,primary/A-level,1589.5,0,8,K7 Cup,2-2,coed_only_review,,no_automated_issue,No action from automated QA; manual audit still optional.,,,,,,assets/logos/canonical/set.webp,team.html?team=set,club.html?club=set,,,,
12U Boys,55,Whittier,whittier,Whittier,whittier,Los Angeles,1,primary/A-level,1586.6,0,6,CCA JO Qualifier,3-3,,,official_logo_needed,Collect official logo screenshot/source when available.,,,,,,assets/logos/canonical/whittier.webp,team.html?team=whittier,club.html?club=whittier,,,,
12U Boys,56,South Coast Red,south-coast-red,South Coast,south-coast,Orange County,1,primary/A-level,1585.1,0,18,CCA JO Qualifier,3-3,d2_heavy_elite_validation_review,,no_automated_issue,No action from automated QA; manual audit still optional.,,,,,,assets/logos/canonical/south-coast.webp,team.html?team=south-coast-red,club.html?club=south-coast,,,,
12U Boys,57,SD Dons Black,sd-dons-black,SD Dons,sd-dons,San Diego,1,primary/A-level,1582.4,0,5,San Diego County Cup,2-2-1,,,possible_duplicate_team_name|same_club_depth_collision|same_club_multiple_teams_in_group,Review whether this is a true separate team or alias merge. Confirm A/B/C/color team hierarchy and canonical naming.,SD Dons A #3 (sd-dons-a-12u-boys); SD Dons B #37 (sd-dons-b-12u-boys); SD Dons Gold #64 (sd-dons-gold),SD Dons A #3 depth=1; SD Dons B #37 depth=2; SD Dons Gold #64 depth=1,,,,assets/logos/canonical/sd-dons.webp,team.html?team=sd-dons-black,club.html?club=sd-dons,,,,
12U Boys,58,San Clemente Red,san-clemente-red-12u-boys,San Clemente,san-clemente,Orange County,2,secondary/B-level,1577.4,0,12,SOPAC JO Qualifier,2-2,,,possible_duplicate_team_name|same_club_multiple_teams_in_group,Review whether this is a true separate team or alias merge. Confirm A/B/C/color team hierarchy and canonical naming.,San Clemente #9 (san-clemente-12u-boys),San Clemente #9 depth=1,,,,assets/logos/canonical/san-clemente.webp,team.html?team=san-clemente-red-12u-boys,club.html?club=san-clemente,,,,
12U Boys,59,Palos Verdes,palos-verdes,PV WPC,pv-wpc,Los Angeles,1,primary/A-level,1573.8,0,16,K7 Cup,3-1,coed_only_review,,no_automated_issue,No action from automated QA; manual audit still optional.,,,,,,assets/logos/canonical/pv-wpc.webp,team.html?team=palos-verdes,club.html?club=pv-wpc,,,,
12U Boys,60,NorCal,norcal,NorCal,norcal,Peninsula / San Francisco,1,primary/A-level,1573.0,0,17,Futures Super Finals,2-2,manual_review_same_team_alias_merge,Merged NorCal and NorCal as the same primary 12U Boys team.,manual_review_note_present,,,,,,,assets/logos/canonical/norcal.webp,team.html?team=norcal,club.html?club=norcal,,,,
12U Boys,61,SHAQ White,shaq-white,SHAQ,shaq,Peninsula / San Francisco,1,primary/A-level,1562.6,0,6,Pacific Zone JO Qualifier,3-3,,,possible_duplicate_team_name|same_club_depth_collision|same_club_multiple_teams_in_group|team_name_suggests_b_but_depth_primary,Review whether this is a true separate team or alias merge. Confirm A/B/C/color team hierarchy and canonical naming.,SHAQ Blue #45 (shaq-blue),SHAQ Blue #45 depth=1,,,,assets/logos/canonical/shaq.webp,team.html?team=shaq-white,club.html?club=shaq,,,,
12U Boys,62,Laguna Beach,laguna-beach,Laguna Beach,laguna-beach,Orange County,1,primary/A-level,1559.2,0,15,SOPAC JO Qualifier,3-2,,,no_automated_issue,No action from automated QA; manual audit still optional.,,,,,,assets/logos/canonical/laguna-beach.webp,team.html?team=laguna-beach,club.html?club=laguna-beach,,,,
12U Boys,63,PAC,pac,Pasadena AC,pasadena-ac,Los Angeles,1,primary/A-level,1557.4,0,5,CCA JO Qualifier,2-3,,,official_logo_needed,Collect official logo screenshot/source when available.,,,,,,assets/logos/canonical/pasadena-ac.webp,team.html?team=pac,club.html?club=pasadena-ac,,,,
12U Boys,64,SD Dons Gold,sd-dons-gold,SD Dons,sd-dons,San Diego,1,primary/A-level,1555.3,0,10,San Diego County Cup,3-3,,,possible_duplicate_team_name|same_club_depth_collision|same_club_multiple_teams_in_group,Review whether this is a true separate team or alias merge. Confirm A/B/C/color team hierarchy and canonical naming.,SD Dons A #3 (sd-dons-a-12u-boys); SD Dons B #37 (sd-dons-b-12u-boys); SD Dons Black #57 (sd-dons-black),SD Dons A #3 depth=1; SD Dons B #37 depth=2; SD Dons Black #57 depth=1,,,,assets/logos/canonical/sd-dons.webp,team.html?team=sd-dons-gold,club.html?club=sd-dons,,,,
12U Boys,65,CIU Black,ciu-black,CIU,ciu,Central Coast,1,primary/A-level,1554.1,0,5,CCA JO Qualifier,2-3,,,possible_duplicate_team_name|same_club_depth_collision|same_club_multiple_teams_in_group,Review whether this is a true separate team or alias merge. Confirm A/B/C/color team hierarchy and canonical naming.,CIU Gold #76 (ciu-gold),CIU Gold #76 depth=1,,,,assets/logos/canonical/ciu.webp,team.html?team=ciu-black,club.html?club=ciu,,,,
12U Boys,66,Los Alamitos Opal,los-alamitos-opal,Los Alamitos,los-alamitos,Orange County,1,primary/A-level,1550.3,0,5,San Diego County Cup,2-3,,,same_club_depth_collision|same_club_multiple_teams_in_group,Confirm A/B/C/color team hierarchy and canonical naming.,,Los Alamitos #17 depth=1,,,,assets/logos/canonical/los-alamitos.webp,team.html?team=los-alamitos-opal,club.html?club=los-alamitos,,,,
12U Boys,67,Lawpc,lawpc,LAWPC,lawpc,Los Angeles,1,primary/A-level,1549.9,0,9,Futures Super Finals,2-3,,,no_automated_issue,No action from automated QA; manual audit still optional.,,,,,,assets/logos/canonical/lawpc.webp,team.html?team=lawpc,club.html?club=lawpc,,,,
12U Boys,68,Trojan,trojan,Trojan,trojan,Los Angeles,1,primary/A-level,1546.4,0,12,Futures Super Finals,1-3,,,same_club_depth_collision|same_club_multiple_teams_in_group,Confirm A/B/C/color team hierarchy and canonical naming.,,Trojan Cardinal #24 depth=1,,,,assets/logos/canonical/trojan.webp,team.html?team=trojan,club.html?club=trojan,,,,
12U Boys,69,Santa Barbara,santa-barbara,Santa Barbara,santa-barbara,Central Coast,1,primary/A-level,1543.1,0,25,Futures Super Finals,0-5,,,no_automated_issue,No action from automated QA; manual audit still optional.,,,,,,assets/logos/canonical/santa-barbara.webp,team.html?team=santa-barbara,club.html?club=santa-barbara,,,,
12U Boys,70,Diablo Alliance A,diablo-alliance-a-12u-boys,Diablo Alliance,diablo-alliance,East Bay,1,primary/A-level,1530.1,0,6,Pacific Zone JO Qualifier,2-4,,,no_automated_issue,No action from automated QA; manual audit still optional.,,,,,,assets/logos/canonical/diablo-alliance.webp,team.html?team=diablo-alliance-a-12u-boys,club.html?club=diablo-alliance,,,,
12U Boys,71,Stanford Black,stanford-black,Stanford,stanford,Peninsula / San Francisco,2,secondary/B-level,1528.0,0,19,Pacific Zone JO Qualifier,4-3,,,possible_duplicate_team_name|same_club_multiple_teams_in_group,Review whether this is a true separate team or alias merge. Confirm A/B/C/color team hierarchy and canonical naming.,Stanford Red #2 (stanford-red),Stanford Red #2 depth=1,,,,assets/logos/canonical/stanford.webp,team.html?team=stanford-black,club.html?club=stanford,,,,
12U Boys,72,680 Blue,680-blue,680,680,East Bay,2,secondary/B-level,1526.6,0,16,Pacific Zone JO Qualifier,4-3,,,possible_duplicate_team_name|same_club_depth_collision|same_club_multiple_teams_in_group,Review whether this is a true separate team or alias merge. Confirm A/B/C/color team hierarchy and canonical naming.,680 A #18 (680-a-12u-boys); 680 Red #44 (680-red); 680 White #50 (680-white),680 A #18 depth=1; 680 Red #44 depth=1; 680 White #50 depth=1,,,,assets/logos/canonical/680.webp,team.html?team=680-blue,club.html?club=680,,,,
12U Boys,73,La Jolla United Navy,la-jolla-united-navy,La Jolla United,la-jolla-united,San Diego,1,primary/A-level,1522.1,0,12,KAP7 International,0-4,,,possible_duplicate_team_name|same_club_depth_collision|same_club_multiple_teams_in_group,Review whether this is a true separate team or alias merge. Confirm A/B/C/color team hierarchy and canonical naming.,La Jolla United #16 (la-jolla-united); La Jolla United Gold #75 (la-jolla-united-gold); La Jolla United B #83 (la-jolla-united-b-12u-boys),La Jolla United #16 depth=1; La Jolla United Gold #75 depth=1; La Jolla United B #83 depth=2,,,,assets/logos/canonical/la-jolla-united.webp,team.html?team=la-jolla-united-navy,club.html?club=la-jolla-united,,,,
12U Boys,74,Foothill Black,foothill-black,Foothill Club,foothill-club,Orange County,1,primary/A-level,1520.0,0,5,CCA JO Qualifier,1-4,,,possible_duplicate_team_name|same_club_depth_collision|same_club_multiple_teams_in_group,Review whether this is a true separate team or alias merge. Confirm A/B/C/color team hierarchy and canonical naming.,Foothill Red #31 (foothill-red),Foothill Red #31 depth=1,,,,assets/logos/canonical/foothill-club.webp,team.html?team=foothill-black,club.html?club=foothill-club,,,,
12U Boys,75,La Jolla United Gold,la-jolla-united-gold,La Jolla United,la-jolla-united,San Diego,1,primary/A-level,1516.0,0,8,KAP7 International,2-2,,,possible_duplicate_team_name|same_club_depth_collision|same_club_multiple_teams_in_group,Review whether this is a true separate team or alias merge. Confirm A/B/C/color team hierarchy and canonical naming.,La Jolla United #16 (la-jolla-united); La Jolla United Navy #73 (la-jolla-united-navy); La Jolla United B #83 (la-jolla-united-b-12u-boys),La Jolla United #16 depth=1; La Jolla United Navy #73 depth=1; La Jolla United B #83 depth=2,,,,assets/logos/canonical/la-jolla-united.webp,team.html?team=la-jolla-united-gold,club.html?club=la-jolla-united,,,,
12U Boys,76,CIU Gold,ciu-gold,CIU,ciu,Central Coast,1,primary/A-level,1506.7,0,6,CCA JO Qualifier,1-5,,,possible_duplicate_team_name|same_club_depth_collision|same_club_multiple_teams_in_group,Review whether this is a true separate team or alias merge. Confirm A/B/C/color team hierarchy and canonical naming.,CIU Black #65 (ciu-black),CIU Black #65 depth=1,,,,assets/logos/canonical/ciu.webp,team.html?team=ciu-gold,club.html?club=ciu,,,,
12U Boys,77,Pride,pride,Pride,pride,Inland Empire,1,primary/A-level,1497.5,0,8,Futures Super Finals,1-3,,,no_automated_issue,No action from automated QA; manual audit still optional.,,,,,,assets/logos/canonical/pride.webp,team.html?team=pride,club.html?club=pride,,,,
12U Boys,78,ORWP Red,orwp-red,ORWP,orwp,Los Angeles,1,primary/A-level,1494.9,0,5,CCA JO Qualifier,1-4,,,possible_duplicate_team_name|same_club_depth_collision|same_club_multiple_teams_in_group,Review whether this is a true separate team or alias merge. Confirm A/B/C/color team hierarchy and canonical naming.,ORWP A #21 (orwp-a-12u-boys),ORWP A #21 depth=1,,,,assets/logos/canonical/orwp.webp,team.html?team=orwp-red,club.html?club=orwp,,,,
12U Boys,79,Poway Valley,poway-valley,Poway Valley,poway-valley,San Diego,1,primary/A-level,1493.0,0,8,KAP7 International,2-2,coed_only_review,,official_logo_needed,Collect official logo screenshot/source when available.,,,,,,assets/logos/canonical/poway-valley.webp,team.html?team=poway-valley,club.html?club=poway-valley,,,,
12U Boys,80,CHAWP,chawp,Chawp,chawp,Inland Empire,1,primary/A-level,1485.8,0,7,SOPAC JO Qualifier,1-4,,,no_automated_issue,No action from automated QA; manual audit still optional.,,,,,,assets/logos/canonical/chawp.webp,team.html?team=chawp,club.html?club=chawp,,,,
12U Boys,81,La City United,la-city-united,La City United,la-city-united,Los Angeles,1,primary/A-level,1485.4,0,5,KAP7 International,3-2,coed_only_review,,official_logo_needed,Collect official logo screenshot/source when available.,,,,,,assets/logos/canonical/la-city-united.webp,team.html?team=la-city-united,club.html?club=la-city-united,,,,
12U Boys,82,North Irvine White,north-irvine-white,North Irvine,north-irvine,Orange County,1,primary/A-level,1474.2,0,5,SOPAC JO Qualifier,0-1,,,possible_duplicate_team_name|same_club_depth_collision|same_club_multiple_teams_in_group|team_name_suggests_b_but_depth_primary,Review whether this is a true separate team or alias merge. Confirm A/B/C/color team hierarchy and canonical naming.,North Irvine Black #7 (north-irvine-black),North Irvine Black #7 depth=1,,,,assets/logos/canonical/north-irvine.webp,team.html?team=north-irvine-white,club.html?club=north-irvine,,,,
12U Boys,83,La Jolla United B,la-jolla-united-b-12u-boys,La Jolla United,la-jolla-united,San Diego,2,secondary/B-level,1472.7,0,6,San Diego County Cup,4-2,,,possible_duplicate_team_name|same_club_depth_collision|same_club_multiple_teams_in_group,Review whether this is a true separate team or alias merge. Confirm A/B/C/color team hierarchy and canonical naming.,La Jolla United #16 (la-jolla-united); La Jolla United Navy #73 (la-jolla-united-navy); La Jolla United Gold #75 (la-jolla-united-gold),La Jolla United #16 depth=1; La Jolla United Navy #73 depth=1; La Jolla United Gold #75 depth=1,,,,assets/logos/canonical/la-jolla-united.webp,team.html?team=la-jolla-united-b-12u-boys,club.html?club=la-jolla-united,,,,
12U Boys,84,CDM White,cdm-white,CDM,cdm,Orange County,1,primary/A-level,1472.6,0,13,SOPAC JO Qualifier,1-4,,,possible_duplicate_team_name|same_club_depth_collision|same_club_multiple_teams_in_group|team_name_suggests_b_but_depth_primary,Review whether this is a true separate team or alias merge. Confirm A/B/C/color team hierarchy and canonical naming.,CDM #10 (cdm),CDM #10 depth=1,,,,assets/logos/canonical/cdm.webp,team.html?team=cdm-white,club.html?club=cdm,,,,
12U Boys,85,NGen,ngen,Ngen,ngen,Orange County,1,primary/A-level,1460.9,0,9,San Diego County Cup,1-4,,,official_logo_needed,Collect official logo screenshot/source when available.,,,,,,assets/logos/canonical/ngen.webp,team.html?team=ngen,club.html?club=ngen,,,,
12U Girls,1,Newport Beach A,newport-beach-a-12u-girls,Newport Beach,newport-beach,Orange County,1,primary/A-level,2150.0,0,20,US Club Championships,5-0,,,possible_duplicate_team_name|same_club_multiple_teams_in_group,Review whether this is a true separate team or alias merge. Confirm A/B/C/color team hierarchy and canonical naming.,Newport Beach White #23 (newport-beach-white-12u-girls),Newport Beach White #23 depth=2,,,,assets/logos/canonical/newport-beach.webp,team.html?team=newport-beach-a-12u-girls,club.html?club=newport-beach,,,,
12U Girls,2,Del Mar Blue,del-mar-blue-12u-girls,Del Mar,del-mar,San Diego,1,primary/A-level,2016.2,0,20,US Club Championships,3-2,manual_review_12u_girls_coed_context_capped,,no_automated_issue,No action from automated QA; manual audit still optional.,,,,,,assets/logos/canonical/del-mar.webp,team.html?team=del-mar-blue-12u-girls,club.html?club=del-mar,,,,
12U Girls,3,Lamorinda A,lamorinda-a-12u-girls,Lamorinda,lamorinda,East Bay,1,primary/A-level,1982.7,0,22,US Club Championships,5-1,,,possible_duplicate_team_name|same_club_multiple_teams_in_group,Review whether this is a true separate team or alias merge. Confirm A/B/C/color team hierarchy and canonical naming.,Lamorinda B #22 (lamorinda-b-12u-girls); Lamorinda C #34 (lamorinda-c-12u-girls),Lamorinda B #22 depth=2; Lamorinda C #34 depth=3,,,,assets/logos/canonical/lamorinda.webp,team.html?team=lamorinda-a-12u-girls,club.html?club=lamorinda,,,,
12U Girls,4,San Clemente Red,san-clemente-red-12u-girls,San Clemente,san-clemente,Orange County,1,primary/A-level,1929.7,0,23,Futures Super Finals,2-1,,,possible_duplicate_team_name|same_club_multiple_teams_in_group,Review whether this is a true separate team or alias merge. Confirm A/B/C/color team hierarchy and canonical naming.,San Clemente Black #38 (san-clemente-black-12u-girls),San Clemente Black #38 depth=2,,,,assets/logos/canonical/san-clemente.webp,team.html?team=san-clemente-red-12u-girls,club.html?club=san-clemente,,,,
12U Girls,5,Back Bay Navy,back-bay-navy-12u-girls,Back Bay,back-bay,Orange County,1,primary/A-level,1929.6,0,21,Futures Super Finals,2-1,,,possible_duplicate_team_name|same_club_multiple_teams_in_group,Review whether this is a true separate team or alias merge. Confirm A/B/C/color team hierarchy and canonical naming.,Back Bay Black #27 (back-bay-black-12u-girls),Back Bay Black #27 depth=2,,,,assets/logos/canonical/back-bay.webp,team.html?team=back-bay-navy-12u-girls,club.html?club=back-bay,,,,
12U Girls,6,680 Red,680-red-12u-girls,680,680,East Bay,1,primary/A-level,1904.0,0,13,Pacific Zone JO Quals,4-1,,,no_automated_issue,No action from automated QA; manual audit still optional.,,,,,,assets/logos/canonical/680.webp,team.html?team=680-red-12u-girls,club.html?club=680,,,,
12U Girls,7,Commerce,commerce-12u-girls,Commerce,commerce,Los Angeles,1,primary/A-level,1881.5,0,18,US Club Championships,3-2,,,no_automated_issue,No action from automated QA; manual audit still optional.,,,,,,assets/logos/canonical/commerce.webp,team.html?team=commerce-12u-girls,club.html?club=commerce,,,,
12U Girls,8,Stanford A,stanford-a-12u-girls,Stanford,stanford,Peninsula / San Francisco,1,primary/A-level,1833.1,0,19,US Club Championships,2-3,,,possible_duplicate_team_name|same_club_multiple_teams_in_group,Review whether this is a true separate team or alias merge. Confirm A/B/C/color team hierarchy and canonical naming.,Stanford B #35 (stanford-b-12u-girls),Stanford B #35 depth=2,,,,assets/logos/canonical/stanford.webp,team.html?team=stanford-a-12u-girls,club.html?club=stanford,,,,
12U Girls,9,LA Premier,la-premier-12u-girls,LA Premier,la-premier,Los Angeles,1,primary/A-level,1815.8,0,13,Futures Super Finals,3-2,,,no_automated_issue,No action from automated QA; manual audit still optional.,,,,,,assets/logos/canonical/la-premier.webp,team.html?team=la-premier-12u-girls,club.html?club=la-premier,,,,
12U Girls,10,San Diego Shores,san-diego-shores-12u-girls,San Diego Shores,san-diego-shores,San Diego,1,primary/A-level,1798.2,0,15,US Club Championships,3-2,,,no_automated_issue,No action from automated QA; manual audit still optional.,,,,,,assets/logos/canonical/san-diego-shores.webp,team.html?team=san-diego-shores-12u-girls,club.html?club=san-diego-shores,,,,
12U Girls,11,Shore Aquatics,shore-aquatics-12u-girls,Shore Aquatics,shore-aquatics,Los Angeles,1,primary/A-level,1790.5,0,17,CCA JO Quals,2-3,,,no_automated_issue,No action from automated QA; manual audit still optional.,,,,,,assets/logos/canonical/shore-aquatics.webp,team.html?team=shore-aquatics-12u-girls,club.html?club=shore-aquatics,,,,
12U Girls,12,Temple City,temple-city-12u-girls,Temple City,temple-city,Los Angeles,1,primary/A-level,1766.5,0,13,Futures Super Finals,2-3,,,no_automated_issue,No action from automated QA; manual audit still optional.,,,,,,assets/logos/canonical/temple-city.webp,team.html?team=temple-city-12u-girls,club.html?club=temple-city,,,,
12U Girls,13,Rose Bowl Red,rose-bowl-red-12u-girls,Rose Bowl,rose-bowl,Los Angeles,1,primary/A-level,1763.0,0,19,US Club Championships,2-4,,,no_automated_issue,No action from automated QA; manual audit still optional.,,,,,,assets/logos/canonical/rose-bowl.webp,team.html?team=rose-bowl-red-12u-girls,club.html?club=rose-bowl,,,,
12U Girls,14,Arroyo Grande,arroyo-grande-12u-girls,Arroyo Grande,arroyo-grande,Central Coast,1,primary/A-level,1752.2,0,12,Central Zone JO Quals,4-0,manual_review_12u_girls_coed_context_capped,,no_automated_issue,No action from automated QA; manual audit still optional.,,,,,,assets/logos/canonical/arroyo-grande.webp,team.html?team=arroyo-grande-12u-girls,club.html?club=arroyo-grande,,,,
12U Girls,15,SBWPC A,sbwpc-a-12u-girls,SBWPC,sbwpc,Central Coast,1,primary/A-level,1743.4,0,17,Futures Super Finals,4-0,manual_review_d2_major_event_ceiling_adjustment,Moved down after review: Futures D2 title plus mixed D1 evidence did not support a top-10 ranking.,manual_review_note_present|possible_duplicate_team_name|provisional_or_identity_review|same_club_multiple_teams_in_group,Review whether this is a true separate team or alias merge. Confirm A/B/C/color team hierarchy and canonical naming. Resolve before post-JO recalibration if possible.,SBWPC B #32 (sbwpc-b-12u-girls),SBWPC B #32 depth=2,,,,assets/logos/canonical/sbwpc.webp,team.html?team=sbwpc-a-12u-girls,club.html?club=sbwpc,,,,
12U Girls,16,OCWPC Blue,ocwpc-blue-12u-girls,OCWPC,ocwpc,Orange County,1,primary/A-level,1735.8,0,23,SOPAC JO Quals,3-1,,,no_automated_issue,No action from automated QA; manual audit still optional.,,,,,,assets/logos/canonical/ocwpc.webp,team.html?team=ocwpc-blue-12u-girls,club.html?club=ocwpc,,,,
12U Girls,17,SHAQ,shaq-12u-girls,SHAQ,shaq,Peninsula / San Francisco,1,primary/A-level,1692.1,0,7,Pacific Zone JO Quals,2-2,,,no_automated_issue,No action from automated QA; manual audit still optional.,,,,,,assets/logos/canonical/shaq.webp,team.html?team=shaq-12u-girls,club.html?club=shaq,,,,
12U Girls,18,Tsunami,tsunami-12u-girls,Rancho Tsunami,rancho-tsunami,Inland Empire,1,primary/A-level,1680.9,0,22,US Club Championships,1-4,,,no_automated_issue,No action from automated QA; manual audit still optional.,,,,,,assets/logos/canonical/rancho-tsunami.webp,team.html?team=tsunami-12u-girls,club.html?club=rancho-tsunami,,,,
12U Girls,19,Davis,davis-12u-girls,Davis,davis,Sacramento,1,primary/A-level,1662.3,0,10,Central Zone JO Quals,3-1,,,no_automated_issue,No action from automated QA; manual audit still optional.,,,,,,assets/logos/canonical/davis.webp,team.html?team=davis-12u-girls,club.html?club=davis,,,,
12U Girls,20,CHAWP,chawp-12u-girls,CHAWP,chawp,Inland Empire,1,primary/A-level,1641.0,0,14,US Club Championships,2-3,,,no_automated_issue,No action from automated QA; manual audit still optional.,,,,,,assets/logos/canonical/chawp.webp,team.html?team=chawp-12u-girls,club.html?club=chawp,,,,
12U Girls,21,Foothill,foothill-12u-girls,Foothill,foothill,Orange County,1,primary/A-level,1576.8,0,14,Futures Super Finals,1-4,,,no_automated_issue,No action from automated QA; manual audit still optional.,,,,,,assets/logos/canonical/foothill.webp,team.html?team=foothill-12u-girls,club.html?club=foothill,,,,
12U Girls,22,Lamorinda B,lamorinda-b-12u-girls,Lamorinda,lamorinda,East Bay,2,secondary/B-level,1576.8,0,17,Futures Super Finals,0-4,manual_review_12u_girls_depth_guardrail,,possible_duplicate_team_name|same_club_multiple_teams_in_group,Review whether this is a true separate team or alias merge. Confirm A/B/C/color team hierarchy and canonical naming.,Lamorinda A #3 (lamorinda-a-12u-girls); Lamorinda C #34 (lamorinda-c-12u-girls),Lamorinda A #3 depth=1; Lamorinda C #34 depth=3,,,,assets/logos/canonical/lamorinda.webp,team.html?team=lamorinda-b-12u-girls,club.html?club=lamorinda,,,,
12U Girls,23,Newport Beach White,newport-beach-white-12u-girls,Newport Beach,newport-beach,Orange County,2,secondary/B-level,1570.2,0,6,SOPAC JO Quals,2-2,manual_review_12u_girls_depth_guardrail,,possible_duplicate_team_name|same_club_multiple_teams_in_group,Review whether this is a true separate team or alias merge. Confirm A/B/C/color team hierarchy and canonical naming.,Newport Beach A #1 (newport-beach-a-12u-girls),Newport Beach A #1 depth=1,,,,assets/logos/canonical/newport-beach.webp,team.html?team=newport-beach-white-12u-girls,club.html?club=newport-beach,,,,
12U Girls,24,Los Alamitos Opal,los-alamitos-opal-12u-girls,Los Alamitos,los-alamitos,Orange County,1,primary/A-level,1552.9,0,11,Futures Super Finals,1-2,,,no_automated_issue,No action from automated QA; manual audit still optional.,,,,,,assets/logos/canonical/los-alamitos.webp,team.html?team=los-alamitos-opal-12u-girls,club.html?club=los-alamitos,,,,
12U Girls,25,North Irvine,north-irvine-12u-girls,North Irvine,north-irvine,Orange County,1,primary/A-level,1550.0,0,27,Futures Super Finals,1-3,manual_review_12u_girls_coed_context_capped,,no_automated_issue,No action from automated QA; manual audit still optional.,,,,,,assets/logos/canonical/north-irvine.webp,team.html?team=north-irvine-12u-girls,club.html?club=north-irvine,,,,
12U Girls,26,La Jolla United,la-jolla-united-12u-girls,La Jolla United,la-jolla-united,San Diego,1,primary/A-level,1534.0,0,15,Futures Super Finals,0-3,,,no_automated_issue,No action from automated QA; manual audit still optional.,,,,,,assets/logos/canonical/la-jolla-united.webp,team.html?team=la-jolla-united-12u-girls,club.html?club=la-jolla-united,,,,
12U Girls,27,Back Bay Black,back-bay-black-12u-girls,Back Bay,back-bay,Orange County,2,secondary/B-level,1527.6,0,10,SOPAC JO Quals,1-1,manual_review_12u_girls_depth_guardrail,,possible_duplicate_team_name|same_club_multiple_teams_in_group,Review whether this is a true separate team or alias merge. Confirm A/B/C/color team hierarchy and canonical naming.,Back Bay Navy #5 (back-bay-navy-12u-girls),Back Bay Navy #5 depth=1,,,,assets/logos/canonical/back-bay.webp,team.html?team=back-bay-black-12u-girls,club.html?club=back-bay,,,,
12U Girls,28,South Coast Red,south-coast-red-12u-girls,South Coast,south-coast,Orange County,1,primary/A-level,1509.6,0,19,Futures Super Finals,0-4,,,no_automated_issue,No action from automated QA; manual audit still optional.,,,,,,assets/logos/canonical/south-coast.webp,team.html?team=south-coast-red-12u-girls,club.html?club=south-coast,,,,
12U Girls,29,Palos Verdes,palos-verdes-12u-girls,Palos Verdes,palos-verdes,Los Angeles,1,primary/A-level,1501.0,0,6,Turbo OC Cup,3-1,manual_review_12u_girls_coed_context_capped|manual_review_12u_girls_d2_guardrail,,no_automated_issue,No action from automated QA; manual audit still optional.,,,,,,assets/logos/canonical/palos-verdes.webp,team.html?team=palos-verdes-12u-girls,club.html?club=palos-verdes,,,,
12U Girls,30,Laguna Beach,laguna-beach-12u-girls,Laguna Beach,laguna-beach,Orange County,1,primary/A-level,1499.6,0,12,SOPAC JO Quals,1-3,manual_review_12u_girls_coed_context_capped,,no_automated_issue,No action from automated QA; manual audit still optional.,,,,,,assets/logos/canonical/laguna-beach.webp,team.html?team=laguna-beach-12u-girls,club.html?club=laguna-beach,,,,
12U Girls,31,CIU,ciu-12u-girls,CIU,ciu,Central Coast,1,primary/A-level,1493.5,0,5,CCA JO Quals,1-4,manual_review_12u_girls_low_game_count,,no_automated_issue,No action from automated QA; manual audit still optional.,,,,,,assets/logos/canonical/ciu.webp,team.html?team=ciu-12u-girls,club.html?club=ciu,,,,
12U Girls,32,SBWPC B,sbwpc-b-12u-girls,SBWPC,sbwpc,Central Coast,2,secondary/B-level,1486.0,0,5,CCA JO Quals,2-3,manual_review_12u_girls_depth_guardrail|manual_review_12u_girls_low_game_count,,possible_duplicate_team_name|same_club_multiple_teams_in_group,Review whether this is a true separate team or alias merge. Confirm A/B/C/color team hierarchy and canonical naming.,SBWPC A #15 (sbwpc-a-12u-girls),SBWPC A #15 depth=1,,,,assets/logos/canonical/sbwpc.webp,team.html?team=sbwpc-b-12u-girls,club.html?club=sbwpc,,,,
12U Girls,33,Diablo Alliance A,diablo-alliance-a-12u-girls,Diablo Alliance,diablo-alliance,East Bay,1,primary/A-level,1457.6,0,9,US Club Championships,0-5,,,no_automated_issue,No action from automated QA; manual audit still optional.,,,,,,assets/logos/canonical/diablo-alliance.webp,team.html?team=diablo-alliance-a-12u-girls,club.html?club=diablo-alliance,,,,
12U Girls,34,Lamorinda C,lamorinda-c-12u-girls,Lamorinda,lamorinda,East Bay,3,tertiary/C-level,1451.0,0,7,Pacific Zone JO Quals,2-3,manual_review_12u_girls_depth_guardrail,,possible_duplicate_team_name|same_club_multiple_teams_in_group,Review whether this is a true separate team or alias merge. Confirm A/B/C/color team hierarchy and canonical naming.,Lamorinda A #3 (lamorinda-a-12u-girls); Lamorinda B #22 (lamorinda-b-12u-girls),Lamorinda A #3 depth=1; Lamorinda B #22 depth=2,,,,assets/logos/canonical/lamorinda.webp,team.html?team=lamorinda-c-12u-girls,club.html?club=lamorinda,,,,
12U Girls,35,Stanford B,stanford-b-12u-girls,Stanford,stanford,Peninsula / San Francisco,2,secondary/B-level,1429.3,0,5,Pacific Zone JO Quals,1-4,manual_review_12u_girls_depth_guardrail|manual_review_12u_girls_low_game_count,,possible_duplicate_team_name|same_club_multiple_teams_in_group,Review whether this is a true separate team or alias merge. Confirm A/B/C/color team hierarchy and canonical naming.,Stanford A #8 (stanford-a-12u-girls),Stanford A #8 depth=1,,,,assets/logos/canonical/stanford.webp,team.html?team=stanford-b-12u-girls,club.html?club=stanford,,,,
12U Girls,36,CMAC,cmac-12u-girls,CMAC,cmac,Orange County,1,primary/A-level,1403.4,0,14,SOPAC JO Quals,0-2,manual_review_12u_girls_coed_context_capped,,official_logo_needed,Collect official logo screenshot/source when available.,,,,,,assets/logos/canonical/cmac.webp,team.html?team=cmac-12u-girls,club.html?club=cmac,,,,
12U Girls,37,Whittier,whittier-12u-girls,Whittier,whittier,Los Angeles,1,primary/A-level,1395.6,0,5,CCA JO Quals,0-5,manual_review_12u_girls_low_game_count,,official_logo_needed,Collect official logo screenshot/source when available.,,,,,,assets/logos/canonical/whittier.webp,team.html?team=whittier-12u-girls,club.html?club=whittier,,,,
12U Girls,38,San Clemente Black,san-clemente-black-12u-girls,San Clemente,san-clemente,Orange County,2,secondary/B-level,1360.0,0,7,SOPAC JO Quals,0-3,manual_review_12u_girls_depth_guardrail,,possible_duplicate_team_name|same_club_multiple_teams_in_group,Review whether this is a true separate team or alias merge. Confirm A/B/C/color team hierarchy and canonical naming.,San Clemente Red #4 (san-clemente-red-12u-girls),San Clemente Red #4 depth=1,,,,assets/logos/canonical/san-clemente.webp,team.html?team=san-clemente-black-12u-girls,club.html?club=san-clemente,,,,
14U Boys,1,NorCal A,norcal-a,NorCal,norcal,Peninsula / San Francisco,1,primary/A-level,2161.0,1,8,Quiksilver Cup,1 of 16,quiksilver_cup_2026_evidence_added|quiksilver_cup_2026_lightweight_adjustment,,possible_duplicate_team_name|quiksilver_evidence_review|same_club_multiple_teams_in_group,Review whether this is a true separate team or alias merge. Confirm A/B/C/color team hierarchy and canonical naming. Confirm Quiksilver alias/team identity and lightweight movement is acceptable.,NorCal B #58 (norcal-b); NorCal C #80 (norcal-c),NorCal B #58 depth=2; NorCal C #80 depth=3,,,,assets/logos/canonical/norcal.webp,team.html?team=norcal-a,club.html?club=norcal,,,,
14U Boys,2,Mission A,mission-a,Mission,mission,Orange County,1,primary/A-level,2076.3,1,14,Quiksilver Cup,3 of 16,quiksilver_cup_2026_evidence_added|quiksilver_cup_2026_lightweight_adjustment,,possible_duplicate_team_name|quiksilver_evidence_review|same_club_multiple_teams_in_group,Review whether this is a true separate team or alias merge. Confirm A/B/C/color team hierarchy and canonical naming. Confirm Quiksilver alias/team identity and lightweight movement is acceptable.,Mission B #22 (mission-b),Mission B #22 depth=2,,,,assets/logos/canonical/mission.webp,team.html?team=mission-a,club.html?club=mission,,,,
14U Boys,3,La Jolla United A,la-jolla-united-a,La Jolla United,la-jolla-united,San Diego,1,primary/A-level,2068.0,-2,10,Quiksilver Cup,15 of 16,quiksilver_cup_2026_evidence_added|quiksilver_cup_2026_lightweight_adjustment,,possible_duplicate_team_name|quiksilver_evidence_review|same_club_multiple_teams_in_group,Review whether this is a true separate team or alias merge. Confirm A/B/C/color team hierarchy and canonical naming. Confirm Quiksilver alias/team identity and lightweight movement is acceptable.,La Jolla United B #41 (la-jolla-united-b),La Jolla United B #41 depth=2,,,,assets/logos/canonical/la-jolla-united.webp,team.html?team=la-jolla-united-a,club.html?club=la-jolla-united,,,,
14U Boys,4,Newport Beach A,newport-beach-a,Newport Beach,newport-beach,Orange County,1,primary/A-level,2037.7,3,6,Quiksilver Cup,2 of 16,quiksilver_cup_2026_evidence_added|quiksilver_cup_2026_lightweight_adjustment,,possible_duplicate_team_name|quiksilver_evidence_review|same_club_multiple_teams_in_group,Review whether this is a true separate team or alias merge. Confirm A/B/C/color team hierarchy and canonical naming. Confirm Quiksilver alias/team identity and lightweight movement is acceptable.,Newport Beach B #34 (newport-beach-b),Newport Beach B #34 depth=2,,,,assets/logos/canonical/newport-beach.webp,team.html?team=newport-beach-a,club.html?club=newport-beach,,,,
14U Boys,5,LA Premier A,la-premier-a,LA Premier,la-premier,Los Angeles,1,primary/A-level,2011.0,-1,6,Quiksilver Cup,4 of 16,quiksilver_cup_2026_evidence_added|quiksilver_cup_2026_lightweight_adjustment,,quiksilver_evidence_review,Confirm Quiksilver alias/team identity and lightweight movement is acceptable.,,,,,,assets/logos/canonical/la-premier.webp,team.html?team=la-premier-a,club.html?club=la-premier,,,,
14U Boys,6,CIU A,ciu-a,CIU,ciu,Central Coast,1,primary/A-level,2006.1,2,5,Quiksilver Cup,5 of 16,quiksilver_cup_2026_evidence_added|quiksilver_cup_2026_lightweight_adjustment,,quiksilver_evidence_review,Confirm Quiksilver alias/team identity and lightweight movement is acceptable.,,,,,,assets/logos/canonical/ciu.webp,team.html?team=ciu-a,club.html?club=ciu,,,,
14U Boys,7,SD Dons A,sd-dons-a,SD Dons,sd-dons,San Diego,1,primary/A-level,2000.9,-2,6,Quiksilver Cup,14 of 16,quiksilver_cup_2026_evidence_added|quiksilver_cup_2026_lightweight_adjustment,,possible_duplicate_team_name|quiksilver_evidence_review|same_club_multiple_teams_in_group,Review whether this is a true separate team or alias merge. Confirm A/B/C/color team hierarchy and canonical naming. Confirm Quiksilver alias/team identity and lightweight movement is acceptable.,SD Dons B #65 (sd-dons-b),SD Dons B #65 depth=2,,,,assets/logos/canonical/sd-dons.webp,team.html?team=sd-dons-a,club.html?club=sd-dons,,,,
14U Boys,8,OVAC A,ovac-a,OVAC,ovac,Los Angeles,1,primary/A-level,1992.6,-2,6,Futures Super Finals,3-3,quiksilver_cup_2026_evidence_added|quiksilver_cup_2026_lightweight_adjustment,,quiksilver_evidence_review,Confirm Quiksilver alias/team identity and lightweight movement is acceptable.,,,,,,assets/logos/canonical/ovac.webp,team.html?team=ovac-a,club.html?club=ovac,,,,
14U Boys,9,908,908,908,908,Central Coast,1,primary/A-level,1981.6,0,6,Quiksilver Cup,7 of 16,quiksilver_cup_2026_evidence_added|quiksilver_cup_2026_lightweight_adjustment,,quiksilver_evidence_review,Confirm Quiksilver alias/team identity and lightweight movement is acceptable.,,,,,,assets/logos/canonical/908.webp,team.html?team=908,club.html?club=908,,,,
14U Boys,10,Patriot A,patriot-a,Patriot,patriot,Orange County,1,primary/A-level,1976.3,0,6,Futures Super Finals,2-4,,,possible_duplicate_team_name|same_club_multiple_teams_in_group,Review whether this is a true separate team or alias merge. Confirm A/B/C/color team hierarchy and canonical naming.,Patriot B #28 (patriot-b); Patriot Red #78 (patriot-red),Patriot B #28 depth=2,,,,assets/logos/canonical/patriot.webp,team.html?team=patriot-a,club.html?club=patriot,,,,
14U Boys,11,San Diego Shores A,san-diego-shores-a,San Diego Shores,san-diego-shores,San Diego,1,primary/A-level,1953.0,1,5,Quiksilver Cup,9 of 16,quiksilver_cup_2026_evidence_added|quiksilver_cup_2026_lightweight_adjustment,,quiksilver_evidence_review,Confirm Quiksilver alias/team identity and lightweight movement is acceptable.,,,,,,assets/logos/canonical/san-diego-shores.webp,team.html?team=san-diego-shores-a,club.html?club=san-diego-shores,,,,
14U Boys,12,Commerce A,commerce-a,Commerce,commerce,Los Angeles,1,primary/A-level,1949.3,-1,5,Quiksilver Cup,10 of 16,quiksilver_cup_2026_evidence_added|quiksilver_cup_2026_lightweight_adjustment,,quiksilver_evidence_review,Confirm Quiksilver alias/team identity and lightweight movement is acceptable.,,,,,,assets/logos/canonical/commerce.webp,team.html?team=commerce-a,club.html?club=commerce,,,,
14U Boys,13,Stanford A,stanford-a,Stanford,stanford,Peninsula / San Francisco,1,primary/A-level,1948.9,0,6,Futures Super Finals,4-1,,,possible_duplicate_team_name|same_club_multiple_teams_in_group,Review whether this is a true separate team or alias merge. Confirm A/B/C/color team hierarchy and canonical naming.,Stanford B #44 (stanford-b); Stanford C #64 (stanford-c),Stanford B #44 depth=2; Stanford C #64 depth=3,,,,assets/logos/canonical/stanford.webp,team.html?team=stanford-a,club.html?club=stanford,,,,
14U Boys,14,Vanguard A,vanguard-a,Vanguard,vanguard,Orange County,1,primary/A-level,1936.4,0,16,Futures Super Finals,1-4,,,possible_duplicate_team_name|same_club_multiple_teams_in_group,Review whether this is a true separate team or alias merge. Confirm A/B/C/color team hierarchy and canonical naming.,Vanguard B #43 (vanguard-b); Vanguard C #66 (vanguard-c),Vanguard B #43 depth=2; Vanguard C #66 depth=3,,,,assets/logos/canonical/vanguard.webp,team.html?team=vanguard-a,club.html?club=vanguard,,,,
14U Boys,15,Lamorinda A,lamorinda-a,Lamorinda,lamorinda,East Bay,1,primary/A-level,1933.1,1,6,Quiksilver Cup,12 of 16,quiksilver_cup_2026_evidence_added|quiksilver_cup_2026_lightweight_adjustment,,possible_duplicate_team_name|quiksilver_evidence_review|same_club_multiple_teams_in_group,Review whether this is a true separate team or alias merge. Confirm A/B/C/color team hierarchy and canonical naming. Confirm Quiksilver alias/team identity and lightweight movement is acceptable.,Lamorinda B #55 (lamorinda-b); Lamorinda C #103 (lamorinda-c),Lamorinda B #55 depth=2; Lamorinda C #103 depth=3,,,,assets/logos/canonical/lamorinda.webp,team.html?team=lamorinda-a,club.html?club=lamorinda,,,,
14U Boys,16,South Coast A,south-coast-a,South Coast,south-coast,Orange County,1,primary/A-level,1920.2,1,8,Futures Super Finals,3-2,quiksilver_cup_2026_evidence_added|quiksilver_cup_2026_lightweight_adjustment,,possible_duplicate_team_name|quiksilver_evidence_review|same_club_multiple_teams_in_group,Review whether this is a true separate team or alias merge. Confirm A/B/C/color team hierarchy and canonical naming. Confirm Quiksilver alias/team identity and lightweight movement is acceptable.,South Coast B #53 (south-coast-b); South Coast C #91 (south-coast-c),South Coast B #53 depth=2; South Coast C #91 depth=3,,,,assets/logos/canonical/south-coast.webp,team.html?team=south-coast-a,club.html?club=south-coast,,,,
14U Boys,17,Shore Aquatics A,shore-aquatics-a,Shore Aquatics,shore-aquatics,Los Angeles,1,primary/A-level,1914.2,1,11,Futures Super Finals,4-1,d2_team_upper_band_review|quiksilver_cup_2026_evidence_added|quiksilver_cup_2026_lightweight_adjustment,,quiksilver_evidence_review,Confirm Quiksilver alias/team identity and lightweight movement is acceptable.,,,,,,assets/logos/canonical/shore-aquatics.webp,team.html?team=shore-aquatics-a,club.html?club=shore-aquatics,,,,
14U Boys,18,Rancho Tsunami A,rancho-tsunami-a,Rancho Tsunami,rancho-tsunami,Inland Empire,1,primary/A-level,1906.6,-3,5,Quiksilver Cup,16 of 16,d2_team_upper_band_review|quiksilver_cup_2026_evidence_added|quiksilver_cup_2026_lightweight_adjustment,,quiksilver_evidence_review,Confirm Quiksilver alias/team identity and lightweight movement is acceptable.,,,,,,assets/logos/canonical/rancho-tsunami.webp,team.html?team=rancho-tsunami-a,club.html?club=rancho-tsunami,,,,
14U Boys,19,CC United A,cc-united-a,CC United,cc-united,East Bay,1,primary/A-level,1897.0,0,7,Quiksilver Cup,11 of 16,quiksilver_cup_2026_evidence_added|quiksilver_cup_2026_lightweight_adjustment,,possible_duplicate_team_name|quiksilver_evidence_review|same_club_multiple_teams_in_group,Review whether this is a true separate team or alias merge. Confirm A/B/C/color team hierarchy and canonical naming. Confirm Quiksilver alias/team identity and lightweight movement is acceptable.,CC United B #35 (cc-united-b); CC United C #93 (cc-united-c),CC United B #35 depth=2; CC United C #93 depth=3,,,,assets/logos/canonical/cc-united.webp,team.html?team=cc-united-a,club.html?club=cc-united,,,,
14U Boys,20,North Irvine A,north-irvine-a,North Irvine,north-irvine,Orange County,1,primary/A-level,1894.0,4,9,Quiksilver Cup,6 of 16,quiksilver_cup_2026_evidence_added|quiksilver_cup_2026_lightweight_adjustment,,possible_duplicate_team_name|quiksilver_evidence_review|same_club_multiple_teams_in_group,Review whether this is a true separate team or alias merge. Confirm A/B/C/color team hierarchy and canonical naming. Confirm Quiksilver alias/team identity and lightweight movement is acceptable.,North Irvine B #89 (north-irvine-b),North Irvine B #89 depth=2,,,,assets/logos/canonical/north-irvine.webp,team.html?team=north-irvine-a,club.html?club=north-irvine,,,,
14U Boys,21,CDM A,cdm-a,CDM,cdm,Orange County,1,primary/A-level,1886.9,-1,10,Quiksilver Cup,13 of 16,quiksilver_cup_2026_evidence_added|quiksilver_cup_2026_lightweight_adjustment,,quiksilver_evidence_review,Confirm Quiksilver alias/team identity and lightweight movement is acceptable.,,,,,,assets/logos/canonical/cdm.webp,team.html?team=cdm-a,club.html?club=cdm,,,,
14U Boys,22,Mission B,mission-b,Mission,mission,Orange County,2,B/depth team,1886.3,-1,9,Futures Super Finals,4-1,depth_team_top_50_review|depth_team_top_25_review|quiksilver_cup_2026_evidence_added|quiksilver_cup_2026_lightweight_adjustment,,possible_duplicate_team_name|quiksilver_evidence_review|same_club_multiple_teams_in_group,Review whether this is a true separate team or alias merge. Confirm A/B/C/color team hierarchy and canonical naming. Confirm Quiksilver alias/team identity and lightweight movement is acceptable.,Mission A #2 (mission-a),Mission A #2 depth=1,,,,assets/logos/canonical/mission.webp,team.html?team=mission-b,club.html?club=mission,,,,
14U Boys,23,Diablo Alliance A,diablo-alliance-a,Diablo Alliance,diablo-alliance,East Bay,1,primary/A-level,1881.7,-1,5,Futures Super Finals,2-3,quiksilver_cup_2026_evidence_added|quiksilver_cup_2026_lightweight_adjustment,,possible_duplicate_team_name|quiksilver_evidence_review|same_club_multiple_teams_in_group,Review whether this is a true separate team or alias merge. Confirm A/B/C/color team hierarchy and canonical naming. Confirm Quiksilver alias/team identity and lightweight movement is acceptable.,Diablo Alliance B #60 (diablo-alliance-b),Diablo Alliance B #60 depth=2,,,,assets/logos/canonical/diablo-alliance.webp,team.html?team=diablo-alliance-a,club.html?club=diablo-alliance,,,,
14U Boys,24,San Clemente A,san-clemente-a,San Clemente,san-clemente,Orange County,1,primary/A-level,1878.0,-1,5,Futures Super Finals,3-2,quiksilver_cup_2026_evidence_added|quiksilver_cup_2026_lightweight_adjustment,,possible_duplicate_team_name|quiksilver_evidence_review,Review whether this is a true separate team or alias merge. Confirm Quiksilver alias/team identity and lightweight movement is acceptable.,San Clemente Red #70 (san-clemente-red),,,,,assets/logos/canonical/san-clemente.webp,team.html?team=san-clemente-a,club.html?club=san-clemente,,,,
14U Boys,25,Temple City A,temple-city-a,Temple City,temple-city,Los Angeles,1,primary/A-level,1874.0,0,5,Futures Super Finals,4-1,d2_team_upper_band_review,,no_automated_issue,No action from automated QA; manual audit still optional.,,,,,,assets/logos/canonical/temple-city.webp,team.html?team=temple-city-a,club.html?club=temple-city,,,,
14U Boys,26,Pride A,pride-a,Pride,pride,Inland Empire,1,primary/A-level,1849.8,0,6,Futures Super Finals,3-2,,,possible_duplicate_team_name|same_club_multiple_teams_in_group,Review whether this is a true separate team or alias merge. Confirm A/B/C/color team hierarchy and canonical naming.,Pride B #85 (pride-b),Pride B #85 depth=2,,,,assets/logos/canonical/pride.webp,team.html?team=pride-a,club.html?club=pride,,,,
14U Boys,27,SOCAL A,socal-a,SOCAL,socal,Orange County,1,primary/A-level,1849.7,0,5,Futures Super Finals,1-4,,,no_automated_issue,No action from automated QA; manual audit still optional.,,,,,,assets/logos/canonical/socal.webp,team.html?team=socal-a,club.html?club=socal,,,,
14U Boys,28,Patriot B,patriot-b,Patriot,patriot,Orange County,2,B/depth team,1842.6,0,7,Futures Super Finals,3-2,depth_team_top_50_review,,possible_duplicate_team_name|same_club_multiple_teams_in_group,Review whether this is a true separate team or alias merge. Confirm A/B/C/color team hierarchy and canonical naming.,Patriot A #10 (patriot-a); Patriot Red #78 (patriot-red),Patriot A #10 depth=1,,,,assets/logos/canonical/patriot.webp,team.html?team=patriot-b,club.html?club=patriot,,,,
14U Boys,29,Devils Gate A,devils-gate-a,Devils Gate,devils-gate,Los Angeles,1,primary/A-level,1812.4,0,9,Futures Super Finals,4-1,,,official_logo_needed,Collect official logo screenshot/source when available.,,,,,,assets/logos/canonical/devils-gate.webp,team.html?team=devils-gate-a,club.html?club=devils-gate,,,,
14U Boys,30,680 A,680-a,680,680,East Bay,1,primary/A-level,1810.8,0,7,Futures Super Finals,3-2,,,possible_duplicate_team_name|same_club_multiple_teams_in_group,Review whether this is a true separate team or alias merge. Confirm A/B/C/color team hierarchy and canonical naming.,680 B #50 (680-b); 680 C #76 (680-c),680 B #50 depth=2; 680 C #76 depth=3,,,,assets/logos/canonical/680.webp,team.html?team=680-a,club.html?club=680,,,,
14U Boys,31,Davis A,davis-a,Davis,davis,Sacramento,1,primary/A-level,1801.3,0,5,Futures Super Finals,1-4,,,no_automated_issue,No action from automated QA; manual audit still optional.,,,,,,assets/logos/canonical/davis.webp,team.html?team=davis-a,club.html?club=davis,,,,
14U Boys,32,Los Alamitos A,los-alamitos-a,Los Alamitos,los-alamitos,Orange County,1,primary/A-level,1799.0,0,5,Futures Super Finals,3-2,,,no_automated_issue,No action from automated QA; manual audit still optional.,,,,,,assets/logos/canonical/los-alamitos.webp,team.html?team=los-alamitos-a,club.html?club=los-alamitos,,,,
14U Boys,33,Back Bay A,back-bay-a,Back Bay,back-bay,Orange County,1,primary/A-level,1794.2,0,9,Futures Super Finals,3-2,,,no_automated_issue,No action from automated QA; manual audit still optional.,,,,,,assets/logos/canonical/back-bay.webp,team.html?team=back-bay-a,club.html?club=back-bay,,,,
14U Boys,34,Newport Beach B,newport-beach-b,Newport Beach,newport-beach,Orange County,2,B/depth team,1792.1,0,5,Futures Super Finals,3-2,depth_team_top_50_review,,possible_duplicate_team_name|same_club_multiple_teams_in_group,Review whether this is a true separate team or alias merge. Confirm A/B/C/color team hierarchy and canonical naming.,Newport Beach A #4 (newport-beach-a),Newport Beach A #4 depth=1,,,,assets/logos/canonical/newport-beach.webp,team.html?team=newport-beach-b,club.html?club=newport-beach,,,,
14U Boys,35,CC United B,cc-united-b,CC United,cc-united,East Bay,2,B/depth team,1788.9,0,5,Futures Super Finals,3-2,depth_team_top_50_review,,possible_duplicate_team_name|same_club_multiple_teams_in_group,Review whether this is a true separate team or alias merge. Confirm A/B/C/color team hierarchy and canonical naming.,CC United A #19 (cc-united-a); CC United C #93 (cc-united-c),CC United A #19 depth=1; CC United C #93 depth=3,,,,assets/logos/canonical/cc-united.webp,team.html?team=cc-united-b,club.html?club=cc-united,,,,
14U Boys,36,Santa Barbara A,santa-barbara-a,Santa Barbara,santa-barbara,Central Coast,1,primary/A-level,1775.6,0,5,Futures Super Finals,2-3,,,no_automated_issue,No action from automated QA; manual audit still optional.,,,,,,assets/logos/canonical/santa-barbara.webp,team.html?team=santa-barbara-a,club.html?club=santa-barbara,,,,
14U Boys,37,Pegasus A,pegasus-a,Pegasus,pegasus,Peninsula / San Francisco,1,primary/A-level,1775.4,0,5,Futures Super Finals,0-5,,,official_logo_needed,Collect official logo screenshot/source when available.,,,,,,assets/logos/canonical/pegasus.webp,team.html?team=pegasus-a,club.html?club=pegasus,,,,
14U Boys,38,LAWPC A,lawpc-a,LAWPC,lawpc,Los Angeles,1,primary/A-level,1768.7,0,5,Futures Super Finals,4-1,,,no_automated_issue,No action from automated QA; manual audit still optional.,,,,,,assets/logos/canonical/lawpc.webp,team.html?team=lawpc-a,club.html?club=lawpc,,,,
14U Boys,39,Foothill Club A,foothill-club-a,Foothill Club,foothill-club,Orange County,1,primary/A-level,1755.4,0,6,Futures Super Finals,2-3,,,no_automated_issue,No action from automated QA; manual audit still optional.,,,,,,assets/logos/canonical/foothill-club.webp,team.html?team=foothill-club-a,club.html?club=foothill-club,,,,
14U Boys,40,Vegas Renegades A,vegas-renegades-a,Vegas Renegades,vegas-renegades,Out of State,1,primary/A-level,1740.4,0,5,Futures Super Finals,4-1,d3_team_upper_band_review,,no_automated_issue,No action from automated QA; manual audit still optional.,,,,,,assets/logos/canonical/vegas-renegades.webp,team.html?team=vegas-renegades-a,club.html?club=vegas-renegades,,,,
14U Boys,41,La Jolla United B,la-jolla-united-b,La Jolla United,la-jolla-united,San Diego,2,B/depth team,1727.4,0,5,Futures Super Finals,2-3,depth_team_top_50_review,,possible_duplicate_team_name|same_club_multiple_teams_in_group,Review whether this is a true separate team or alias merge. Confirm A/B/C/color team hierarchy and canonical naming.,La Jolla United A #3 (la-jolla-united-a),La Jolla United A #3 depth=1,,,,assets/logos/canonical/la-jolla-united.webp,team.html?team=la-jolla-united-b,club.html?club=la-jolla-united,,,,
14U Boys,42,Skip A,skip-a,Skip,skip,Central Valley,1,primary/A-level,1717.8,0,5,Futures Super Finals,5-0,d3_team_upper_band_review,,no_automated_issue,No action from automated QA; manual audit still optional.,,,,,,assets/logos/canonical/skip.webp,team.html?team=skip-a,club.html?club=skip,,,,
14U Boys,43,Vanguard B,vanguard-b,Vanguard,vanguard,Orange County,2,B/depth team,1711.4,0,11,Futures Super Finals,3-2,depth_team_top_50_review,,possible_duplicate_team_name|same_club_multiple_teams_in_group,Review whether this is a true separate team or alias merge. Confirm A/B/C/color team hierarchy and canonical naming.,Vanguard A #14 (vanguard-a); Vanguard C #66 (vanguard-c),Vanguard A #14 depth=1; Vanguard C #66 depth=3,,,,assets/logos/canonical/vanguard.webp,team.html?team=vanguard-b,club.html?club=vanguard,,,,
14U Boys,44,Stanford B,stanford-b,Stanford,stanford,Peninsula / San Francisco,2,B/depth team,1710.0,0,5,Futures Super Finals,2-3,depth_team_top_50_review,,possible_duplicate_team_name|same_club_multiple_teams_in_group,Review whether this is a true separate team or alias merge. Confirm A/B/C/color team hierarchy and canonical naming.,Stanford A #13 (stanford-a); Stanford C #64 (stanford-c),Stanford A #13 depth=1; Stanford C #64 depth=3,,,,assets/logos/canonical/stanford.webp,team.html?team=stanford-b,club.html?club=stanford,,,,
14U Boys,45,Rose Bowl A,rose-bowl-a,Rose Bowl,rose-bowl,Los Angeles,1,primary/A-level,1699.3,0,5,Futures Super Finals,1-4,,,no_automated_issue,No action from automated QA; manual audit still optional.,,,,,,assets/logos/canonical/rose-bowl.webp,team.html?team=rose-bowl-a,club.html?club=rose-bowl,,,,
14U Boys,46,Northwest A,northwest-a,Northwest,northwest,Out of State,1,primary/A-level,1695.1,0,5,Futures Super Finals,2-3,,,official_logo_needed,Collect official logo screenshot/source when available.,,,,,,assets/logos/canonical/northwest.webp,team.html?team=northwest-a,club.html?club=northwest,,,,
14U Boys,47,Trojan A,trojan-a,Trojan,trojan,Los Angeles,1,primary/A-level,1689.7,0,5,Futures Super Finals,2-3,,,no_automated_issue,No action from automated QA; manual audit still optional.,,,,,,assets/logos/canonical/trojan.webp,team.html?team=trojan-a,club.html?club=trojan,,,,
14U Boys,48,Kingsburg A,kingsburg-a,Kingsburg,kingsburg,Central Valley,1,primary/A-level,1689.5,0,5,Futures Super Finals,2-3,,,official_logo_needed,Collect official logo screenshot/source when available.,,,,,,assets/logos/canonical/kingsburg.webp,team.html?team=kingsburg-a,club.html?club=kingsburg,,,,
14U Boys,49,Alameda A,alameda-a,Alameda,alameda,East Bay,1,primary/A-level,1683.3,0,5,Futures Super Finals,3-2,,,no_automated_issue,No action from automated QA; manual audit still optional.,,,,,,assets/logos/canonical/alameda.webp,team.html?team=alameda-a,club.html?club=alameda,,,,
14U Boys,50,680 B,680-b,680,680,East Bay,2,B/depth team,1677.9,0,6,Futures Super Finals,3-2,depth_team_top_50_review,,possible_duplicate_team_name|same_club_multiple_teams_in_group,Review whether this is a true separate team or alias merge. Confirm A/B/C/color team hierarchy and canonical naming.,680 A #30 (680-a); 680 C #76 (680-c),680 A #30 depth=1; 680 C #76 depth=3,,,,assets/logos/canonical/680.webp,team.html?team=680-b,club.html?club=680,,,,
14U Boys,51,SJ Express A,sj-express-a,SJ Express,sj-express,Peninsula / San Francisco,1,primary/A-level,1674.0,0,5,Futures Super Finals,1-4,,,no_automated_issue,No action from automated QA; manual audit still optional.,,,,,,assets/logos/canonical/sj-express.webp,team.html?team=sj-express-a,club.html?club=sj-express,,,,
14U Boys,52,American River A,american-river-a,American River,american-river,Sacramento,1,primary/A-level,1671.9,0,5,Futures Super Finals,1-4,,,possible_duplicate_team_name|same_club_multiple_teams_in_group,Review whether this is a true separate team or alias merge. Confirm A/B/C/color team hierarchy and canonical naming.,American River B #97 (american-river-b),American River B #97 depth=2,,,,assets/logos/canonical/american-river.webp,team.html?team=american-river-a,club.html?club=american-river,,,,
14U Boys,53,South Coast B,south-coast-b,South Coast,south-coast,Orange County,2,B/depth team,1656.6,0,5,Futures Super Finals,3-2,,,possible_duplicate_team_name|same_club_multiple_teams_in_group,Review whether this is a true separate team or alias merge. Confirm A/B/C/color team hierarchy and canonical naming.,South Coast A #16 (south-coast-a); South Coast C #91 (south-coast-c),South Coast A #16 depth=1; South Coast C #91 depth=3,,,,assets/logos/canonical/south-coast.webp,team.html?team=south-coast-b,club.html?club=south-coast,,,,
14U Boys,54,Clovis Red,clovis-red,Clovis Red,clovis-red,Central Valley,1,primary/A-level,1654.9,0,5,Futures Super Finals,1-4,,,no_automated_issue,No action from automated QA; manual audit still optional.,,,,,,assets/logos/canonical/clovis-red.webp,team.html?team=clovis-red,club.html?club=clovis-red,,,,
14U Boys,55,Lamorinda B,lamorinda-b,Lamorinda,lamorinda,East Bay,2,B/depth team,1653.8,0,10,Futures Super Finals,2-3,,,possible_duplicate_team_name|same_club_multiple_teams_in_group,Review whether this is a true separate team or alias merge. Confirm A/B/C/color team hierarchy and canonical naming.,Lamorinda A #15 (lamorinda-a); Lamorinda C #103 (lamorinda-c),Lamorinda A #15 depth=1; Lamorinda C #103 depth=3,,,,assets/logos/canonical/lamorinda.webp,team.html?team=lamorinda-b,club.html?club=lamorinda,,,,
14U Boys,56,SJ Foundation A,sj-foundation-a,SJ Foundation,sj-foundation,Peninsula / San Francisco,1,primary/A-level,1626.0,0,5,Futures Super Finals,3-2,,,official_logo_needed|possible_duplicate_team_name|same_club_multiple_teams_in_group,Review whether this is a true separate team or alias merge. Confirm A/B/C/color team hierarchy and canonical naming. Collect official logo screenshot/source when available.,SJ Foundation B #105 (sj-foundation-b),SJ Foundation B #105 depth=2,,,,assets/logos/canonical/sj-foundation.webp,team.html?team=sj-foundation-a,club.html?club=sj-foundation,,,,
14U Boys,57,PV WPC A,pv-wpc-a,PV WPC,pv-wpc,Los Angeles,1,primary/A-level,1625.4,0,0,Futures Super Finals,—,,,possible_duplicate_team_name|same_club_multiple_teams_in_group,Review whether this is a true separate team or alias merge. Confirm A/B/C/color team hierarchy and canonical naming.,PV WPC B #83 (pv-wpc-b),PV WPC B #83 depth=2,,,,assets/logos/canonical/pv-wpc.webp,team.html?team=pv-wpc-a,club.html?club=pv-wpc,,,,
14U Boys,58,NorCal B,norcal-b,NorCal,norcal,Peninsula / San Francisco,2,B/depth team,1618.7,0,5,Futures Super Finals,3-2,,,possible_duplicate_team_name|same_club_multiple_teams_in_group,Review whether this is a true separate team or alias merge. Confirm A/B/C/color team hierarchy and canonical naming.,NorCal A #1 (norcal-a); NorCal C #80 (norcal-c),NorCal A #1 depth=1; NorCal C #80 depth=3,,,,assets/logos/canonical/norcal.webp,team.html?team=norcal-b,club.html?club=norcal,,,,
14U Boys,59,Titans A,titans-a,Titans,titans,Los Angeles,1,primary/A-level,1605.7,0,5,Futures Super Finals,2-3,,,no_automated_issue,No action from automated QA; manual audit still optional.,,,,,,assets/logos/canonical/titans.webp,team.html?team=titans-a,club.html?club=titans,,,,
14U Boys,60,Diablo Alliance B,diablo-alliance-b,Diablo Alliance,diablo-alliance,East Bay,2,B/depth team,1601.1,0,5,Futures Super Finals,2-3,,,possible_duplicate_team_name|same_club_multiple_teams_in_group,Review whether this is a true separate team or alias merge. Confirm A/B/C/color team hierarchy and canonical naming.,Diablo Alliance A #23 (diablo-alliance-a),Diablo Alliance A #23 depth=1,,,,assets/logos/canonical/diablo-alliance.webp,team.html?team=diablo-alliance-b,club.html?club=diablo-alliance,,,,
14U Boys,61,San Francisco A,san-francisco-a,San Francisco,san-francisco,Peninsula / San Francisco,1,primary/A-level,1597.1,0,5,Futures Super Finals,0-5,,,official_logo_needed,Collect official logo screenshot/source when available.,,,,,,assets/logos/canonical/san-francisco.webp,team.html?team=san-francisco-a,club.html?club=san-francisco,,,,
14U Boys,62,CVU A,cvu-a,CVU,cvu,Central Valley,1,primary/A-level,1594.1,0,5,Futures Super Finals,2-3,,,official_logo_needed,Collect official logo screenshot/source when available.,,,,,,assets/logos/canonical/cvu.webp,team.html?team=cvu-a,club.html?club=cvu,,,,
14U Boys,63,Poway Valley Black,poway-valley-black,Poway Valley Black,poway-valley-black,San Diego,1,primary/A-level,1579.3,0,8,Futures Super Finals,—,,,official_logo_needed,Collect official logo screenshot/source when available.,,,,,,assets/logos/canonical/poway-valley-black.webp,team.html?team=poway-valley-black,club.html?club=poway-valley-black,,,,
14U Boys,64,Stanford C,stanford-c,Stanford,stanford,Peninsula / San Francisco,3,C/depth team,1572.6,0,5,Futures Super Finals,2-3,,,possible_duplicate_team_name|same_club_multiple_teams_in_group,Review whether this is a true separate team or alias merge. Confirm A/B/C/color team hierarchy and canonical naming.,Stanford A #13 (stanford-a); Stanford B #44 (stanford-b),Stanford A #13 depth=1; Stanford B #44 depth=2,,,,assets/logos/canonical/stanford.webp,team.html?team=stanford-c,club.html?club=stanford,,,,
14U Boys,65,SD Dons B,sd-dons-b,SD Dons,sd-dons,San Diego,2,B/depth team,1571.6,0,4,Futures Super Finals,—,low_game_count_review,,possible_duplicate_team_name|same_club_multiple_teams_in_group,Review whether this is a true separate team or alias merge. Confirm A/B/C/color team hierarchy and canonical naming.,SD Dons A #7 (sd-dons-a),SD Dons A #7 depth=1,,,,assets/logos/canonical/sd-dons.webp,team.html?team=sd-dons-b,club.html?club=sd-dons,,,,
14U Boys,66,Vanguard C,vanguard-c,Vanguard,vanguard,Orange County,3,C/depth team,1551.6,0,0,Futures Super Finals,—,,,possible_duplicate_team_name|same_club_multiple_teams_in_group,Review whether this is a true separate team or alias merge. Confirm A/B/C/color team hierarchy and canonical naming.,Vanguard A #14 (vanguard-a); Vanguard B #43 (vanguard-b),Vanguard A #14 depth=1; Vanguard B #43 depth=2,,,,assets/logos/canonical/vanguard.webp,team.html?team=vanguard-c,club.html?club=vanguard,,,,
14U Boys,67,Sharks A,sharks-a,Sharks,sharks,Peninsula / San Francisco,1,primary/A-level,1546.8,0,0,Futures Super Finals,—,,,official_logo_needed,Collect official logo screenshot/source when available.,,,,,,assets/logos/canonical/sharks.webp,team.html?team=sharks-a,club.html?club=sharks,,,,
14U Boys,68,Pasadena AC A,pasadena-ac-a,Pasadena AC,pasadena-ac,Los Angeles,1,primary/A-level,1545.7,0,0,Futures Super Finals,—,,,official_logo_needed,Collect official logo screenshot/source when available.,,,,,,assets/logos/canonical/pasadena-ac.webp,team.html?team=pasadena-ac-a,club.html?club=pasadena-ac,,,,
14U Boys,69,Supreme A,supreme-a,Supreme,supreme,Los Angeles,1,primary/A-level,1544.5,0,5,Futures Super Finals,2-3,,,no_automated_issue,No action from automated QA; manual audit still optional.,,,,,,assets/logos/canonical/supreme.webp,team.html?team=supreme-a,club.html?club=supreme,,,,
14U Boys,70,San Clemente Red,san-clemente-red,San Clemente Red,san-clemente-red,Orange County,1,primary/A-level,1543.5,0,17,Futures Super Finals,—,,,possible_duplicate_team_name,Review whether this is a true separate team or alias merge.,San Clemente A #24 (san-clemente-a),,,,,assets/logos/canonical/san-clemente-red.webp,team.html?team=san-clemente-red,club.html?club=san-clemente-red,,,,
14U Boys,71,OCWPC A,ocwpc-a,OCWPC,ocwpc,Orange County,1,primary/A-level,1539.6,0,0,Futures Super Finals,—,,,possible_duplicate_team_name|same_club_multiple_teams_in_group,Review whether this is a true separate team or alias merge. Confirm A/B/C/color team hierarchy and canonical naming.,OCWPC B #73 (ocwpc-b),OCWPC B #73 depth=2,,,,assets/logos/canonical/ocwpc.webp,team.html?team=ocwpc-a,club.html?club=ocwpc,,,,
14U Boys,72,Loyola WPC A,loyola-wpc-a,Loyola WPC,loyola-wpc,Los Angeles,1,primary/A-level,1537.9,0,0,Futures Super Finals,—,,,official_logo_needed,Collect official logo screenshot/source when available.,,,,,,assets/logos/canonical/loyola-wpc.webp,team.html?team=loyola-wpc-a,club.html?club=loyola-wpc,,,,
14U Boys,73,OCWPC B,ocwpc-b,OCWPC,ocwpc,Orange County,2,B/depth team,1537.5,0,0,Futures Super Finals,—,,,possible_duplicate_team_name|same_club_multiple_teams_in_group,Review whether this is a true separate team or alias merge. Confirm A/B/C/color team hierarchy and canonical naming.,OCWPC A #71 (ocwpc-a),OCWPC A #71 depth=1,,,,assets/logos/canonical/ocwpc.webp,team.html?team=ocwpc-b,club.html?club=ocwpc,,,,
14U Boys,74,Hieland A,hieland-a,Hieland,hieland,Orange County,1,primary/A-level,1531.2,0,0,Futures Super Finals,—,,,official_logo_needed,Collect official logo screenshot/source when available.,,,,,,assets/logos/canonical/hieland.webp,team.html?team=hieland-a,club.html?club=hieland,,,,
14U Boys,75,SHAQ A,shaq-a,SHAQ,shaq,Peninsula / San Francisco,1,primary/A-level,1529.1,0,0,Futures Super Finals,—,,,possible_duplicate_team_name|same_club_multiple_teams_in_group,Review whether this is a true separate team or alias merge. Confirm A/B/C/color team hierarchy and canonical naming.,SHAQ B #84 (shaq-b),SHAQ B #84 depth=2,,,,assets/logos/canonical/shaq.webp,team.html?team=shaq-a,club.html?club=shaq,,,,
14U Boys,76,680 C,680-c,680,680,East Bay,3,C/depth team,1527.9,0,7,Futures Super Finals,1-4,,,possible_duplicate_team_name|same_club_multiple_teams_in_group,Review whether this is a true separate team or alias merge. Confirm A/B/C/color team hierarchy and canonical naming.,680 A #30 (680-a); 680 B #50 (680-b),680 A #30 depth=1; 680 B #50 depth=2,,,,assets/logos/canonical/680.webp,team.html?team=680-c,club.html?club=680,,,,
14U Boys,77,Sand Canyon A,sand-canyon-a,Sand Canyon,sand-canyon,Orange County,1,primary/A-level,1525.7,0,0,Futures Super Finals,—,,,no_automated_issue,No action from automated QA; manual audit still optional.,,,,,,assets/logos/canonical/sand-canyon.webp,team.html?team=sand-canyon-a,club.html?club=sand-canyon,,,,
14U Boys,78,Patriot Red,patriot-red,Patriot Red,patriot-red,Orange County,1,primary/A-level,1525.5,0,0,Futures Super Finals,—,,,possible_duplicate_team_name,Review whether this is a true separate team or alias merge.,Patriot A #10 (patriot-a); Patriot B #28 (patriot-b),,,,,assets/logos/canonical/patriot-red.webp,team.html?team=patriot-red,club.html?club=patriot-red,,,,
14U Boys,79,Gold Coast A,gold-coast-a,Gold Coast,gold-coast,Central Coast,1,primary/A-level,1518.7,0,0,Futures Super Finals,—,,,official_logo_needed,Collect official logo screenshot/source when available.,,,,,,assets/logos/canonical/gold-coast.webp,team.html?team=gold-coast-a,club.html?club=gold-coast,,,,
14U Boys,80,NorCal C,norcal-c,NorCal,norcal,Peninsula / San Francisco,3,C/depth team,1512.2,0,0,Futures Super Finals,—,,,possible_duplicate_team_name|same_club_multiple_teams_in_group,Review whether this is a true separate team or alias merge. Confirm A/B/C/color team hierarchy and canonical naming.,NorCal A #1 (norcal-a); NorCal B #58 (norcal-b),NorCal A #1 depth=1; NorCal B #58 depth=2,,,,assets/logos/canonical/norcal.webp,team.html?team=norcal-c,club.html?club=norcal,,,,
14U Boys,81,Brea Olinda Gold,brea-olinda-gold,Brea Olinda Gold,brea-olinda-gold,Orange County,2,B/depth or lower color team,1506.5,0,2,Futures Super Finals,—,low_game_count_review,,official_logo_needed,Collect official logo screenshot/source when available.,,,,,,assets/logos/canonical/brea-olinda-gold.webp,team.html?team=brea-olinda-gold,club.html?club=brea-olinda-gold,,,,
14U Boys,82,SD ECA A,sd-eca-a,SD ECA,sd-eca,San Diego,1,primary/A-level,1505.3,0,0,Futures Super Finals,—,,,official_logo_needed,Collect official logo screenshot/source when available.,,,,,,assets/logos/canonical/sd-eca.webp,team.html?team=sd-eca-a,club.html?club=sd-eca,,,,
14U Boys,83,PV WPC B,pv-wpc-b,PV WPC,pv-wpc,Los Angeles,2,B/depth team,1504.9,0,0,Futures Super Finals,—,,,possible_duplicate_team_name|same_club_multiple_teams_in_group,Review whether this is a true separate team or alias merge. Confirm A/B/C/color team hierarchy and canonical naming.,PV WPC A #57 (pv-wpc-a),PV WPC A #57 depth=1,,,,assets/logos/canonical/pv-wpc.webp,team.html?team=pv-wpc-b,club.html?club=pv-wpc,,,,
14U Boys,84,SHAQ B,shaq-b,SHAQ,shaq,Peninsula / San Francisco,2,B/depth team,1500.7,0,0,Futures Super Finals,—,,,possible_duplicate_team_name|same_club_multiple_teams_in_group,Review whether this is a true separate team or alias merge. Confirm A/B/C/color team hierarchy and canonical naming.,SHAQ A #75 (shaq-a),SHAQ A #75 depth=1,,,,assets/logos/canonical/shaq.webp,team.html?team=shaq-b,club.html?club=shaq,,,,
14U Boys,85,Pride B,pride-b,Pride,pride,Inland Empire,2,B/depth team,1500.2,0,4,Futures Super Finals,—,low_game_count_review,,possible_duplicate_team_name|same_club_multiple_teams_in_group,Review whether this is a true separate team or alias merge. Confirm A/B/C/color team hierarchy and canonical naming.,Pride A #26 (pride-a),Pride A #26 depth=1,,,,assets/logos/canonical/pride.webp,team.html?team=pride-b,club.html?club=pride,,,,
14U Boys,86,Nado A,nado-a,Nado,nado,San Diego,1,primary/A-level,1500.1,0,0,Futures Super Finals,—,,,official_logo_needed,Collect official logo screenshot/source when available.,,,,,,assets/logos/canonical/nado.webp,team.html?team=nado-a,club.html?club=nado,,,,
14U Boys,87,ORWP A,orwp-a,ORWP,orwp,Los Angeles,1,primary/A-level,1500.0,0,2,Futures Super Finals,—,low_game_count_review,,no_automated_issue,No action from automated QA; manual audit still optional.,,,,,,assets/logos/canonical/orwp.webp,team.html?team=orwp-a,club.html?club=orwp,,,,
14U Boys,88,CT Premier A,ct-premier-a,CT Premier,ct-premier,Out of State,1,primary/A-level,1492.0,0,0,Futures Super Finals,—,,,official_logo_needed,Collect official logo screenshot/source when available.,,,,,,assets/logos/canonical/ct-premier.webp,team.html?team=ct-premier-a,club.html?club=ct-premier,,,,
14U Boys,89,North Irvine B,north-irvine-b,North Irvine,north-irvine,Orange County,2,B/depth team,1490.2,0,12,Futures Super Finals,0-5,,,possible_duplicate_team_name|same_club_multiple_teams_in_group,Review whether this is a true separate team or alias merge. Confirm A/B/C/color team hierarchy and canonical naming.,North Irvine A #20 (north-irvine-a),North Irvine A #20 depth=1,,,,assets/logos/canonical/north-irvine.webp,team.html?team=north-irvine-b,club.html?club=north-irvine,,,,
14U Boys,90,Santa Cruz A,santa-cruz-a,Santa Cruz,santa-cruz,Central Coast,1,primary/A-level,1482.3,0,0,Futures Super Finals,—,,,no_automated_issue,No action from automated QA; manual audit still optional.,,,,,,assets/logos/canonical/santa-cruz.webp,team.html?team=santa-cruz-a,club.html?club=santa-cruz,,,,
14U Boys,91,South Coast C,south-coast-c,South Coast,south-coast,Orange County,3,C/depth team,1482.3,0,0,Futures Super Finals,—,,,possible_duplicate_team_name|same_club_multiple_teams_in_group,Review whether this is a true separate team or alias merge. Confirm A/B/C/color team hierarchy and canonical naming.,South Coast A #16 (south-coast-a); South Coast B #53 (south-coast-b),South Coast A #16 depth=1; South Coast B #53 depth=2,,,,assets/logos/canonical/south-coast.webp,team.html?team=south-coast-c,club.html?club=south-coast,,,,
14U Boys,92,Route 66 Aquatics A,route-66-aquatics-a,Route 66 Aquatics,route-66-aquatics,Inland Empire,1,primary/A-level,1479.9,0,0,Quiksilver Cup,8 of 16,quiksilver_cup_2026_evidence_added|quiksilver_cup_2026_lightweight_adjustment,,official_logo_needed|quiksilver_evidence_review,Collect official logo screenshot/source when available. Confirm Quiksilver alias/team identity and lightweight movement is acceptable.,,,,,,assets/logos/canonical/route-66-aquatics.webp,team.html?team=route-66-aquatics-a,club.html?club=route-66-aquatics,,,,
14U Boys,93,CC United C,cc-united-c,CC United,cc-united,East Bay,3,C/depth team,1477.5,0,0,Futures Super Finals,—,,,possible_duplicate_team_name|same_club_multiple_teams_in_group,Review whether this is a true separate team or alias merge. Confirm A/B/C/color team hierarchy and canonical naming.,CC United A #19 (cc-united-a); CC United B #35 (cc-united-b),CC United A #19 depth=1; CC United B #35 depth=2,,,,assets/logos/canonical/cc-united.webp,team.html?team=cc-united-c,club.html?club=cc-united,,,,
14U Boys,94,Burlingame A,burlingame-a,Burlingame,burlingame,Peninsula / San Francisco,1,primary/A-level,1476.4,0,0,Futures Super Finals,—,,,official_logo_needed,Collect official logo screenshot/source when available.,,,,,,assets/logos/canonical/burlingame.webp,team.html?team=burlingame-a,club.html?club=burlingame,,,,
14U Boys,95,Trilogy A,trilogy-a,Trilogy,trilogy,San Diego,1,primary/A-level,1475.4,0,0,Futures Super Finals,—,,,official_logo_needed,Collect official logo screenshot/source when available.,,,,,,assets/logos/canonical/trilogy.webp,team.html?team=trilogy-a,club.html?club=trilogy,,,,
14U Boys,96,Set A,set-a,Set,set,Orange County,1,primary/A-level,1475.2,0,0,Futures Super Finals,—,,,no_automated_issue,No action from automated QA; manual audit still optional.,,,,,,assets/logos/canonical/set.webp,team.html?team=set-a,club.html?club=set,,,,
14U Boys,97,American River B,american-river-b,American River,american-river,Sacramento,2,B/depth team,1474.3,0,5,Futures Super Finals,1-4,,,possible_duplicate_team_name|same_club_multiple_teams_in_group,Review whether this is a true separate team or alias merge. Confirm A/B/C/color team hierarchy and canonical naming.,American River A #52 (american-river-a),American River A #52 depth=1,,,,assets/logos/canonical/american-river.webp,team.html?team=american-river-b,club.html?club=american-river,,,,
14U Boys,98,Honolulu Green A,honolulu-green-a,Honolulu Green,honolulu-green,Out of State,1,primary/A-level,1472.9,0,0,Futures Super Finals,—,,,official_logo_needed|possible_duplicate_team_name,Review whether this is a true separate team or alias merge. Collect official logo screenshot/source when available.,Honolulu Blue #100 (honolulu-blue),,,,,assets/logos/canonical/honolulu-green.webp,team.html?team=honolulu-green-a,club.html?club=honolulu-green,,,,
14U Boys,99,Triton Gold,triton-gold,Triton Gold,triton-gold,East Bay,2,B/depth or lower color team,1465.1,0,2,Futures Super Finals,—,low_game_count_review,,official_logo_needed,Collect official logo screenshot/source when available.,,,,,,assets/logos/canonical/triton-gold.webp,team.html?team=triton-gold,club.html?club=triton-gold,,,,
14U Boys,100,Honolulu Blue,honolulu-blue,Honolulu Blue,honolulu-blue,Out of State,1,primary/A-level,1464.9,0,2,Futures Super Finals,—,low_game_count_review,,official_logo_needed|possible_duplicate_team_name,Review whether this is a true separate team or alias merge. Collect official logo screenshot/source when available.,Honolulu Green A #98 (honolulu-green-a),,,,,assets/logos/canonical/honolulu-blue.webp,team.html?team=honolulu-blue,club.html?club=honolulu-blue,,,,
14U Boys,101,BOA A,boa-a,BOA,boa,Orange County,1,primary/A-level,1462.5,0,0,Futures Super Finals,—,,,official_logo_needed,Collect official logo screenshot/source when available.,,,,,,assets/logos/canonical/boa.webp,team.html?team=boa-a,club.html?club=boa,,,,
14U Boys,102,Midpen A,midpen-a,Midpen,midpen,Peninsula / San Francisco,1,primary/A-level,1461.7,0,0,Futures Super Finals,—,,,official_logo_needed,Collect official logo screenshot/source when available.,,,,,,assets/logos/canonical/midpen.webp,team.html?team=midpen-a,club.html?club=midpen,,,,
14U Boys,103,Lamorinda C,lamorinda-c,Lamorinda,lamorinda,East Bay,3,C/depth team,1460.4,0,0,Futures Super Finals,—,,,possible_duplicate_team_name|same_club_multiple_teams_in_group,Review whether this is a true separate team or alias merge. Confirm A/B/C/color team hierarchy and canonical naming.,Lamorinda A #15 (lamorinda-a); Lamorinda B #55 (lamorinda-b),Lamorinda A #15 depth=1; Lamorinda B #55 depth=2,,,,assets/logos/canonical/lamorinda.webp,team.html?team=lamorinda-c,club.html?club=lamorinda,,,,
14U Boys,104,Riverside A,riverside-a,Riverside,riverside,Inland Empire,1,primary/A-level,1455.7,0,0,Futures Super Finals,—,,,no_automated_issue,No action from automated QA; manual audit still optional.,,,,,,assets/logos/canonical/riverside.webp,team.html?team=riverside-a,club.html?club=riverside,,,,
14U Boys,105,SJ Foundation B,sj-foundation-b,SJ Foundation,sj-foundation,Peninsula / San Francisco,2,B/depth team,1452.9,0,0,Futures Super Finals,—,,,official_logo_needed|possible_duplicate_team_name|same_club_multiple_teams_in_group,Review whether this is a true separate team or alias merge. Confirm A/B/C/color team hierarchy and canonical naming. Collect official logo screenshot/source when available.,SJ Foundation A #56 (sj-foundation-a),SJ Foundation A #56 depth=1,,,,assets/logos/canonical/sj-foundation.webp,team.html?team=sj-foundation-b,club.html?club=sj-foundation,,,,
14U Boys,106,Tri-Valley Tritons A,tri-valley-tritons-a,Tri-Valley Tritons,tri-valley-tritons,East Bay,1,primary/A-level,1448.7,0,0,Futures Super Finals,—,,,official_logo_needed,Collect official logo screenshot/source when available.,,,,,,assets/logos/canonical/tri-valley-tritons.webp,team.html?team=tri-valley-tritons-a,club.html?club=tri-valley-tritons,,,,
14U Girls,1,Patriot Navy,patriot-navy-14u-girls,Patriot,patriot,Orange County,1,primary/A-level,2151.7,0,19,Futures Super Finals,4-1,futures_usclub_crossover,,possible_duplicate_team_name|same_club_multiple_teams_in_group,Review whether this is a true separate team or alias merge. Confirm A/B/C/color team hierarchy and canonical naming.,Patriot Red #64 (patriot-red-14u-girls),Patriot Red #64 depth=2,,,,assets/logos/canonical/patriot.webp,team.html?team=patriot-navy-14u-girls,club.html?club=patriot,,,,
14U Girls,2,Stanford A,stanford-a-14u-girls,Stanford,stanford,Peninsula / San Francisco,1,primary/A-level,2139.5,1,31,Futures Super Finals,3-3,futures_usclub_crossover|quiksilver_cup_2026_evidence_added|quiksilver_cup_2026_lightweight_adjustment|quiksilver_small_field_cap,,possible_duplicate_team_name|quiksilver_evidence_review|same_club_multiple_teams_in_group,Review whether this is a true separate team or alias merge. Confirm A/B/C/color team hierarchy and canonical naming. Confirm Quiksilver alias/team identity and lightweight movement is acceptable.,Stanford B #34 (stanford-b-14u-girls),Stanford B #34 depth=2,,,,assets/logos/canonical/stanford.webp,team.html?team=stanford-a-14u-girls,club.html?club=stanford,,,,
14U Girls,3,908,908-14u-girls,908,908,Central Coast,1,primary/A-level,2128.8,-1,19,Quiksilver Cup,4 of 5,futures_usclub_crossover|quiksilver_cup_2026_evidence_added|quiksilver_cup_2026_lightweight_adjustment|quiksilver_small_field_cap,,quiksilver_evidence_review,Confirm Quiksilver alias/team identity and lightweight movement is acceptable.,,,,,,assets/logos/canonical/908.webp,team.html?team=908-14u-girls,club.html?club=908,,,,
14U Girls,4,Lamorinda A,lamorinda-a-14u-girls,Lamorinda,lamorinda,East Bay,1,primary/A-level,2118.8,0,20,US Club Championships,3-3,futures_usclub_crossover,,possible_duplicate_team_name|same_club_multiple_teams_in_group,Review whether this is a true separate team or alias merge. Confirm A/B/C/color team hierarchy and canonical naming.,Lamorinda B #35 (lamorinda-b-14u-girls); Lamorinda C #63 (lamorinda-c-14u-girls),Lamorinda B #35 depth=2; Lamorinda C #63 depth=3,,,,assets/logos/canonical/lamorinda.webp,team.html?team=lamorinda-a-14u-girls,club.html?club=lamorinda,,,,
14U Girls,5,San Diego Shores Black,san-diego-shores-black-14u-girls,San Diego Shores,sd-shores,San Diego,1,primary/A-level,2109.3,0,18,Futures Super Finals,4-3,futures_usclub_crossover|manual_review_14u_girls_same_team_alias_merge,Merged alias evidence from Shores Black into San Diego Shores Black for 14U Girls v3.,manual_review_note_present|possible_duplicate_team_name|same_club_depth_collision|same_club_multiple_teams_in_group,Review whether this is a true separate team or alias merge. Confirm A/B/C/color team hierarchy and canonical naming.,San Diego Shores Gold #21 (san-diego-shores-gold-14u-girls); San Diego Shores White #61 (san-diego-shores-white-14u-girls),San Diego Shores Gold #21 depth=2; San Diego Shores White #61 depth=2,,,,assets/logos/canonical/sd-shores.webp,team.html?team=san-diego-shores-black-14u-girls,club.html?club=sd-shores,,,,
14U Girls,6,Diablo Alliance A,diablo-alliance-a-14u-girls,Diablo Alliance,diablo-alliance,East Bay,1,primary/A-level,2100.1,0,10,US Club Championships,5-1,,,no_automated_issue,No action from automated QA; manual audit still optional.,,,,,,assets/logos/canonical/diablo-alliance.webp,team.html?team=diablo-alliance-a-14u-girls,club.html?club=diablo-alliance,,,,
14U Girls,7,SBWPC A,sbwpc-a-14u-girls,Santa Barbara,santa-barbara,Central Coast,1,primary/A-level,2091.2,0,27,Futures Super Finals,3-3,futures_usclub_crossover,,possible_duplicate_team_name|same_club_multiple_teams_in_group,Review whether this is a true separate team or alias merge. Confirm A/B/C/color team hierarchy and canonical naming.,SBWPC B #58 (sbwpc-b-14u-girls),SBWPC B #58 depth=2,,,,assets/logos/canonical/santa-barbara.webp,team.html?team=sbwpc-a-14u-girls,club.html?club=santa-barbara,,,,
14U Girls,8,San Clemente Red,san-clemente-red-14u-girls,San Clemente,san-clemente,Orange County,1,primary/A-level,2082.5,0,21,Futures Super Finals,2-4,futures_usclub_crossover,,possible_duplicate_team_name|same_club_multiple_teams_in_group,Review whether this is a true separate team or alias merge. Confirm A/B/C/color team hierarchy and canonical naming.,San Clemente Black #24 (san-clemente-black-14u-girls),San Clemente Black #24 depth=2,,,,assets/logos/canonical/san-clemente.webp,team.html?team=san-clemente-red-14u-girls,club.html?club=san-clemente,,,,
14U Girls,9,SD Dons,sd-dons-14u-girls,San Diego Dons,sd-dons,San Diego,1,primary/A-level,2074.0,0,22,Futures Super Finals,2-5,futures_usclub_crossover|manual_review_14u_girls_same_team_alias_merge,Merged alias evidence from Sd Dons Black Au into SD Dons for 14U Girls v3.,manual_review_note_present,,,,,,,assets/logos/canonical/sd-dons.webp,team.html?team=sd-dons-14u-girls,club.html?club=sd-dons,,,,
14U Girls,10,Santa Cruz,santa-cruz-14u-girls,Santa Cruz,santa-cruz,Central Coast,1,primary/A-level,2065.5,0,23,Futures Super Finals,3-2,manual_review_14u_girls_same_team_alias_merge,Merged alias evidence from Santa Cruz Blue into Santa Cruz for 14U Girls v3.,manual_review_note_present,,,,,,,assets/logos/canonical/santa-cruz.webp,team.html?team=santa-cruz-14u-girls,club.html?club=santa-cruz,,,,
14U Girls,11,Newport Blue,newport-blue-14u-girls,Newport Beach,newport-beach,Orange County,1,primary/A-level,2057.2,0,19,US Club Championships,2-4,,,possible_duplicate_team_name|same_club_multiple_teams_in_group,Review whether this is a true separate team or alias merge. Confirm A/B/C/color team hierarchy and canonical naming.,Newport White #57 (newport-white-14u-girls),Newport White #57 depth=2,,,,assets/logos/canonical/newport-beach.webp,team.html?team=newport-blue-14u-girls,club.html?club=newport-beach,,,,
14U Girls,12,CHAWP Blue,chawp-blue-14u-girls,CHAWP,chawp,Inland Empire,1,primary/A-level,2048.9,0,15,US Club Championships,3-3,,,no_automated_issue,No action from automated QA; manual audit still optional.,,,,,,assets/logos/canonical/chawp.webp,team.html?team=chawp-blue-14u-girls,club.html?club=chawp,,,,
14U Girls,13,Commerce,commerce-14u-girls,Commerce,commerce,Los Angeles,1,primary/A-level,2040.7,0,20,Futures Super Finals,3-2,futures_usclub_crossover,,no_automated_issue,No action from automated QA; manual audit still optional.,,,,,,assets/logos/canonical/commerce.webp,team.html?team=commerce-14u-girls,club.html?club=commerce,,,,
14U Girls,14,CDM,cdm-14u-girls,CDM,cdm,Orange County,1,primary/A-level,2032.6,0,49,Futures Super Finals,4-2,,,no_automated_issue,No action from automated QA; manual audit still optional.,,,,,,assets/logos/canonical/cdm.webp,team.html?team=cdm-14u-girls,club.html?club=cdm,,,,
14U Girls,15,CC United,cc-united-14u-girls,CC United,cc-united,East Bay,1,primary/A-level,2024.5,0,25,Futures Super Finals,4-2,,,no_automated_issue,No action from automated QA; manual audit still optional.,,,,,,assets/logos/canonical/cc-united.webp,team.html?team=cc-united-14u-girls,club.html?club=cc-united,,,,
14U Girls,16,Shore Aquatics,shore-aquatics-14u-girls,Shore Aquatics,shore-aquatics,Los Angeles,1,primary/A-level,2016.5,0,20,Futures Super Finals,4-2,,,no_automated_issue,No action from automated QA; manual audit still optional.,,,,,,assets/logos/canonical/shore-aquatics.webp,team.html?team=shore-aquatics-14u-girls,club.html?club=shore-aquatics,,,,
14U Girls,17,Laguna Beach,laguna-beach-14u-girls,Laguna Beach,laguna-beach,Orange County,1,primary/A-level,2008.5,0,22,Futures Super Finals,2-4,,,no_automated_issue,No action from automated QA; manual audit still optional.,,,,,,assets/logos/canonical/laguna-beach.webp,team.html?team=laguna-beach-14u-girls,club.html?club=laguna-beach,,,,
14U Girls,18,Arroyo Grande,arroyo-grande-14u-girls,Arroyo Grande,arroyo-grande,Central Coast,1,primary/A-level,2000.6,4,11,Quiksilver Cup,1 of 5,quiksilver_cup_2026_evidence_added|quiksilver_cup_2026_lightweight_adjustment|quiksilver_small_field_cap,,quiksilver_evidence_review,Confirm Quiksilver alias/team identity and lightweight movement is acceptable.,,,,,,assets/logos/canonical/arroyo-grande.webp,team.html?team=arroyo-grande-14u-girls,club.html?club=arroyo-grande,,,,
14U Girls,19,Davis,davis-14u-girls,Davis,davis,Sacramento,1,primary/A-level,1992.7,-1,20,US Club Championships,2-4,quiksilver_cup_2026_evidence_added|quiksilver_cup_2026_lightweight_adjustment|quiksilver_small_field_cap,,quiksilver_evidence_review,Confirm Quiksilver alias/team identity and lightweight movement is acceptable.,,,,,,assets/logos/canonical/davis.webp,team.html?team=davis-14u-girls,club.html?club=davis,,,,
14U Girls,20,South Coast Red,south-coast-red-14u-girls,South Coast,south-coast,Orange County,1,primary/A-level,1984.8,-1,24,CCA JO Qualifier,3-2,manual_review_14u_girls_same_team_alias_merge|quiksilver_cup_2026_evidence_added|quiksilver_cup_2026_lightweight_adjustment|quiksilver_small_field_cap,Merged alias evidence from South Coast into South Coast Red for 14U Girls v3.,manual_review_note_present|possible_duplicate_team_name|quiksilver_evidence_review|same_club_multiple_teams_in_group,Review whether this is a true separate team or alias merge. Confirm A/B/C/color team hierarchy and canonical naming. Confirm Quiksilver alias/team identity and lightweight movement is acceptable.,South Coast White #75 (south-coast-white-14u-girls),South Coast White #75 depth=2,,,,assets/logos/canonical/south-coast.webp,team.html?team=south-coast-red-14u-girls,club.html?club=south-coast,,,,
14U Girls,21,San Diego Shores Gold,san-diego-shores-gold-14u-girls,San Diego Shores,sd-shores,San Diego,2,secondary/B-level,1976.9,-1,16,US Club Championships,3-3,team_depth_guardrail|manual_review_14u_girls_same_team_alias_merge|manual_review_14u_girls_depth_guardrail|quiksilver_cup_2026_evidence_added|quiksilver_cup_2026_lightweight_adjustment|quiksilver_small_field_cap,Merged alias evidence from San Diego Shores B into San Diego Shores Gold for 14U Girls v3.,manual_review_note_present|possible_duplicate_team_name|quiksilver_evidence_review|same_club_depth_collision|same_club_multiple_teams_in_group,Review whether this is a true separate team or alias merge. Confirm A/B/C/color team hierarchy and canonical naming. Confirm Quiksilver alias/team identity and lightweight movement is acceptable.,San Diego Shores Black #5 (san-diego-shores-black-14u-girls); San Diego Shores White #61 (san-diego-shores-white-14u-girls),San Diego Shores Black #5 depth=1; San Diego Shores White #61 depth=2,,,,assets/logos/canonical/sd-shores.webp,team.html?team=san-diego-shores-gold-14u-girls,club.html?club=sd-shores,,,,
14U Girls,22,Rose Bowl,rose-bowl-14u-girls,Rose Bowl,rose-bowl,Los Angeles,1,primary/A-level,1969.1,-1,21,Futures Super Finals,4-1,futures_usclub_crossover|quiksilver_cup_2026_evidence_added|quiksilver_cup_2026_lightweight_adjustment|quiksilver_small_field_cap,,quiksilver_evidence_review,Confirm Quiksilver alias/team identity and lightweight movement is acceptable.,,,,,,assets/logos/canonical/rose-bowl.webp,team.html?team=rose-bowl-14u-girls,club.html?club=rose-bowl,,,,
14U Girls,23,Foothill Red,foothill-red-14u-girls,Foothill Club,foothill-club,Orange County,1,primary/A-level,1961.3,1,26,Quiksilver Cup,3 of 5,quiksilver_cup_2026_evidence_added|quiksilver_cup_2026_lightweight_adjustment|quiksilver_small_field_cap,,possible_duplicate_team_name|quiksilver_evidence_review|same_club_multiple_teams_in_group,Review whether this is a true separate team or alias merge. Confirm A/B/C/color team hierarchy and canonical naming. Confirm Quiksilver alias/team identity and lightweight movement is acceptable.,Foothill Black #72 (foothill-black-14u-girls),Foothill Black #72 depth=2,,,,assets/logos/canonical/foothill-club.webp,team.html?team=foothill-red-14u-girls,club.html?club=foothill-club,,,,
14U Girls,24,San Clemente Black,san-clemente-black-14u-girls,San Clemente,san-clemente,Orange County,2,secondary/B-level,1953.5,-1,20,SOPAC JO Qualifier,4-1,team_depth_guardrail|manual_review_14u_girls_same_team_alias_merge|manual_review_14u_girls_depth_guardrail|quiksilver_cup_2026_evidence_added|quiksilver_cup_2026_lightweight_adjustment|quiksilver_small_field_cap,Merged alias evidence from San Clemente B into San Clemente Black for 14U Girls v3.,manual_review_note_present|possible_duplicate_team_name|quiksilver_evidence_review|same_club_multiple_teams_in_group,Review whether this is a true separate team or alias merge. Confirm A/B/C/color team hierarchy and canonical naming. Confirm Quiksilver alias/team identity and lightweight movement is acceptable.,San Clemente Red #8 (san-clemente-red-14u-girls),San Clemente Red #8 depth=1,,,,assets/logos/canonical/san-clemente.webp,team.html?team=san-clemente-black-14u-girls,club.html?club=san-clemente,,,,
14U Girls,25,Long Beach Shore,long-beach-shore-14u-girls,Long Beach Shore,long-beach-shore,Los Angeles,1,primary/A-level,1945.7,2,5,Quiksilver Cup,2 of 5,quiksilver_cup_2026_evidence_added|quiksilver_cup_2026_lightweight_adjustment|quiksilver_small_field_cap,,quiksilver_evidence_review,Confirm Quiksilver alias/team identity and lightweight movement is acceptable.,,,,,,assets/logos/canonical/long-beach-shore.webp,team.html?team=long-beach-shore-14u-girls,club.html?club=long-beach-shore,,,,
14U Girls,26,Viking,viking-14u-girls,Viking,viking,Los Angeles,1,primary/A-level,1937.9,-1,28,CCA JO Qualifier,3-3-1,manual_review_14u_girls_same_team_alias_merge|quiksilver_cup_2026_evidence_added|quiksilver_cup_2026_lightweight_adjustment|quiksilver_small_field_cap,Merged alias evidence from Long Beach Viking into Viking for 14U Girls v3.,manual_review_note_present|quiksilver_evidence_review,Confirm Quiksilver alias/team identity and lightweight movement is acceptable.,,,,,,assets/logos/canonical/viking.webp,team.html?team=viking-14u-girls,club.html?club=viking,,,,
14U Girls,27,PV Black,pv-black-14u-girls,PV,pv-wpc,Los Angeles,1,primary/A-level,1930.2,-1,30,CCA JO Qualifier,3-2-1,manual_review_14u_girls_same_team_alias_merge|quiksilver_cup_2026_evidence_added|quiksilver_cup_2026_lightweight_adjustment|quiksilver_small_field_cap,Merged alias evidence from Palos Verdes Ag into PV Black for 14U Girls v3.,manual_review_note_present|quiksilver_evidence_review,Confirm Quiksilver alias/team identity and lightweight movement is acceptable.,,,,,,assets/logos/canonical/pv-wpc.webp,team.html?team=pv-black-14u-girls,club.html?club=pv-wpc,,,,
14U Girls,28,Del Mar,del-mar-14u-girls,Del Mar,del-mar,San Diego,1,primary/A-level,1922.5,0,10,San Diego County Cup,3-2,,,no_automated_issue,No action from automated QA; manual audit still optional.,,,,,,assets/logos/canonical/del-mar.webp,team.html?team=del-mar-14u-girls,club.html?club=del-mar,,,,
14U Girls,29,680 Red,680-red-14u-girls,680,680,East Bay,1,primary/A-level,1914.8,0,10,Pacific Zone JO Qualifier,5-1,,,no_automated_issue,No action from automated QA; manual audit still optional.,,,,,,assets/logos/canonical/680.webp,team.html?team=680-red-14u-girls,club.html?club=680,,,,
14U Girls,30,Temple City,temple-city-14u-girls,Temple City,temple-city,Los Angeles,1,primary/A-level,1907.1,0,10,Futures Super Finals,1-4,,,no_automated_issue,No action from automated QA; manual audit still optional.,,,,,,assets/logos/canonical/temple-city.webp,team.html?team=temple-city-14u-girls,club.html?club=temple-city,,,,
14U Girls,31,Rogue 619,rogue-619-14u-girls,Rogue 619,rogue-619,San Diego,1,primary/A-level,1899.4,0,21,San Diego County Cup,4-1,,,official_logo_needed,Collect official logo screenshot/source when available.,,,,,,assets/logos/canonical/rogue-619.webp,team.html?team=rogue-619-14u-girls,club.html?club=rogue-619,,,,
14U Girls,32,Greenwich,greenwich-14u-girls,Greenwich,greenwich,Out of State,1,primary/A-level,1891.7,0,10,Futures Super Finals,2-3,,,no_automated_issue,No action from automated QA; manual audit still optional.,,,,,,assets/logos/canonical/greenwich.webp,team.html?team=greenwich-14u-girls,club.html?club=greenwich,,,,
14U Girls,33,San Jose Express,san-jose-express-14u-girls,San Jose Express,san-jose-express,Peninsula / San Francisco,1,primary/A-level,1884.1,0,17,Futures Super Finals,0-5,manual_review_14u_girls_same_team_alias_merge,Merged alias evidence from San Jose Express Blue into San Jose Express for 14U Girls v3. Merged alias evidence from Sj Express into San Jose Express for 14U Girls v3.,manual_review_note_present,,,,,,,assets/logos/canonical/san-jose-express.webp,team.html?team=san-jose-express-14u-girls,club.html?club=san-jose-express,,,,
14U Girls,34,Stanford B,stanford-b-14u-girls,Stanford,stanford,Peninsula / San Francisco,2,secondary/B-level,1876.4,0,12,Futures Super Finals,3-2,team_depth_guardrail|manual_review_14u_girls_depth_guardrail,,possible_duplicate_team_name|same_club_multiple_teams_in_group,Review whether this is a true separate team or alias merge. Confirm A/B/C/color team hierarchy and canonical naming.,Stanford A #2 (stanford-a-14u-girls),Stanford A #2 depth=1,,,,assets/logos/canonical/stanford.webp,team.html?team=stanford-b-14u-girls,club.html?club=stanford,,,,
14U Girls,35,Lamorinda B,lamorinda-b-14u-girls,Lamorinda,lamorinda,East Bay,2,secondary/B-level,1868.8,0,16,Pacific Zone JO Qualifier,3-4,team_depth_guardrail|manual_review_14u_girls_same_team_alias_merge|manual_review_14u_girls_depth_guardrail|manual_review_lamorinda_b_gold_alias,Merged alias evidence from Lamorinda Gold into Lamorinda B for 14U Girls v3.,manual_review_note_present|possible_duplicate_team_name|same_club_multiple_teams_in_group,Review whether this is a true separate team or alias merge. Confirm A/B/C/color team hierarchy and canonical naming.,Lamorinda A #4 (lamorinda-a-14u-girls); Lamorinda C #63 (lamorinda-c-14u-girls),Lamorinda A #4 depth=1; Lamorinda C #63 depth=3,,,,assets/logos/canonical/lamorinda.webp,team.html?team=lamorinda-b-14u-girls,club.html?club=lamorinda,,,,
14U Girls,36,Asphalt Green,asphalt-green-14u-girls,Asphalt Green,asphalt-green,Out of State,1,primary/A-level,1861.2,0,6,Futures Super Finals,4-2,,,official_logo_needed,Collect official logo screenshot/source when available.,,,,,,assets/logos/canonical/asphalt-green.webp,team.html?team=asphalt-green-14u-girls,club.html?club=asphalt-green,,,,
14U Girls,37,Mavericks,mavericks-14u-girls,Mavericks,mavericks,Peninsula / San Francisco,1,primary/A-level,1853.5,0,6,Futures Super Finals,5-1,,,official_logo_needed,Collect official logo screenshot/source when available.,,,,,,assets/logos/canonical/mavericks.webp,team.html?team=mavericks-14u-girls,club.html?club=mavericks,,,,
14U Girls,38,PAC Premier,pac-premier-14u-girls,PAC Premier,pac-premier,Orange County,1,primary/A-level,1845.9,0,16,US Club Championships,2-3,,,official_logo_needed,Collect official logo screenshot/source when available.,,,,,,assets/logos/canonical/pac-premier.webp,team.html?team=pac-premier-14u-girls,club.html?club=pac-premier,,,,
14U Girls,39,Thunder,thunder-14u-girls,Thunder,thunder,Out of State,1,primary/A-level,1838.3,0,6,US Club Championships,2-4,,,official_logo_needed,Collect official logo screenshot/source when available.,,,,,,assets/logos/canonical/thunder.webp,team.html?team=thunder-14u-girls,club.html?club=thunder,,,,
14U Girls,40,Clovis A,clovis-a-14u-girls,Clovis,clovis-red,Central Valley,1,primary/A-level,1830.7,0,16,US Club Championships,0-4-1,,,possible_duplicate_team_name|same_club_multiple_teams_in_group,Review whether this is a true separate team or alias merge. Confirm A/B/C/color team hierarchy and canonical naming.,Clovis B #73 (clovis-b-14u-girls),Clovis B #73 depth=2,,,,assets/logos/canonical/clovis-red.webp,team.html?team=clovis-a-14u-girls,club.html?club=clovis-red,,,,
14U Girls,41,Sharks,sharks-14u-girls,Sharks,sharks,Peninsula / San Francisco,1,primary/A-level,1823.1,0,11,Pacific Zone JO Qualifier,1-5,,,official_logo_needed,Collect official logo screenshot/source when available.,,,,,,assets/logos/canonical/sharks.webp,team.html?team=sharks-14u-girls,club.html?club=sharks,,,,
14U Girls,42,Praetorian,praetorian-14u-girls,Praetorian,praetorian,Central Valley,1,primary/A-level,1815.6,0,5,Central Zone JO Qualifier,2-3,,,official_logo_needed,Collect official logo screenshot/source when available.,,,,,,assets/logos/canonical/praetorian.webp,team.html?team=praetorian-14u-girls,club.html?club=praetorian,,,,
14U Girls,43,Big Valley,big-valley-14u-girls,Big Valley,big-valley,Central Valley,1,primary/A-level,1800.4,0,17,Futures Super Finals,3-3,,,official_logo_needed,Collect official logo screenshot/source when available.,,,,,,assets/logos/canonical/big-valley.webp,team.html?team=big-valley-14u-girls,club.html?club=big-valley,,,,
14U Girls,44,American River,american-river-14u-girls,American River,american-river,Sacramento,1,primary/A-level,1792.9,0,11,Futures Super Finals,2-4,,,no_automated_issue,No action from automated QA; manual audit still optional.,,,,,,assets/logos/canonical/american-river.webp,team.html?team=american-river-14u-girls,club.html?club=american-river,,,,
14U Girls,45,Central Coast,central-coast-14u-girls,Central Coast,central-coast,Central Coast,1,primary/A-level,1785.3,0,5,Central Zone JO Qualifier,1-4,,,official_logo_needed,Collect official logo screenshot/source when available.,,,,,,assets/logos/canonical/central-coast.webp,team.html?team=central-coast-14u-girls,club.html?club=central-coast,,,,
14U Girls,46,Gold Coast,gold-coast-14u-girls,Gold Coast,gold-coast,Central Coast,1,primary/A-level,1777.7,0,11,CCA JO Qualifier,2-4-1,,,official_logo_needed,Collect official logo screenshot/source when available.,,,,,,assets/logos/canonical/gold-coast.webp,team.html?team=gold-coast-14u-girls,club.html?club=gold-coast,,,,
14U Girls,47,Seaside,seaside-14u-girls,Seaside,seaside,Central Coast,1,primary/A-level,1770.2,0,11,US Club Championships,0-5,,,official_logo_needed,Collect official logo screenshot/source when available.,,,,,,assets/logos/canonical/seaside.webp,team.html?team=seaside-14u-girls,club.html?club=seaside,,,,
14U Girls,48,Back Bay,back-bay-14u-girls,Back Bay,back-bay,Orange County,1,primary/A-level,1762.7,0,18,SOPAC JO Qualifier,1-3,,,no_automated_issue,No action from automated QA; manual audit still optional.,,,,,,assets/logos/canonical/back-bay.webp,team.html?team=back-bay-14u-girls,club.html?club=back-bay,,,,
14U Girls,49,Elite,elite-14u-girls,Elite,elite,Los Angeles,1,primary/A-level,1755.1,0,19,SOPAC JO Qualifier,3-3,,,official_logo_needed,Collect official logo screenshot/source when available.,,,,,,assets/logos/canonical/elite.webp,team.html?team=elite-14u-girls,club.html?club=elite,,,,
14U Girls,50,ECA,eca-14u-girls,ECA,sd-eca,San Diego,1,primary/A-level,1747.6,0,13,San Diego County Cup,3-2,,,official_logo_needed,Collect official logo screenshot/source when available.,,,,,,assets/logos/canonical/sd-eca.webp,team.html?team=eca-14u-girls,club.html?club=sd-eca,,,,
14U Girls,51,North Irvine,north-irvine-14u-girls,North Irvine,north-irvine,Orange County,1,primary/A-level,1740.1,0,33,SOPAC JO Qualifier,1-3,manual_review_14u_girls_same_team_alias_merge,Merged alias evidence from North Irvine Au into North Irvine for 14U Girls v3.,manual_review_note_present,,,,,,,assets/logos/canonical/north-irvine.webp,team.html?team=north-irvine-14u-girls,club.html?club=north-irvine,,,,
14U Girls,52,NorCal,norcal-14u-girls,NorCal,norcal,Peninsula / San Francisco,1,primary/A-level,1732.5,0,14,Futures Super Finals,1-4,,,no_automated_issue,No action from automated QA; manual audit still optional.,,,,,,assets/logos/canonical/norcal.webp,team.html?team=norcal-14u-girls,club.html?club=norcal,,,,
14U Girls,53,La Jolla United,la-jolla-united-14u-girls,La Jolla United,la-jolla-united,San Diego,1,primary/A-level,1725.0,0,22,Futures Super Finals,2-3,,,no_automated_issue,No action from automated QA; manual audit still optional.,,,,,,assets/logos/canonical/la-jolla-united.webp,team.html?team=la-jolla-united-14u-girls,club.html?club=la-jolla-united,,,,
14U Girls,54,SET,set-14u-girls,SET,set,Orange County,1,primary/A-level,1717.5,0,31,SOPAC JO Qualifier,2-4,,,no_automated_issue,No action from automated QA; manual audit still optional.,,,,,,assets/logos/canonical/set.webp,team.html?team=set-14u-girls,club.html?club=set,,,,
14U Girls,55,Honolulu Water Polo,honolulu-water-polo-14u-girls,Honolulu Water Polo,honolulu-water-polo,Out of State,1,primary/A-level,1672.5,0,8,KAP7 International,2-2,lower_division_ceiling_review,,official_logo_needed,Collect official logo screenshot/source when available.,,,,,,assets/logos/canonical/honolulu-water-polo.webp,team.html?team=honolulu-water-polo-14u-girls,club.html?club=honolulu-water-polo,,,,
14U Girls,56,Innis Arden,innis-arden-14u-girls,Innis Arden,innis-arden,Out of State,1,primary/A-level,1642.5,0,9,San Diego County Cup,3-2,,,official_logo_needed,Collect official logo screenshot/source when available.,,,,,,assets/logos/canonical/innis-arden.webp,team.html?team=innis-arden-14u-girls,club.html?club=innis-arden,,,,
14U Girls,57,Newport White,newport-white-14u-girls,Newport Beach,newport-beach,Orange County,2,secondary/B-level,1627.6,0,9,SOPAC JO Qualifier,2-2,team_depth_guardrail|manual_review_14u_girls_depth_guardrail,,possible_duplicate_team_name|same_club_multiple_teams_in_group,Review whether this is a true separate team or alias merge. Confirm A/B/C/color team hierarchy and canonical naming.,Newport Blue #11 (newport-blue-14u-girls),Newport Blue #11 depth=1,,,,assets/logos/canonical/newport-beach.webp,team.html?team=newport-white-14u-girls,club.html?club=newport-beach,,,,
14U Girls,58,SBWPC B,sbwpc-b-14u-girls,Santa Barbara,santa-barbara,Central Coast,2,secondary/B-level,1612.6,0,5,CCA JO Qualifier,2-3,team_depth_guardrail|manual_review_14u_girls_depth_guardrail,,possible_duplicate_team_name|same_club_multiple_teams_in_group,Review whether this is a true separate team or alias merge. Confirm A/B/C/color team hierarchy and canonical naming.,SBWPC A #7 (sbwpc-a-14u-girls),SBWPC A #7 depth=1,,,,assets/logos/canonical/santa-barbara.webp,team.html?team=sbwpc-b-14u-girls,club.html?club=santa-barbara,,,,
14U Girls,59,PAC Orange,pac-orange-14u-girls,PAC Orange,pac-orange,Orange County,1,primary/A-level,1605.1,0,8,Holiday Cup,2-2,,,official_logo_needed,Collect official logo screenshot/source when available.,,,,,,assets/logos/canonical/pac-orange.webp,team.html?team=pac-orange-14u-girls,club.html?club=pac-orange,,,,
14U Girls,60,LOWPO,lowpo-14u-girls,LOWPO,lowpo,Out of State,1,primary/A-level,1590.2,0,6,San Diego County Cup,3-3,lower_division_ceiling_review,,official_logo_needed,Collect official logo screenshot/source when available.,,,,,,assets/logos/canonical/lowpo.webp,team.html?team=lowpo-14u-girls,club.html?club=lowpo,,,,
14U Girls,61,San Diego Shores White,san-diego-shores-white-14u-girls,San Diego Shores,sd-shores,San Diego,2,secondary/B-level,1582.8,0,5,San Diego County Cup,2-3,team_depth_guardrail|lower_division_ceiling_review|manual_review_14u_girls_depth_guardrail,,possible_duplicate_team_name|same_club_depth_collision|same_club_multiple_teams_in_group,Review whether this is a true separate team or alias merge. Confirm A/B/C/color team hierarchy and canonical naming.,San Diego Shores Black #5 (san-diego-shores-black-14u-girls); San Diego Shores Gold #21 (san-diego-shores-gold-14u-girls),San Diego Shores Black #5 depth=1; San Diego Shores Gold #21 depth=2,,,,assets/logos/canonical/sd-shores.webp,team.html?team=san-diego-shores-white-14u-girls,club.html?club=sd-shores,,,,
14U Girls,62,SHAQ,shaq-14u-girls,SHAQ,shaq,Peninsula / San Francisco,1,primary/A-level,1567.8,0,11,Pacific Zone JO Qualifier,3-4,,,no_automated_issue,No action from automated QA; manual audit still optional.,,,,,,assets/logos/canonical/shaq.webp,team.html?team=shaq-14u-girls,club.html?club=shaq,,,,
14U Girls,63,Lamorinda C,lamorinda-c-14u-girls,Lamorinda,lamorinda,East Bay,3,tertiary/C-level,1560.4,0,9,San Diego County Cup,3-2,team_depth_guardrail|lower_division_ceiling_review|manual_review_14u_girls_depth_guardrail,,possible_duplicate_team_name|same_club_multiple_teams_in_group,Review whether this is a true separate team or alias merge. Confirm A/B/C/color team hierarchy and canonical naming.,Lamorinda A #4 (lamorinda-a-14u-girls); Lamorinda B #35 (lamorinda-b-14u-girls),Lamorinda A #4 depth=1; Lamorinda B #35 depth=2,,,,assets/logos/canonical/lamorinda.webp,team.html?team=lamorinda-c-14u-girls,club.html?club=lamorinda,,,,
14U Girls,64,Patriot Red,patriot-red-14u-girls,Patriot,patriot,Orange County,2,secondary/B-level,1545.5,0,15,SOPAC JO Qualifier,1-5,team_depth_guardrail|manual_review_14u_girls_depth_guardrail,,possible_duplicate_team_name|same_club_multiple_teams_in_group,Review whether this is a true separate team or alias merge. Confirm A/B/C/color team hierarchy and canonical naming.,Patriot Navy #1 (patriot-navy-14u-girls),Patriot Navy #1 depth=1,,,,assets/logos/canonical/patriot.webp,team.html?team=patriot-red-14u-girls,club.html?club=patriot,,,,
14U Girls,65,Mid Valley,mid-valley-14u-girls,Mid Valley,mid-valley,Los Angeles,1,primary/A-level,1530.6,0,7,CCA JO Qualifier,2-4-1,,,official_logo_needed,Collect official logo screenshot/source when available.,,,,,,assets/logos/canonical/mid-valley.webp,team.html?team=mid-valley-14u-girls,club.html?club=mid-valley,,,,
14U Girls,66,La Premier/Pac,la-premier-pac-14u-girls,La Premier/Pac,la-premier,Los Angeles,1,primary/A-level,1523.1,0,6,Futures Super Finals,2-4,,,no_automated_issue,No action from automated QA; manual audit still optional.,,,,,,assets/logos/canonical/la-premier.webp,team.html?team=la-premier-pac-14u-girls,club.html?club=la-premier,,,,
14U Girls,67,SoCal,socal-14u-girls,SoCal,socal,Orange County,1,primary/A-level,1500.8,0,20,US Club Championships,2-3,,,no_automated_issue,No action from automated QA; manual audit still optional.,,,,,,assets/logos/canonical/socal.webp,team.html?team=socal-14u-girls,club.html?club=socal,,,,
14U Girls,68,Northwest,northwest-14u-girls,Northwest,northwest,Out of State,1,primary/A-level,1493.3,0,10,San Diego County Cup,2-4,,,official_logo_needed,Collect official logo screenshot/source when available.,,,,,,assets/logos/canonical/northwest.webp,team.html?team=northwest-14u-girls,club.html?club=northwest,,,,
14U Girls,69,Los Alamitos Garnet,los-alamitos-garnet-14u-girls,Los Alamitos,los-alamitos,Orange County,2,secondary/B-level,1485.9,0,5,San Diego County Cup,1-4,manual_review_14u_girls_name_normalized|manual_review_14u_girls_depth_guardrail,Normalized display name from Los Al Garnet.,lower_depth_above_primary_same_club|manual_review_note_present|same_club_multiple_teams_in_group,Confirm A/B/C/color team hierarchy and canonical naming. Confirm whether this lower-depth team should rank above the club primary team.,,Los Alamitos #71 depth=1,,,,assets/logos/canonical/los-alamitos.webp,team.html?team=los-alamitos-garnet-14u-girls,club.html?club=los-alamitos,,,,
14U Girls,70,South Bay United,south-bay-united-14u-girls,South Bay United,south-bay-united,Los Angeles,1,primary/A-level,1471.0,0,8,Holiday Cup,0-4,,,official_logo_needed,Collect official logo screenshot/source when available.,,,,,,assets/logos/canonical/south-bay-united.webp,team.html?team=south-bay-united-14u-girls,club.html?club=south-bay-united,,,,
14U Girls,71,Los Alamitos,los-alamitos-14u-girls,Los Alamitos,los-alamitos,Orange County,1,primary/A-level,1463.6,0,12,Futures Super Finals,2-4,,,same_club_multiple_teams_in_group,Confirm A/B/C/color team hierarchy and canonical naming.,,Los Alamitos Garnet #69 depth=2,,,,assets/logos/canonical/los-alamitos.webp,team.html?team=los-alamitos-14u-girls,club.html?club=los-alamitos,,,,
14U Girls,72,Foothill Black,foothill-black-14u-girls,Foothill Club,foothill-club,Orange County,2,secondary/B-level,1426.5,0,12,CCA JO Qualifier,0-5-1,team_depth_guardrail|manual_review_14u_girls_depth_guardrail,,possible_duplicate_team_name|same_club_multiple_teams_in_group,Review whether this is a true separate team or alias merge. Confirm A/B/C/color team hierarchy and canonical naming.,Foothill Red #23 (foothill-red-14u-girls),Foothill Red #23 depth=1,,,,assets/logos/canonical/foothill-club.webp,team.html?team=foothill-black-14u-girls,club.html?club=foothill-club,,,,
14U Girls,73,Clovis B,clovis-b-14u-girls,Clovis,clovis-red,Central Valley,2,secondary/B-level,1419.0,0,5,Central Zone JO Qualifier,1-4,team_depth_guardrail|manual_review_14u_girls_depth_guardrail,,possible_duplicate_team_name|same_club_multiple_teams_in_group,Review whether this is a true separate team or alias merge. Confirm A/B/C/color team hierarchy and canonical naming.,Clovis A #40 (clovis-a-14u-girls),Clovis A #40 depth=1,,,,assets/logos/canonical/clovis-red.webp,team.html?team=clovis-b-14u-girls,club.html?club=clovis-red,,,,
14U Girls,74,CV Premier,cv-premier-14u-girls,CV Premier,cv-premier,San Diego,1,primary/A-level,1411.6,0,13,San Diego County Cup,1-4,manual_review_14u_girls_same_team_alias_merge,Merged alias evidence from Chula Vista Premier Ag into CV Premier for 14U Girls v3.,manual_review_note_present|official_logo_needed,Collect official logo screenshot/source when available.,,,,,,assets/logos/canonical/cv-premier.webp,team.html?team=cv-premier-14u-girls,club.html?club=cv-premier,,,,
14U Girls,75,South Coast White,south-coast-white-14u-girls,South Coast,south-coast,Orange County,2,secondary/B-level,1396.8,0,5,CCA JO Qualifier,1-4,team_depth_guardrail|manual_review_14u_girls_depth_guardrail,,possible_duplicate_team_name|same_club_multiple_teams_in_group,Review whether this is a true separate team or alias merge. Confirm A/B/C/color team hierarchy and canonical naming.,South Coast Red #20 (south-coast-red-14u-girls),South Coast Red #20 depth=1,,,,assets/logos/canonical/south-coast.webp,team.html?team=south-coast-white-14u-girls,club.html?club=south-coast,,,,
14U Girls,76,Trilogy,trilogy-14u-girls,Trilogy,trilogy,San Diego,1,primary/A-level,1389.3,0,6,San Diego County Cup,1-5,lower_division_ceiling_review,,official_logo_needed,Collect official logo screenshot/source when available.,,,,,,assets/logos/canonical/trilogy.webp,team.html?team=trilogy-14u-girls,club.html?club=trilogy,,,,
14U Girls,77,CCWP,ccwp-14u-girls,CCWP,ccwp,Central Coast,1,primary/A-level,1381.9,0,5,San Diego County Cup,0-5,lower_division_ceiling_review,,official_logo_needed,Collect official logo screenshot/source when available.,,,,,,assets/logos/canonical/ccwp.webp,team.html?team=ccwp-14u-girls,club.html?club=ccwp,,,,
16U Boys,1,Patriot,patriot-16u-boys,Patriot,patriot,Orange County,1,primary/A-level,2150.0,1,7,Futures Super Finals,2-1,quiksilver_cup_2026_evidence_added|quiksilver_cup_2026_lightweight_adjustment,,possible_duplicate_team_name|quiksilver_evidence_review|same_club_depth_collision|same_club_multiple_teams_in_group,Review whether this is a true separate team or alias merge. Confirm A/B/C/color team hierarchy and canonical naming. Confirm Quiksilver alias/team identity and lightweight movement is acceptable.,Patriot Red #61 (patriot-red-16u-boys),Patriot Red #61 depth=1,,,,assets/logos/canonical/patriot.webp,team.html?team=patriot-16u-boys,club.html?club=patriot,,,,
16U Boys,2,Imperial,imperial-16u-boys,Imperial,imperial,Inland Empire,1,primary/A-level,2015.6,-1,19,Quiksilver Cup,8 of 18,quiksilver_cup_2026_evidence_added|quiksilver_cup_2026_lightweight_adjustment,,quiksilver_evidence_review,Confirm Quiksilver alias/team identity and lightweight movement is acceptable.,,,,,,assets/logos/canonical/imperial.webp,team.html?team=imperial-16u-boys,club.html?club=imperial,,,,
16U Boys,3,Vanguard,vanguard-16u-boys,Vanguard,vanguard,Orange County,1,primary/A-level,2009.9,6,5,Quiksilver Cup,3 of 18,manual_review_low_game_count|quiksilver_cup_2026_evidence_added|quiksilver_cup_2026_lightweight_adjustment,,possible_duplicate_team_name|quiksilver_evidence_review|same_club_depth_collision|same_club_multiple_teams_in_group,Review whether this is a true separate team or alias merge. Confirm A/B/C/color team hierarchy and canonical naming. Confirm Quiksilver alias/team identity and lightweight movement is acceptable.,Vanguard Blue #25 (vanguard-blue-16u-boys); Vanguard Silver #53 (vanguard-silver-16u-boys); Vanguard White #76 (vanguard-white-16u-boys),Vanguard Blue #25 depth=2; Vanguard Silver #53 depth=3; Vanguard White #76 depth=3,,,,assets/logos/canonical/vanguard.webp,team.html?team=vanguard-16u-boys,club.html?club=vanguard,,,,
16U Boys,4,San Diego Shores,san-diego-shores-16u-boys,San Diego Shores,san-diego-shores,San Diego,1,primary/A-level,1985.2,6,5,Quiksilver Cup,2 of 18,manual_review_low_game_count|quiksilver_cup_2026_evidence_added|quiksilver_cup_2026_lightweight_adjustment,,possible_duplicate_team_name|quiksilver_evidence_review|same_club_depth_collision|same_club_multiple_teams_in_group,Review whether this is a true separate team or alias merge. Confirm A/B/C/color team hierarchy and canonical naming. Confirm Quiksilver alias/team identity and lightweight movement is acceptable.,San Diego Shores Gold #82 (san-diego-shores-gold-16u-boys),San Diego Shores Gold #82 depth=1,,,,assets/logos/canonical/san-diego-shores.webp,team.html?team=san-diego-shores-16u-boys,club.html?club=san-diego-shores,,,,
16U Boys,5,Mission,mission-16u-boys,Mission,mission,Orange County,1,primary/A-level,1940.6,-2,11,Quiksilver Cup,6 of 18,quiksilver_cup_2026_evidence_added|quiksilver_cup_2026_lightweight_adjustment,,quiksilver_evidence_review,Confirm Quiksilver alias/team identity and lightweight movement is acceptable.,,,,,,assets/logos/canonical/mission.webp,team.html?team=mission-16u-boys,club.html?club=mission,,,,
16U Boys,6,Stanford A,stanford-a-16u-boys,Stanford,stanford,Peninsula / San Francisco,1,primary/A-level,1934.7,-1,7,Futures Super Finals,2-0,quiksilver_cup_2026_evidence_added|quiksilver_cup_2026_lightweight_adjustment,,possible_duplicate_team_name|quiksilver_evidence_review|same_club_multiple_teams_in_group,Review whether this is a true separate team or alias merge. Confirm A/B/C/color team hierarchy and canonical naming. Confirm Quiksilver alias/team identity and lightweight movement is acceptable.,Stanford B #42 (stanford-b-16u-boys),Stanford B #42 depth=2,,,,assets/logos/canonical/stanford.webp,team.html?team=stanford-a-16u-boys,club.html?club=stanford,,,,
16U Boys,7,Berkeley WPC,berkeley-wpc-16u-boys,Berkeley WPC,berkeley-wpc,East Bay,1,primary/A-level,1926.9,-1,5,Quiksilver Cup,5 of 18,manual_review_low_game_count|quiksilver_cup_2026_evidence_added|quiksilver_cup_2026_lightweight_adjustment,,official_logo_needed|quiksilver_evidence_review,Collect official logo screenshot/source when available. Confirm Quiksilver alias/team identity and lightweight movement is acceptable.,,,,,,assets/logos/canonical/berkeley-wpc.webp,team.html?team=berkeley-wpc-16u-boys,club.html?club=berkeley-wpc,,,,
16U Boys,8,Trojan,trojan-16u-boys,Trojan,trojan,Los Angeles,1,primary/A-level,1918.8,-4,13,Quiksilver Cup,11 of 18,quiksilver_cup_2026_evidence_added|quiksilver_cup_2026_lightweight_adjustment,,possible_duplicate_team_name|quiksilver_evidence_review|same_club_multiple_teams_in_group,Review whether this is a true separate team or alias merge. Confirm A/B/C/color team hierarchy and canonical naming. Confirm Quiksilver alias/team identity and lightweight movement is acceptable.,Trojan B #26 (trojan-b-16u-boys); Trojan C #79 (trojan-c-16u-boys),Trojan B #26 depth=2; Trojan C #79 depth=3,,,,assets/logos/canonical/trojan.webp,team.html?team=trojan-16u-boys,club.html?club=trojan,,,,
16U Boys,9,ORWP A,orwp-a-16u-boys,ORWP,orwp,Los Angeles,1,primary/A-level,1914.6,-2,10,CCA JO Quals,3-1,quiksilver_cup_2026_evidence_added|quiksilver_cup_2026_lightweight_adjustment,,quiksilver_evidence_review,Confirm Quiksilver alias/team identity and lightweight movement is acceptable.,,,,,,assets/logos/canonical/orwp.webp,team.html?team=orwp-a-16u-boys,club.html?club=orwp,,,,
16U Boys,10,LA Premier,la-premier-16u-boys,LA Premier,la-premier,Los Angeles,1,primary/A-level,1884.3,-2,6,Quiksilver Cup,15 of 18,manual_review_low_game_count|quiksilver_cup_2026_evidence_added|quiksilver_cup_2026_lightweight_adjustment,,quiksilver_evidence_review,Confirm Quiksilver alias/team identity and lightweight movement is acceptable.,,,,,,assets/logos/canonical/la-premier.webp,team.html?team=la-premier-16u-boys,club.html?club=la-premier,,,,
16U Boys,11,Lamorinda A,lamorinda-a-16u-boys,Lamorinda,lamorinda,East Bay,1,primary/A-level,1880.3,0,10,Futures Super Finals,1-1,,,no_automated_issue,No action from automated QA; manual audit still optional.,,,,,,assets/logos/canonical/lamorinda.webp,team.html?team=lamorinda-a-16u-boys,club.html?club=lamorinda,,,,
16U Boys,12,Newport Beach,newport-beach-16u-boys,Newport Beach,newport-beach,Orange County,1,primary/A-level,1868.3,0,6,Futures Super Finals,0-2,manual_review_low_game_count,,no_automated_issue,No action from automated QA; manual audit still optional.,,,,,,assets/logos/canonical/newport-beach.webp,team.html?team=newport-beach-16u-boys,club.html?club=newport-beach,,,,
16U Boys,13,South Coast,south-coast-16u-boys,South Coast,south-coast,Orange County,1,primary/A-level,1865.7,0,12,Futures Super Finals,2-2,,,possible_duplicate_team_name|same_club_multiple_teams_in_group,Review whether this is a true separate team or alias merge. Confirm A/B/C/color team hierarchy and canonical naming.,South Coast B #51 (south-coast-b-16u-boys); South Coast C #77 (south-coast-c-16u-boys),South Coast B #51 depth=2; South Coast C #77 depth=3,,,,assets/logos/canonical/south-coast.webp,team.html?team=south-coast-16u-boys,club.html?club=south-coast,,,,
16U Boys,14,SBWPC A,sbwpc-a-16u-boys,SBWPC,sbwpc,Central Coast,1,primary/A-level,1855.1,0,9,Futures Super Finals,2-3,,,no_automated_issue,No action from automated QA; manual audit still optional.,,,,,,assets/logos/canonical/sbwpc.webp,team.html?team=sbwpc-a-16u-boys,club.html?club=sbwpc,,,,
16U Boys,15,CIU Gold,ciu-gold-16u-boys,CIU,ciu,Central Coast,2,secondary/B-level,1817.5,10,13,Quiksilver Cup,1 of 18,manual_review_depth_guardrail|manual_review_top25_depth_team|quiksilver_cup_2026_evidence_added|quiksilver_cup_2026_lightweight_adjustment,,possible_duplicate_team_name|quiksilver_evidence_review|same_club_depth_collision|same_club_multiple_teams_in_group,Review whether this is a true separate team or alias merge. Confirm A/B/C/color team hierarchy and canonical naming. Confirm Quiksilver alias/team identity and lightweight movement is acceptable.,CIU Blue #63 (ciu-blue-16u-boys),CIU Blue #63 depth=2,,,,assets/logos/canonical/ciu.webp,team.html?team=ciu-gold-16u-boys,club.html?club=ciu,,,,
16U Boys,16,Carlsbad,carlsbad-16u-boys,Carlsbad,carlsbad,San Diego,1,primary/A-level,1811.4,-1,9,Futures Super Finals,3-2,quiksilver_cup_2026_evidence_added|quiksilver_cup_2026_lightweight_adjustment,,quiksilver_evidence_review,Confirm Quiksilver alias/team identity and lightweight movement is acceptable.,,,,,,assets/logos/canonical/carlsbad.webp,team.html?team=carlsbad-16u-boys,club.html?club=carlsbad,,,,
16U Boys,17,Rose Bowl,rose-bowl-16u-boys,Rose Bowl,rose-bowl,Los Angeles,1,primary/A-level,1809.2,-1,12,Quiksilver Cup,9 of 18,quiksilver_cup_2026_evidence_added|quiksilver_cup_2026_lightweight_adjustment,,possible_duplicate_team_name|quiksilver_evidence_review|same_club_multiple_teams_in_group,Review whether this is a true separate team or alias merge. Confirm A/B/C/color team hierarchy and canonical naming. Confirm Quiksilver alias/team identity and lightweight movement is acceptable.,Rose Bowl B #57 (rose-bowl-b-16u-boys),Rose Bowl B #57 depth=2,,,,assets/logos/canonical/rose-bowl.webp,team.html?team=rose-bowl-16u-boys,club.html?club=rose-bowl,,,,
16U Boys,18,San Clemente,san-clemente-16u-boys,San Clemente,san-clemente,Orange County,1,primary/A-level,1792.7,-1,31,Futures Super Finals,3-1,quiksilver_cup_2026_evidence_added|quiksilver_cup_2026_lightweight_adjustment,,quiksilver_evidence_review,Confirm Quiksilver alias/team identity and lightweight movement is acceptable.,,,,,,assets/logos/canonical/san-clemente.webp,team.html?team=san-clemente-16u-boys,club.html?club=san-clemente,,,,
16U Boys,19,Greenwich,greenwich-16u-boys,Greenwich,greenwich,Out of State,1,primary/A-level,1785.9,-1,5,Futures Super Finals,3-2,manual_review_low_game_count|quiksilver_cup_2026_evidence_added|quiksilver_cup_2026_lightweight_adjustment,,quiksilver_evidence_review,Confirm Quiksilver alias/team identity and lightweight movement is acceptable.,,,,,,assets/logos/canonical/greenwich.webp,team.html?team=greenwich-16u-boys,club.html?club=greenwich,,,,
16U Boys,20,La Jolla United,la-jolla-united-16u-boys,La Jolla United,la-jolla-united,San Diego,1,primary/A-level,1785.0,0,10,Quiksilver Cup,4 of 18,quiksilver_cup_2026_evidence_added|quiksilver_cup_2026_new_team_candidate_conflict|quiksilver_cup_2026_provisional_entry|identity_review|quiksilver_cup_2026_lightweight_adjustment,,possible_duplicate_team_name|provisional_or_identity_review|quiksilver_evidence_review|same_club_depth_collision|same_club_multiple_teams_in_group,Review whether this is a true separate team or alias merge. Confirm A/B/C/color team hierarchy and canonical naming. Confirm Quiksilver alias/team identity and lightweight movement is acceptable. Resolve before post-JO recalibration if possible.,La Jolla United Gold #46 (la-jolla-united-gold-16u-boys); LA Jolla United White #55 (la-jolla-united-white-16u-boys); LA Jolla United Silver #78 (la-jolla-united-silver-16u-boys),La Jolla United Gold #46 depth=2; LA Jolla United White #55 depth=3; LA Jolla United Silver #78 depth=3,,,,assets/logos/canonical/la-jolla-united.webp,team.html?team=la-jolla-united-16u-boys,club.html?club=la-jolla-united,,,,
16U Boys,21,OCWPC Blue,ocwpc-blue-16u-boys,OCWPC,ocwpc,Orange County,1,primary/A-level,1764.6,-2,13,SOPAC JO Quals,3-2,quiksilver_cup_2026_evidence_added|quiksilver_cup_2026_lightweight_adjustment,,quiksilver_evidence_review,Confirm Quiksilver alias/team identity and lightweight movement is acceptable.,,,,,,assets/logos/canonical/ocwpc.webp,team.html?team=ocwpc-blue-16u-boys,club.html?club=ocwpc,,,,
16U Boys,22,Aetos,aetos-16u-boys,Aetos,aetos,Orange County,1,primary/A-level,1756.5,-2,9,Futures Super Finals,3-1,quiksilver_cup_2026_evidence_added|quiksilver_cup_2026_lightweight_adjustment,,quiksilver_evidence_review,Confirm Quiksilver alias/team identity and lightweight movement is acceptable.,,,,,,assets/logos/canonical/aetos.webp,team.html?team=aetos-16u-boys,club.html?club=aetos,,,,
16U Boys,23,Thunder,thunder-16u-boys,Thunder,thunder,Out of State,1,primary/A-level,1754.5,-2,5,Futures Super Finals,3-2,manual_review_low_game_count|quiksilver_cup_2026_evidence_added|quiksilver_cup_2026_lightweight_adjustment,,official_logo_needed|quiksilver_evidence_review,Collect official logo screenshot/source when available. Confirm Quiksilver alias/team identity and lightweight movement is acceptable.,,,,,,assets/logos/canonical/thunder.webp,team.html?team=thunder-16u-boys,club.html?club=thunder,,,,
16U Boys,24,Commerce,commerce-16u-boys,Commerce,commerce,Los Angeles,1,primary/A-level,1754.5,-2,8,Quiksilver Cup,17 of 18,quiksilver_cup_2026_evidence_added|quiksilver_cup_2026_lightweight_adjustment,,quiksilver_evidence_review,Confirm Quiksilver alias/team identity and lightweight movement is acceptable.,,,,,,assets/logos/canonical/commerce.webp,team.html?team=commerce-16u-boys,club.html?club=commerce,,,,
16U Boys,25,Vanguard Blue,vanguard-blue-16u-boys,Vanguard,vanguard,Orange County,2,secondary/B-level,1754.5,-2,20,SOPAC JO Quals,3-1,manual_review_depth_guardrail|manual_review_top25_depth_team|quiksilver_cup_2026_evidence_added|quiksilver_cup_2026_lightweight_adjustment,,possible_duplicate_team_name|quiksilver_evidence_review|same_club_depth_collision|same_club_multiple_teams_in_group,Review whether this is a true separate team or alias merge. Confirm A/B/C/color team hierarchy and canonical naming. Confirm Quiksilver alias/team identity and lightweight movement is acceptable.,Vanguard #3 (vanguard-16u-boys); Vanguard Silver #53 (vanguard-silver-16u-boys); Vanguard White #76 (vanguard-white-16u-boys),Vanguard #3 depth=1; Vanguard Silver #53 depth=3; Vanguard White #76 depth=3,,,,assets/logos/canonical/vanguard.webp,team.html?team=vanguard-blue-16u-boys,club.html?club=vanguard,,,,
16U Boys,26,Trojan B,trojan-b-16u-boys,Trojan,trojan,Los Angeles,2,secondary/B-level,1752.8,-2,19,Futures Super Finals,1-3,manual_review_depth_guardrail|manual_review_top25_depth_team|quiksilver_cup_2026_evidence_added|quiksilver_cup_2026_lightweight_adjustment,,possible_duplicate_team_name|quiksilver_evidence_review|same_club_multiple_teams_in_group,Review whether this is a true separate team or alias merge. Confirm A/B/C/color team hierarchy and canonical naming. Confirm Quiksilver alias/team identity and lightweight movement is acceptable.,Trojan #8 (trojan-16u-boys); Trojan C #79 (trojan-c-16u-boys),Trojan #8 depth=1; Trojan C #79 depth=3,,,,assets/logos/canonical/trojan.webp,team.html?team=trojan-b-16u-boys,club.html?club=trojan,,,,
16U Boys,27,CDM,cdm-16u-boys,CDM,cdm,Orange County,1,primary/A-level,1736.3,-1,5,SOPAC JO Quals,3-2,manual_review_low_game_count|quiksilver_cup_2026_evidence_added|quiksilver_cup_2026_lightweight_adjustment,,quiksilver_evidence_review,Confirm Quiksilver alias/team identity and lightweight movement is acceptable.,,,,,,assets/logos/canonical/cdm.webp,team.html?team=cdm-16u-boys,club.html?club=cdm,,,,
16U Boys,28,680 A,680-a-16u-boys,680,680,East Bay,1,primary/A-level,1727.5,-1,7,Quiksilver Cup,12 of 18,quiksilver_cup_2026_evidence_added|quiksilver_cup_2026_lightweight_adjustment,,quiksilver_evidence_review,Confirm Quiksilver alias/team identity and lightweight movement is acceptable.,,,,,,assets/logos/canonical/680.webp,team.html?team=680-a-16u-boys,club.html?club=680,,,,
16U Boys,29,Palos Verdes,palos-verdes-16u-boys,Palos Verdes,palos-verdes,Los Angeles,1,primary/A-level,1716.2,-1,11,CCA JO Quals,1-2,quiksilver_cup_2026_evidence_added|quiksilver_cup_2026_lightweight_adjustment,,possible_duplicate_team_name|quiksilver_evidence_review|same_club_multiple_teams_in_group,Review whether this is a true separate team or alias merge. Confirm A/B/C/color team hierarchy and canonical naming. Confirm Quiksilver alias/team identity and lightweight movement is acceptable.,Palos Verdes B #54 (palos-verdes-b-16u-boys),Palos Verdes B #54 depth=2,,,,assets/logos/canonical/palos-verdes.webp,team.html?team=palos-verdes-16u-boys,club.html?club=palos-verdes,,,,
16U Boys,30,SHAQ,shaq-16u-boys,SHAQ,shaq,Peninsula / San Francisco,1,primary/A-level,1713.0,-1,8,Futures Super Finals,2-2,quiksilver_cup_2026_evidence_added|quiksilver_cup_2026_lightweight_adjustment,,quiksilver_evidence_review,Confirm Quiksilver alias/team identity and lightweight movement is acceptable.,,,,,,assets/logos/canonical/shaq.webp,team.html?team=shaq-16u-boys,club.html?club=shaq,,,,
16U Boys,31,Sand Canyon A,sand-canyon-a-16u-boys,Sand Canyon,sand-canyon,Orange County,1,primary/A-level,1709.5,-1,5,Quiksilver Cup,10 of 18,manual_review_low_game_count|quiksilver_cup_2026_evidence_added|quiksilver_cup_2026_lightweight_adjustment,,possible_duplicate_team_name|quiksilver_evidence_review|same_club_depth_collision|same_club_multiple_teams_in_group,Review whether this is a true separate team or alias merge. Confirm A/B/C/color team hierarchy and canonical naming. Confirm Quiksilver alias/team identity and lightweight movement is acceptable.,Sand Canyon #41 (sand-canyon-16u-boys),Sand Canyon #41 depth=1,,,,assets/logos/canonical/sand-canyon.webp,team.html?team=sand-canyon-a-16u-boys,club.html?club=sand-canyon,,,,
16U Boys,32,CC United,cc-united-16u-boys,CC United,cc-united,East Bay,1,primary/A-level,1699.1,-1,11,Quiksilver Cup,13 of 18,quiksilver_cup_2026_evidence_added|quiksilver_cup_2026_lightweight_adjustment,,possible_duplicate_team_name|quiksilver_evidence_review|same_club_multiple_teams_in_group,Review whether this is a true separate team or alias merge. Confirm A/B/C/color team hierarchy and canonical naming. Confirm Quiksilver alias/team identity and lightweight movement is acceptable.,CC United Blue #43 (cc-united-blue-16u-boys),CC United Blue #43 depth=2,,,,assets/logos/canonical/cc-united.webp,team.html?team=cc-united-16u-boys,club.html?club=cc-united,,,,
16U Boys,33,Supreme,supreme-16u-boys,Supreme,supreme,Los Angeles,1,primary/A-level,1694.1,-1,13,Futures Super Finals,3-0,quiksilver_cup_2026_evidence_added|quiksilver_cup_2026_lightweight_adjustment,,quiksilver_evidence_review,Confirm Quiksilver alias/team identity and lightweight movement is acceptable.,,,,,,assets/logos/canonical/supreme.webp,team.html?team=supreme-16u-boys,club.html?club=supreme,,,,
16U Boys,34,Asphalt Green,asphalt-green-16u-boys,Asphalt Green,asphalt-green,Out of State,1,primary/A-level,1693.1,-1,8,Futures Super Finals,3-1,quiksilver_cup_2026_evidence_added|quiksilver_cup_2026_lightweight_adjustment,,official_logo_needed|quiksilver_evidence_review,Collect official logo screenshot/source when available. Confirm Quiksilver alias/team identity and lightweight movement is acceptable.,,,,,,assets/logos/canonical/asphalt-green.webp,team.html?team=asphalt-green-16u-boys,club.html?club=asphalt-green,,,,
16U Boys,35,Back Bay,back-bay-16u-boys,Back Bay,back-bay,Orange County,1,primary/A-level,1690.7,-1,12,Futures Super Finals,2-1,quiksilver_cup_2026_evidence_added|quiksilver_cup_2026_lightweight_adjustment,,quiksilver_evidence_review,Confirm Quiksilver alias/team identity and lightweight movement is acceptable.,,,,,,assets/logos/canonical/back-bay.webp,team.html?team=back-bay-16u-boys,club.html?club=back-bay,,,,
16U Boys,36,Monarch WPC,monarch-wpc-16u-boys,Monarch WPC,monarch-wpc,Central Valley,1,primary/A-level,1690.6,-1,6,,0-0,manual_review_d2_tier_guardrail|manual_review_low_game_count|quiksilver_cup_2026_evidence_added|quiksilver_cup_2026_lightweight_adjustment,,official_logo_needed|quiksilver_evidence_review,Collect official logo screenshot/source when available. Confirm Quiksilver alias/team identity and lightweight movement is acceptable.,,,,,,assets/logos/canonical/monarch-wpc.webp,team.html?team=monarch-wpc-16u-boys,club.html?club=monarch-wpc,,,,
16U Boys,37,CMAC,cmac-16u-boys,CMAC,cmac,Orange County,1,primary/A-level,1689.6,-1,22,Futures Super Finals,2-2,quiksilver_cup_2026_evidence_added|quiksilver_cup_2026_lightweight_adjustment,,official_logo_needed|quiksilver_evidence_review,Collect official logo screenshot/source when available. Confirm Quiksilver alias/team identity and lightweight movement is acceptable.,,,,,,assets/logos/canonical/cmac.webp,team.html?team=cmac-16u-boys,club.html?club=cmac,,,,
16U Boys,38,SoCal,socal-16u-boys,SoCal,socal,Orange County,1,primary/A-level,1665.0,-1,9,SOPAC JO Quals,2-3,quiksilver_cup_2026_evidence_added|quiksilver_cup_2026_lightweight_adjustment,,quiksilver_evidence_review,Confirm Quiksilver alias/team identity and lightweight movement is acceptable.,,,,,,assets/logos/canonical/socal.webp,team.html?team=socal-16u-boys,club.html?club=socal,,,,
16U Boys,39,CT Premier,ct-premier-16u-boys,CT Premier,ct-premier,Out of State,1,primary/A-level,1660.6,-1,9,Futures Super Finals,2-2,manual_review_d2_tier_guardrail|quiksilver_cup_2026_evidence_added|quiksilver_cup_2026_lightweight_adjustment,,official_logo_needed|quiksilver_evidence_review,Collect official logo screenshot/source when available. Confirm Quiksilver alias/team identity and lightweight movement is acceptable.,,,,,,assets/logos/canonical/ct-premier.webp,team.html?team=ct-premier-16u-boys,club.html?club=ct-premier,,,,
16U Boys,40,BOA,boa-16u-boys,BOA,boa,Orange County,1,primary/A-level,1659.2,-1,5,,0-0,manual_review_d2_tier_guardrail|manual_review_low_game_count|quiksilver_cup_2026_evidence_added|quiksilver_cup_2026_lightweight_adjustment,,official_logo_needed|quiksilver_evidence_review,Collect official logo screenshot/source when available. Confirm Quiksilver alias/team identity and lightweight movement is acceptable.,,,,,,assets/logos/canonical/boa.webp,team.html?team=boa-16u-boys,club.html?club=boa,,,,
16U Boys,41,Sand Canyon,sand-canyon-16u-boys,Sand Canyon,sand-canyon,Orange County,1,primary/A-level,1650.1,-1,8,,0-0,quiksilver_cup_2026_evidence_added|quiksilver_cup_2026_lightweight_adjustment,,possible_duplicate_team_name|quiksilver_evidence_review|same_club_depth_collision|same_club_multiple_teams_in_group,Review whether this is a true separate team or alias merge. Confirm A/B/C/color team hierarchy and canonical naming. Confirm Quiksilver alias/team identity and lightweight movement is acceptable.,Sand Canyon A #31 (sand-canyon-a-16u-boys),Sand Canyon A #31 depth=1,,,,assets/logos/canonical/sand-canyon.webp,team.html?team=sand-canyon-16u-boys,club.html?club=sand-canyon,,,,
16U Boys,42,Stanford B,stanford-b-16u-boys,Stanford,stanford,Peninsula / San Francisco,2,secondary/B-level,1650.1,-1,8,Futures Super Finals,3-1,manual_review_depth_guardrail|manual_review_d2_tier_guardrail|quiksilver_cup_2026_evidence_added|quiksilver_cup_2026_lightweight_adjustment,,possible_duplicate_team_name|quiksilver_evidence_review|same_club_multiple_teams_in_group,Review whether this is a true separate team or alias merge. Confirm A/B/C/color team hierarchy and canonical naming. Confirm Quiksilver alias/team identity and lightweight movement is acceptable.,Stanford A #6 (stanford-a-16u-boys),Stanford A #6 depth=1,,,,assets/logos/canonical/stanford.webp,team.html?team=stanford-b-16u-boys,club.html?club=stanford,,,,
16U Boys,43,CC United Blue,cc-united-blue-16u-boys,CC United,cc-united,East Bay,2,secondary/B-level,1648.5,-1,7,Newport Spring Invite,3-0,manual_review_depth_guardrail|manual_review_d2_tier_guardrail|quiksilver_cup_2026_evidence_added|quiksilver_cup_2026_lightweight_adjustment,,possible_duplicate_team_name|quiksilver_evidence_review|same_club_multiple_teams_in_group,Review whether this is a true separate team or alias merge. Confirm A/B/C/color team hierarchy and canonical naming. Confirm Quiksilver alias/team identity and lightweight movement is acceptable.,CC United #32 (cc-united-16u-boys),CC United #32 depth=1,,,,assets/logos/canonical/cc-united.webp,team.html?team=cc-united-blue-16u-boys,club.html?club=cc-united,,,,
16U Boys,44,CHAWP B,chawp-b-16u-boys,CHAWP,chawp,Inland Empire,2,secondary/B-level,1648.3,-1,8,SOPAC JO Quals,2-2,manual_review_depth_guardrail|quiksilver_cup_2026_evidence_added|quiksilver_cup_2026_lightweight_adjustment,,lower_depth_above_primary_same_club|possible_duplicate_team_name|quiksilver_evidence_review|same_club_multiple_teams_in_group,Review whether this is a true separate team or alias merge. Confirm A/B/C/color team hierarchy and canonical naming. Confirm whether this lower-depth team should rank above the club primary team. Confirm Quiksilver alias/team identity and lightweight movement is acceptable.,CHAWP #67 (chawp-16u-boys),CHAWP #67 depth=1,,,,assets/logos/canonical/chawp.webp,team.html?team=chawp-b-16u-boys,club.html?club=chawp,,,,
16U Boys,45,Trilogy,trilogy-16u-boys,Trilogy,trilogy,San Diego,1,primary/A-level,1638.7,-1,7,Futures Super Finals,2-1,quiksilver_cup_2026_evidence_added|quiksilver_cup_2026_lightweight_adjustment,,official_logo_needed|quiksilver_evidence_review,Collect official logo screenshot/source when available. Confirm Quiksilver alias/team identity and lightweight movement is acceptable.,,,,,,assets/logos/canonical/trilogy.webp,team.html?team=trilogy-16u-boys,club.html?club=trilogy,,,,
16U Boys,46,La Jolla United Gold,la-jolla-united-gold-16u-boys,La Jolla United,la-jolla-united,San Diego,2,secondary/B-level,1637.4,-1,8,Quiksilver Cup,7 of 18,manual_review_depth_guardrail|manual_review_d2_tier_guardrail|quiksilver_cup_2026_evidence_added|quiksilver_alias_corrected_7_29|quiksilver_cup_2026_lightweight_adjustment,7.29 alias cleanup maps Quiksilver La Jolla Gold to this entry; plain La Jolla United remains a separate review candidate.,manual_review_note_present|possible_duplicate_team_name|provisional_or_identity_review|quiksilver_evidence_review|same_club_depth_collision|same_club_multiple_teams_in_group,Review whether this is a true separate team or alias merge. Confirm A/B/C/color team hierarchy and canonical naming. Confirm Quiksilver alias/team identity and lightweight movement is acceptable. Resolve before post-JO recalibration if possible.,La Jolla United #20 (la-jolla-united-16u-boys); LA Jolla United White #55 (la-jolla-united-white-16u-boys); LA Jolla United Silver #78 (la-jolla-united-silver-16u-boys),La Jolla United #20 depth=1; LA Jolla United White #55 depth=3; LA Jolla United Silver #78 depth=3,,,,assets/logos/canonical/la-jolla-united.webp,team.html?team=la-jolla-united-gold-16u-boys,club.html?club=la-jolla-united,,,,
16U Boys,47,Foothill,foothill-16u-boys,Foothill,foothill,Orange County,1,primary/A-level,1630.6,-1,11,CCA JO Quals,2-2,quiksilver_cup_2026_evidence_added|quiksilver_cup_2026_lightweight_adjustment,,quiksilver_evidence_review,Confirm Quiksilver alias/team identity and lightweight movement is acceptable.,,,,,,assets/logos/canonical/foothill.webp,team.html?team=foothill-16u-boys,club.html?club=foothill,,,,
16U Boys,48,SD ECA,sd-eca-16u-boys,SD ECA,sd-eca,San Diego,1,primary/A-level,1626.4,-1,12,K7 Cup,3-5,quiksilver_cup_2026_evidence_added|quiksilver_cup_2026_lightweight_adjustment,,official_logo_needed|quiksilver_evidence_review,Collect official logo screenshot/source when available. Confirm Quiksilver alias/team identity and lightweight movement is acceptable.,,,,,,assets/logos/canonical/sd-eca.webp,team.html?team=sd-eca-16u-boys,club.html?club=sd-eca,,,,
16U Boys,49,SD Dons,sd-dons-16u-boys,SD Dons,sd-dons,San Diego,1,primary/A-level,1611.9,-1,7,Futures Super Finals,1-2,quiksilver_cup_2026_evidence_added|quiksilver_cup_2026_lightweight_adjustment,,quiksilver_evidence_review,Confirm Quiksilver alias/team identity and lightweight movement is acceptable.,,,,,,assets/logos/canonical/sd-dons.webp,team.html?team=sd-dons-16u-boys,club.html?club=sd-dons,,,,
16U Boys,50,LV Legends,lv-legends-16u-boys,LV Legends,lv-legends,Los Angeles,1,primary/A-level,1608.6,-1,9,CCA JO Quals,2-3,quiksilver_cup_2026_evidence_added|quiksilver_cup_2026_lightweight_adjustment,,official_logo_needed|quiksilver_evidence_review,Collect official logo screenshot/source when available. Confirm Quiksilver alias/team identity and lightweight movement is acceptable.,,,,,,assets/logos/canonical/lv-legends.webp,team.html?team=lv-legends-16u-boys,club.html?club=lv-legends,,,,
16U Boys,51,South Coast B,south-coast-b-16u-boys,South Coast,south-coast,Orange County,2,secondary/B-level,1605.5,-1,12,Futures Super Finals,1-2,manual_review_depth_guardrail|quiksilver_cup_2026_evidence_added|quiksilver_cup_2026_lightweight_adjustment,,possible_duplicate_team_name|quiksilver_evidence_review|same_club_multiple_teams_in_group,Review whether this is a true separate team or alias merge. Confirm A/B/C/color team hierarchy and canonical naming. Confirm Quiksilver alias/team identity and lightweight movement is acceptable.,South Coast #13 (south-coast-16u-boys); South Coast C #77 (south-coast-c-16u-boys),South Coast #13 depth=1; South Coast C #77 depth=3,,,,assets/logos/canonical/south-coast.webp,team.html?team=south-coast-b-16u-boys,club.html?club=south-coast,,,,
16U Boys,52,Sj Foundation,sj-foundation-16u-boys,Sj Foundation,sj-foundation,Peninsula / San Francisco,1,primary/A-level,1595.2,-1,5,Futures Super Finals,1-4,manual_review_low_game_count|quiksilver_cup_2026_evidence_added|quiksilver_cup_2026_lightweight_adjustment,,official_logo_needed|quiksilver_evidence_review,Collect official logo screenshot/source when available. Confirm Quiksilver alias/team identity and lightweight movement is acceptable.,,,,,,assets/logos/canonical/sj-foundation.webp,team.html?team=sj-foundation-16u-boys,club.html?club=sj-foundation,,,,
16U Boys,53,Vanguard Silver,vanguard-silver-16u-boys,Vanguard,vanguard,Orange County,3,tertiary/C-level,1587.6,-1,19,SOPAC JO Quals,4-1,manual_review_depth_guardrail|quiksilver_cup_2026_evidence_added|quiksilver_cup_2026_lightweight_adjustment,,possible_duplicate_team_name|quiksilver_evidence_review|same_club_depth_collision|same_club_multiple_teams_in_group,Review whether this is a true separate team or alias merge. Confirm A/B/C/color team hierarchy and canonical naming. Confirm Quiksilver alias/team identity and lightweight movement is acceptable.,Vanguard #3 (vanguard-16u-boys); Vanguard Blue #25 (vanguard-blue-16u-boys); Vanguard White #76 (vanguard-white-16u-boys),Vanguard #3 depth=1; Vanguard Blue #25 depth=2; Vanguard White #76 depth=3,,,,assets/logos/canonical/vanguard.webp,team.html?team=vanguard-silver-16u-boys,club.html?club=vanguard,,,,
16U Boys,54,Palos Verdes B,palos-verdes-b-16u-boys,Palos Verdes,palos-verdes,Los Angeles,2,secondary/B-level,1580.4,-1,9,CCA JO Quals,1-1,manual_review_depth_guardrail|quiksilver_cup_2026_evidence_added|quiksilver_cup_2026_lightweight_adjustment,,possible_duplicate_team_name|quiksilver_evidence_review|same_club_multiple_teams_in_group,Review whether this is a true separate team or alias merge. Confirm A/B/C/color team hierarchy and canonical naming. Confirm Quiksilver alias/team identity and lightweight movement is acceptable.,Palos Verdes #29 (palos-verdes-16u-boys),Palos Verdes #29 depth=1,,,,assets/logos/canonical/palos-verdes.webp,team.html?team=palos-verdes-b-16u-boys,club.html?club=palos-verdes,,,,
16U Boys,55,LA Jolla United White,la-jolla-united-white-16u-boys,LA Jolla United,la-jolla-united,San Diego,3,tertiary/C-level,1572.0,-1,10,K7 Cup,2-2,manual_review_depth_guardrail|quiksilver_cup_2026_evidence_added|quiksilver_cup_2026_lightweight_adjustment,,possible_duplicate_team_name|quiksilver_evidence_review|same_club_depth_collision|same_club_multiple_teams_in_group,Review whether this is a true separate team or alias merge. Confirm A/B/C/color team hierarchy and canonical naming. Confirm Quiksilver alias/team identity and lightweight movement is acceptable.,La Jolla United #20 (la-jolla-united-16u-boys); La Jolla United Gold #46 (la-jolla-united-gold-16u-boys); LA Jolla United Silver #78 (la-jolla-united-silver-16u-boys),La Jolla United #20 depth=1; La Jolla United Gold #46 depth=2; LA Jolla United Silver #78 depth=3,,,,assets/logos/canonical/la-jolla-united.webp,team.html?team=la-jolla-united-white-16u-boys,club.html?club=la-jolla-united,,,,
16U Boys,56,Santa Cruz,santa-cruz-16u-boys,Santa Cruz,santa-cruz,Central Coast,1,primary/A-level,1570.9,-1,8,,0-0,quiksilver_cup_2026_evidence_added|quiksilver_cup_2026_lightweight_adjustment,,quiksilver_evidence_review,Confirm Quiksilver alias/team identity and lightweight movement is acceptable.,,,,,,assets/logos/canonical/santa-cruz.webp,team.html?team=santa-cruz-16u-boys,club.html?club=santa-cruz,,,,
16U Boys,57,Rose Bowl B,rose-bowl-b-16u-boys,Rose Bowl,rose-bowl,Los Angeles,2,secondary/B-level,1559.2,-1,8,CCA JO Quals,2-3,manual_review_depth_guardrail|quiksilver_cup_2026_evidence_added|quiksilver_cup_2026_lightweight_adjustment,,possible_duplicate_team_name|quiksilver_evidence_review|same_club_multiple_teams_in_group,Review whether this is a true separate team or alias merge. Confirm A/B/C/color team hierarchy and canonical naming. Confirm Quiksilver alias/team identity and lightweight movement is acceptable.,Rose Bowl #17 (rose-bowl-16u-boys),Rose Bowl #17 depth=1,,,,assets/logos/canonical/rose-bowl.webp,team.html?team=rose-bowl-b-16u-boys,club.html?club=rose-bowl,,,,
16U Boys,58,Loyola Wpc,loyola-wpc-16u-boys,Loyola Wpc,loyola-wpc,Los Angeles,1,primary/A-level,1556.4,-1,10,,0-0,manual_review_d2_tier_guardrail|quiksilver_cup_2026_evidence_added|quiksilver_cup_2026_lightweight_adjustment,,official_logo_needed|quiksilver_evidence_review,Collect official logo screenshot/source when available. Confirm Quiksilver alias/team identity and lightweight movement is acceptable.,,,,,,assets/logos/canonical/loyola-wpc.webp,team.html?team=loyola-wpc-16u-boys,club.html?club=loyola-wpc,,,,
16U Boys,59,Shore Aquatics B,shore-aquatics-b-16u-boys,Shore Aquatics,shore-aquatics,Los Angeles,2,secondary/B-level,1552.5,-1,5,K7 Cup,3-2,manual_review_depth_guardrail|manual_review_d2_tier_guardrail|manual_review_low_game_count|quiksilver_cup_2026_evidence_added|quiksilver_cup_2026_lightweight_adjustment,,quiksilver_evidence_review,Confirm Quiksilver alias/team identity and lightweight movement is acceptable.,,,,,,assets/logos/canonical/shore-aquatics.webp,team.html?team=shore-aquatics-b-16u-boys,club.html?club=shore-aquatics,,,,
16U Boys,60,Mid Pen,mid-pen-16u-boys,Mid Pen,mid-pen,Peninsula / San Francisco,1,primary/A-level,1546.8,-1,7,Futures Super Finals,1-2,manual_review_d2_tier_guardrail|quiksilver_cup_2026_evidence_added|quiksilver_cup_2026_lightweight_adjustment,,official_logo_needed|quiksilver_evidence_review,Collect official logo screenshot/source when available. Confirm Quiksilver alias/team identity and lightweight movement is acceptable.,,,,,,assets/logos/canonical/mid-pen.webp,team.html?team=mid-pen-16u-boys,club.html?club=mid-pen,,,,
16U Boys,61,Patriot Red,patriot-red-16u-boys,Patriot,patriot,Orange County,1,primary/A-level,1546.7,-1,5,Futures Super Finals,0-1,manual_review_d2_tier_guardrail|manual_review_low_game_count|quiksilver_cup_2026_evidence_added|quiksilver_cup_2026_lightweight_adjustment,,possible_duplicate_team_name|quiksilver_evidence_review|same_club_depth_collision|same_club_multiple_teams_in_group,Review whether this is a true separate team or alias merge. Confirm A/B/C/color team hierarchy and canonical naming. Confirm Quiksilver alias/team identity and lightweight movement is acceptable.,Patriot #1 (patriot-16u-boys),Patriot #1 depth=1,,,,assets/logos/canonical/patriot.webp,team.html?team=patriot-red-16u-boys,club.html?club=patriot,,,,
16U Boys,62,Hieland,hieland-16u-boys,Hieland,hieland,Orange County,1,primary/A-level,1542.4,-1,18,SOPAC JO Quals,0-2,quiksilver_cup_2026_evidence_added|quiksilver_cup_2026_lightweight_adjustment,,official_logo_needed|quiksilver_evidence_review,Collect official logo screenshot/source when available. Confirm Quiksilver alias/team identity and lightweight movement is acceptable.,,,,,,assets/logos/canonical/hieland.webp,team.html?team=hieland-16u-boys,club.html?club=hieland,,,,
16U Boys,63,CIU Blue,ciu-blue-16u-boys,CIU,ciu,Central Coast,2,secondary/B-level,1518.9,-1,8,CCA JO Quals,1-3,manual_review_depth_guardrail|quiksilver_cup_2026_evidence_added|quiksilver_cup_2026_lightweight_adjustment,,possible_duplicate_team_name|quiksilver_evidence_review|same_club_depth_collision|same_club_multiple_teams_in_group,Review whether this is a true separate team or alias merge. Confirm A/B/C/color team hierarchy and canonical naming. Confirm Quiksilver alias/team identity and lightweight movement is acceptable.,CIU Gold #15 (ciu-gold-16u-boys),CIU Gold #15 depth=2,,,,assets/logos/canonical/ciu.webp,team.html?team=ciu-blue-16u-boys,club.html?club=ciu,,,,
16U Boys,64,Brea Olinda,brea-olinda-16u-boys,Brea Olinda,brea-olinda,Orange County,1,primary/A-level,1512.1,-1,6,SOPAC JO Quals,0-3,manual_review_low_game_count|quiksilver_cup_2026_evidence_added|quiksilver_cup_2026_lightweight_adjustment,,official_logo_needed|quiksilver_evidence_review,Collect official logo screenshot/source when available. Confirm Quiksilver alias/team identity and lightweight movement is acceptable.,,,,,,assets/logos/canonical/brea-olinda.webp,team.html?team=brea-olinda-16u-boys,club.html?club=brea-olinda,,,,
16U Boys,65,Cal Republic,cal-republic-16u-boys,Cal Rep,cal-rep,Sacramento,1,primary/A-level,1509.4,-1,8,Futures Super Finals,1-3,manual_review_d2_tier_guardrail|quiksilver_cup_2026_evidence_added|quiksilver_cup_2026_lightweight_adjustment,,official_logo_needed|quiksilver_evidence_review,Collect official logo screenshot/source when available. Confirm Quiksilver alias/team identity and lightweight movement is acceptable.,,,,,,assets/logos/canonical/cal-rep.webp,team.html?team=cal-republic-16u-boys,club.html?club=cal-rep,,,,
16U Boys,66,Big Valley,big-valley-16u-boys,Big Valley,big-valley,Central Valley,1,primary/A-level,1504.6,-1,7,Futures Super Finals,1-2,manual_review_d2_tier_guardrail|quiksilver_cup_2026_evidence_added|quiksilver_cup_2026_lightweight_adjustment,,official_logo_needed|quiksilver_evidence_review,Collect official logo screenshot/source when available. Confirm Quiksilver alias/team identity and lightweight movement is acceptable.,,,,,,assets/logos/canonical/big-valley.webp,team.html?team=big-valley-16u-boys,club.html?club=big-valley,,,,
16U Boys,67,CHAWP,chawp-16u-boys,CHAWP,chawp,Inland Empire,1,primary/A-level,1500.9,-1,5,SOPAC JO Quals,0-3,manual_review_low_game_count|quiksilver_cup_2026_evidence_added|quiksilver_cup_2026_lightweight_adjustment,,possible_duplicate_team_name|quiksilver_evidence_review|same_club_multiple_teams_in_group,Review whether this is a true separate team or alias merge. Confirm A/B/C/color team hierarchy and canonical naming. Confirm Quiksilver alias/team identity and lightweight movement is acceptable.,CHAWP B #44 (chawp-b-16u-boys),CHAWP B #44 depth=2,,,,assets/logos/canonical/chawp.webp,team.html?team=chawp-16u-boys,club.html?club=chawp,,,,
16U Boys,68,San Jose Express B,san-jose-express-b-16u-boys,San Jose Express,sj-express,Peninsula / San Francisco,2,secondary/B-level,1495.3,-1,7,Futures Super Finals,1-3,manual_review_depth_guardrail|manual_review_d2_tier_guardrail|quiksilver_cup_2026_evidence_added|quiksilver_cup_2026_lightweight_adjustment,,lower_depth_above_primary_same_club|possible_duplicate_team_name|quiksilver_evidence_review|same_club_multiple_teams_in_group,Review whether this is a true separate team or alias merge. Confirm A/B/C/color team hierarchy and canonical naming. Confirm whether this lower-depth team should rank above the club primary team. Confirm Quiksilver alias/team identity and lightweight movement is acceptable.,San Jose Express #72 (san-jose-express-16u-boys),San Jose Express #72 depth=1,,,,assets/logos/canonical/sj-express.webp,team.html?team=san-jose-express-b-16u-boys,club.html?club=sj-express,,,,
16U Boys,69,Devils Gate,devils-gate-16u-boys,Devil's Gate,devils-gate,Los Angeles,1,primary/A-level,1491.7,-1,9,Futures Super Finals,1-2,quiksilver_cup_2026_evidence_added|quiksilver_cup_2026_lightweight_adjustment,,official_logo_needed|quiksilver_evidence_review,Collect official logo screenshot/source when available. Confirm Quiksilver alias/team identity and lightweight movement is acceptable.,,,,,,assets/logos/canonical/devils-gate.webp,team.html?team=devils-gate-16u-boys,club.html?club=devils-gate,,,,
16U Boys,70,Tsunami,tsunami-16u-boys,Rancho Tsunami,rancho-tsunami,Inland Empire,1,primary/A-level,1488.2,-1,6,Futures Super Finals,0-3,manual_review_d2_tier_guardrail|manual_review_low_game_count|quiksilver_cup_2026_evidence_added|quiksilver_cup_2026_lightweight_adjustment,,quiksilver_evidence_review,Confirm Quiksilver alias/team identity and lightweight movement is acceptable.,,,,,,assets/logos/canonical/rancho-tsunami.webp,team.html?team=tsunami-16u-boys,club.html?club=rancho-tsunami,,,,
16U Boys,71,Clovis,clovis-16u-boys,Clovis,clovis,Central Valley,1,primary/A-level,1484.8,-1,5,Futures Super Finals,0-5,manual_review_low_game_count|quiksilver_cup_2026_evidence_added|quiksilver_cup_2026_lightweight_adjustment,,official_logo_needed|quiksilver_evidence_review,Collect official logo screenshot/source when available. Confirm Quiksilver alias/team identity and lightweight movement is acceptable.,,,,,,assets/logos/canonical/clovis.webp,team.html?team=clovis-16u-boys,club.html?club=clovis,,,,
16U Boys,72,San Jose Express,san-jose-express-16u-boys,San Jose Express,sj-express,Peninsula / San Francisco,1,primary/A-level,1480.2,-1,9,Futures Super Finals,0-4,manual_review_d2_tier_guardrail|quiksilver_cup_2026_evidence_added|quiksilver_cup_2026_lightweight_adjustment,,possible_duplicate_team_name|quiksilver_evidence_review|same_club_multiple_teams_in_group,Review whether this is a true separate team or alias merge. Confirm A/B/C/color team hierarchy and canonical naming. Confirm Quiksilver alias/team identity and lightweight movement is acceptable.,San Jose Express B #68 (san-jose-express-b-16u-boys),San Jose Express B #68 depth=2,,,,assets/logos/canonical/sj-express.webp,team.html?team=san-jose-express-16u-boys,club.html?club=sj-express,,,,
16U Boys,73,Wcac United,wcac-united-16u-boys,Wcac United,wcac-united,Out of State,1,primary/A-level,1466.9,-1,8,K7 Cup,0-4,quiksilver_cup_2026_evidence_added|quiksilver_cup_2026_lightweight_adjustment,,official_logo_needed|quiksilver_evidence_review,Collect official logo screenshot/source when available. Confirm Quiksilver alias/team identity and lightweight movement is acceptable.,,,,,,assets/logos/canonical/wcac-united.webp,team.html?team=wcac-united-16u-boys,club.html?club=wcac-united,,,,
16U Boys,74,Elite,elite-16u-boys,Elite,elite,Los Angeles,1,primary/A-level,1460.7,-1,9,SOPAC JO Quals,0-3,quiksilver_cup_2026_evidence_added|quiksilver_cup_2026_lightweight_adjustment,,official_logo_needed|quiksilver_evidence_review,Collect official logo screenshot/source when available. Confirm Quiksilver alias/team identity and lightweight movement is acceptable.,,,,,,assets/logos/canonical/elite.webp,team.html?team=elite-16u-boys,club.html?club=elite,,,,
16U Boys,75,Titans,titans-16u-boys,Titans,titans,Los Angeles,1,primary/A-level,1447.9,-1,7,CCA JO Quals,0-1,quiksilver_cup_2026_evidence_added|quiksilver_cup_2026_lightweight_adjustment,,quiksilver_evidence_review,Confirm Quiksilver alias/team identity and lightweight movement is acceptable.,,,,,,assets/logos/canonical/titans.webp,team.html?team=titans-16u-boys,club.html?club=titans,,,,
16U Boys,76,Vanguard White,vanguard-white-16u-boys,Vanguard,vanguard,Orange County,3,tertiary/C-level,1428.3,-1,7,SOPAC JO Quals,0-3,manual_review_depth_guardrail|quiksilver_cup_2026_evidence_added|quiksilver_cup_2026_lightweight_adjustment,,possible_duplicate_team_name|quiksilver_evidence_review|same_club_depth_collision|same_club_multiple_teams_in_group,Review whether this is a true separate team or alias merge. Confirm A/B/C/color team hierarchy and canonical naming. Confirm Quiksilver alias/team identity and lightweight movement is acceptable.,Vanguard #3 (vanguard-16u-boys); Vanguard Blue #25 (vanguard-blue-16u-boys); Vanguard Silver #53 (vanguard-silver-16u-boys),Vanguard #3 depth=1; Vanguard Blue #25 depth=2; Vanguard Silver #53 depth=3,,,,assets/logos/canonical/vanguard.webp,team.html?team=vanguard-white-16u-boys,club.html?club=vanguard,,,,
16U Boys,77,South Coast C,south-coast-c-16u-boys,South Coast,south-coast,Orange County,3,tertiary/C-level,1394.5,-1,6,CCA JO Quals,0-2,manual_review_depth_guardrail|manual_review_low_game_count|quiksilver_cup_2026_evidence_added|quiksilver_cup_2026_lightweight_adjustment,,possible_duplicate_team_name|quiksilver_evidence_review|same_club_multiple_teams_in_group,Review whether this is a true separate team or alias merge. Confirm A/B/C/color team hierarchy and canonical naming. Confirm Quiksilver alias/team identity and lightweight movement is acceptable.,South Coast #13 (south-coast-16u-boys); South Coast B #51 (south-coast-b-16u-boys),South Coast #13 depth=1; South Coast B #51 depth=2,,,,assets/logos/canonical/south-coast.webp,team.html?team=south-coast-c-16u-boys,club.html?club=south-coast,,,,
16U Boys,78,LA Jolla United Silver,la-jolla-united-silver-16u-boys,LA Jolla United,la-jolla-united,San Diego,3,tertiary/C-level,1360.0,-1,6,K7 Cup,0-2,manual_review_depth_guardrail|manual_review_d2_tier_guardrail|manual_review_low_game_count|quiksilver_cup_2026_evidence_added|quiksilver_cup_2026_lightweight_adjustment,,possible_duplicate_team_name|quiksilver_evidence_review|same_club_depth_collision|same_club_multiple_teams_in_group,Review whether this is a true separate team or alias merge. Confirm A/B/C/color team hierarchy and canonical naming. Confirm Quiksilver alias/team identity and lightweight movement is acceptable.,La Jolla United #20 (la-jolla-united-16u-boys); La Jolla United Gold #46 (la-jolla-united-gold-16u-boys); LA Jolla United White #55 (la-jolla-united-white-16u-boys),La Jolla United #20 depth=1; La Jolla United Gold #46 depth=2; LA Jolla United White #55 depth=3,,,,assets/logos/canonical/la-jolla-united.webp,team.html?team=la-jolla-united-silver-16u-boys,club.html?club=la-jolla-united,,,,
16U Boys,79,Trojan C,trojan-c-16u-boys,Trojan,trojan,Los Angeles,3,tertiary/C-level,1360.0,-1,6,CCA JO Quals,0-2,manual_review_depth_guardrail|manual_review_low_game_count|quiksilver_cup_2026_evidence_added|quiksilver_cup_2026_lightweight_adjustment,,possible_duplicate_team_name|quiksilver_evidence_review|same_club_multiple_teams_in_group,Review whether this is a true separate team or alias merge. Confirm A/B/C/color team hierarchy and canonical naming. Confirm Quiksilver alias/team identity and lightweight movement is acceptable.,Trojan #8 (trojan-16u-boys); Trojan B #26 (trojan-b-16u-boys),Trojan #8 depth=1; Trojan B #26 depth=2,,,,assets/logos/canonical/trojan.webp,team.html?team=trojan-c-16u-boys,club.html?club=trojan,,,,
16U Boys,80,Long Beach Shore,long-beach-shore-16u-boys,Long Beach Shore,long-beach-shore,Los Angeles,1,primary/A-level,1360.0,0,5,Quiksilver Cup,16 of 18,quiksilver_cup_2026_evidence_added|quiksilver_cup_2026_new_team_candidate|quiksilver_cup_2026_lightweight_adjustment,,provisional_or_identity_review|quiksilver_evidence_review,Confirm Quiksilver alias/team identity and lightweight movement is acceptable. Resolve before post-JO recalibration if possible.,,,,,,assets/logos/canonical/long-beach-shore.webp,team.html?team=long-beach-shore-16u-boys,club.html?club=long-beach-shore,,,,
16U Boys,81,NSD Stars,nsd-stars-16u-boys,NSD Stars,nsd-stars,San Diego,1,primary/A-level,1360.0,0,7,Quiksilver Cup,18 of 18,quiksilver_cup_2026_evidence_added|quiksilver_cup_2026_new_team_candidate|quiksilver_cup_2026_lightweight_adjustment,,official_logo_needed|provisional_or_identity_review|quiksilver_evidence_review,Collect official logo screenshot/source when available. Confirm Quiksilver alias/team identity and lightweight movement is acceptable. Resolve before post-JO recalibration if possible.,,,,,,assets/logos/canonical/nsd-stars.webp,team.html?team=nsd-stars-16u-boys,club.html?club=nsd-stars,,,,
16U Boys,82,San Diego Shores Gold,san-diego-shores-gold-16u-boys,San Diego Shores,san-diego-shores,San Diego,1,primary/A-level,1360.0,0,15,Quiksilver Cup,14 of 18,quiksilver_cup_2026_new_team_candidate|depth_team_review|quiksilver_cup_2026_evidence_added|quiksilver_cup_2026_lightweight_adjustment,,possible_duplicate_team_name|provisional_or_identity_review|quiksilver_evidence_review|same_club_depth_collision|same_club_multiple_teams_in_group,Review whether this is a true separate team or alias merge. Confirm A/B/C/color team hierarchy and canonical naming. Confirm Quiksilver alias/team identity and lightweight movement is acceptable. Resolve before post-JO recalibration if possible.,San Diego Shores #4 (san-diego-shores-16u-boys),San Diego Shores #4 depth=1,,,,assets/logos/canonical/san-diego-shores.webp,team.html?team=san-diego-shores-gold-16u-boys,club.html?club=san-diego-shores,,,,
16U Girls,1,SBWPC A,sbwpc-a-16u-girls,SBWPC,sbwpc,Central Coast,1,primary/A-level,2150.0,0,10,US Club Championships,4-0,,,possible_duplicate_team_name|same_club_multiple_teams_in_group,Review whether this is a true separate team or alias merge. Confirm A/B/C/color team hierarchy and canonical naming.,SBWPC B #25 (sbwpc-b-16u-girls),SBWPC B #25 depth=2,,,,assets/logos/canonical/sbwpc.webp,team.html?team=sbwpc-a-16u-girls,club.html?club=sbwpc,,,,
16U Girls,2,Mission,mission-16u-girls,Mission,mission,Orange County,1,primary/A-level,2098.9,0,9,US Club Championships,3-0,,,no_automated_issue,No action from automated QA; manual audit still optional.,,,,,,assets/logos/canonical/mission.webp,team.html?team=mission-16u-girls,club.html?club=mission,,,,
16U Girls,3,South Coast,south-coast-16u-girls,South Coast,south-coast,Orange County,1,primary/A-level,2039.4,0,12,US Club Championships,3-1,,,possible_duplicate_team_name|same_club_multiple_teams_in_group,Review whether this is a true separate team or alias merge. Confirm A/B/C/color team hierarchy and canonical naming.,South Coast B #35 (south-coast-b-16u-girls),South Coast B #35 depth=2,,,,assets/logos/canonical/south-coast.webp,team.html?team=south-coast-16u-girls,club.html?club=south-coast,,,,
16U Girls,4,Meridian,meridian-16u-girls,Meridian,meridian,East Bay,1,primary/A-level,1980.4,0,6,US Club Championships,4-0,manual_review_low_game_count,,official_logo_needed,Collect official logo screenshot/source when available.,,,,,,assets/logos/canonical/meridian.webp,team.html?team=meridian-16u-girls,club.html?club=meridian,,,,
16U Girls,5,Patriot,patriot-16u-girls,Patriot,patriot,Orange County,1,primary/A-level,1961.1,0,8,US Club Championships,1-1,,,no_automated_issue,No action from automated QA; manual audit still optional.,,,,,,assets/logos/canonical/patriot.webp,team.html?team=patriot-16u-girls,club.html?club=patriot,,,,
16U Girls,6,Diablo Alliance A,diablo-alliance-a-16u-girls,Diablo Alliance,diablo-alliance,East Bay,1,primary/A-level,1876.2,0,7,US Club Championships,2-2,,,no_automated_issue,No action from automated QA; manual audit still optional.,,,,,,assets/logos/canonical/diablo-alliance.webp,team.html?team=diablo-alliance-a-16u-girls,club.html?club=diablo-alliance,,,,
16U Girls,7,San Diego Shores,san-diego-shores-16u-girls,San Diego Shores,san-diego-shores,San Diego,1,primary/A-level,1857.1,0,5,Futures Super Finals,4-1,manual_review_low_game_count,,no_automated_issue,No action from automated QA; manual audit still optional.,,,,,,assets/logos/canonical/san-diego-shores.webp,team.html?team=san-diego-shores-16u-girls,club.html?club=san-diego-shores,,,,
16U Girls,8,Stanford A,stanford-a-16u-girls,Stanford,stanford,Peninsula / San Francisco,1,primary/A-level,1835.7,0,5,US Club Championships,3-1,manual_review_low_game_count,,no_automated_issue,No action from automated QA; manual audit still optional.,,,,,,assets/logos/canonical/stanford.webp,team.html?team=stanford-a-16u-girls,club.html?club=stanford,,,,
16U Girls,9,Newport Beach,newport-beach-16u-girls,Newport Beach,newport-beach,Orange County,1,primary/A-level,1832.6,0,11,US Club Championships,2-2,,,no_automated_issue,No action from automated QA; manual audit still optional.,,,,,,assets/logos/canonical/newport-beach.webp,team.html?team=newport-beach-16u-girls,club.html?club=newport-beach,,,,
16U Girls,10,Norco,norco-16u-girls,Norco,norco,Inland Empire,1,primary/A-level,1822.1,0,5,Futures Super Finals,4-1,manual_review_low_game_count,,no_automated_issue,No action from automated QA; manual audit still optional.,,,,,,assets/logos/canonical/norco.webp,team.html?team=norco-16u-girls,club.html?club=norco,,,,
16U Girls,11,Regency,regency-16u-girls,Regency,regency,Orange County,1,primary/A-level,1793.7,0,6,Futures Super Finals,1-1,manual_review_low_game_count,,no_automated_issue,No action from automated QA; manual audit still optional.,,,,,,assets/logos/canonical/regency.webp,team.html?team=regency-16u-girls,club.html?club=regency,,,,
16U Girls,12,Foothill,foothill-16u-girls,Foothill,foothill,Orange County,1,primary/A-level,1773.2,0,8,US Club Championships,2-1,,,no_automated_issue,No action from automated QA; manual audit still optional.,,,,,,assets/logos/canonical/foothill.webp,team.html?team=foothill-16u-girls,club.html?club=foothill,,,,
16U Girls,13,San Clemente,san-clemente-16u-girls,San Clemente,san-clemente,Orange County,1,primary/A-level,1772.6,0,9,Futures Super Finals,4-0,,,no_automated_issue,No action from automated QA; manual audit still optional.,,,,,,assets/logos/canonical/san-clemente.webp,team.html?team=san-clemente-16u-girls,club.html?club=san-clemente,,,,
16U Girls,14,Tsunami,tsunami-16u-girls,Rancho Tsunami,rancho-tsunami,Inland Empire,1,primary/A-level,1768.4,0,10,Quiksilver Cup,3 of 6,quiksilver_cup_2026_evidence_added|quiksilver_cup_2026_lightweight_adjustment|quiksilver_small_field_cap,,quiksilver_evidence_review,Confirm Quiksilver alias/team identity and lightweight movement is acceptable.,,,,,,assets/logos/canonical/rancho-tsunami.webp,team.html?team=tsunami-16u-girls,club.html?club=rancho-tsunami,,,,
16U Girls,15,Club Daygo,club-daygo-16u-girls,Club Daygo,club-daygo,San Diego,1,primary/A-level,1735.9,0,5,Futures Super Finals,3-2,manual_review_low_game_count,,official_logo_needed,Collect official logo screenshot/source when available.,,,,,,assets/logos/canonical/club-daygo.webp,team.html?team=club-daygo-16u-girls,club.html?club=club-daygo,,,,
16U Girls,16,Lamorinda A,lamorinda-a-16u-girls,Lamorinda,lamorinda,East Bay,1,primary/A-level,1732.3,0,7,US Club Championships,3-1,,,possible_duplicate_team_name|same_club_multiple_teams_in_group,Review whether this is a true separate team or alias merge. Confirm A/B/C/color team hierarchy and canonical naming.,Lamorinda B #36 (lamorinda-b-16u-girls),Lamorinda B #36 depth=2,,,,assets/logos/canonical/lamorinda.webp,team.html?team=lamorinda-a-16u-girls,club.html?club=lamorinda,,,,
16U Girls,17,Commerce,commerce-16u-girls,Commerce,commerce,Los Angeles,1,primary/A-level,1700.6,0,7,Quiksilver Cup,6 of 6,quiksilver_cup_2026_evidence_added|quiksilver_cup_2026_lightweight_adjustment|quiksilver_small_field_cap,,quiksilver_evidence_review,Confirm Quiksilver alias/team identity and lightweight movement is acceptable.,,,,,,assets/logos/canonical/commerce.webp,team.html?team=commerce-16u-girls,club.html?club=commerce,,,,
16U Girls,18,LB Viking,lb-viking-16u-girls,Viking,viking,Los Angeles,1,primary/A-level,1693.3,0,28,Quiksilver Cup,1 of 6,manual_review_14u_girls_same_team_alias_merge|quiksilver_cup_2026_new_team_candidate|quiksilver_cup_2026_champion|a_team_identity_review|small_field_weight_cap|quiksilver_cup_2026_evidence_added|quiksilver_cup_2026_lightweight_adjustment|quiksilver_small_field_cap,Merged alias evidence from Long Beach Viking into Viking for 14U Girls v3.,manual_review_note_present|provisional_or_identity_review|quiksilver_evidence_review|same_club_multiple_teams_in_group,Confirm A/B/C/color team hierarchy and canonical naming. Confirm Quiksilver alias/team identity and lightweight movement is acceptable. Resolve before post-JO recalibration if possible.,,Viking White #31 depth=3,,,,assets/logos/canonical/viking.webp,team.html?team=lb-viking-16u-girls,club.html?club=viking,,,,
16U Girls,19,CHAWP B,chawp-b-16u-girls,CHAWP,chawp,Inland Empire,2,secondary/B-level,1691.7,-1,7,US Club Championships,1-1,manual_review_depth_guardrail|manual_review_top25_depth_team|quiksilver_cup_2026_evidence_added|quiksilver_cup_2026_lightweight_adjustment|quiksilver_small_field_cap,,quiksilver_evidence_review,Confirm Quiksilver alias/team identity and lightweight movement is acceptable.,,,,,,assets/logos/canonical/chawp.webp,team.html?team=chawp-b-16u-girls,club.html?club=chawp,,,,
16U Girls,20,OVAC,ovac-16u-girls,OVAC,ovac,Los Angeles,1,primary/A-level,1687.3,0,6,Quiksilver Cup,2 of 6,quiksilver_cup_2026_new_team_candidate|quiksilver_cup_2026_runner_up|small_field_weight_cap|quiksilver_cup_2026_evidence_added|quiksilver_cup_2026_lightweight_adjustment|quiksilver_small_field_cap,,provisional_or_identity_review|quiksilver_evidence_review,Confirm Quiksilver alias/team identity and lightweight movement is acceptable. Resolve before post-JO recalibration if possible.,,,,,,assets/logos/canonical/ovac.webp,team.html?team=ovac-16u-girls,club.html?club=ovac,,,,
16U Girls,21,Palos Verdes,palos-verdes-16u-girls,Palos Verdes,palos-verdes,Los Angeles,1,primary/A-level,1685.3,-2,5,CCA JO Quals,3-2,manual_review_low_game_count|quiksilver_cup_2026_evidence_added|quiksilver_cup_2026_lightweight_adjustment|quiksilver_small_field_cap,,quiksilver_evidence_review,Confirm Quiksilver alias/team identity and lightweight movement is acceptable.,,,,,,assets/logos/canonical/palos-verdes.webp,team.html?team=palos-verdes-16u-girls,club.html?club=palos-verdes,,,,
16U Girls,22,SoCal,socal-16u-girls,SoCal,socal,Orange County,1,primary/A-level,1669.2,-2,11,US Club Championships,2-2,quiksilver_cup_2026_evidence_added|quiksilver_cup_2026_lightweight_adjustment|quiksilver_small_field_cap,,quiksilver_evidence_review,Confirm Quiksilver alias/team identity and lightweight movement is acceptable.,,,,,,assets/logos/canonical/socal.webp,team.html?team=socal-16u-girls,club.html?club=socal,,,,
16U Girls,23,Legacy,legacy-16u-girls,Legacy,legacy,Central Coast,1,primary/A-level,1652.2,0,5,Quiksilver Cup,4 of 6,manual_review_low_game_count|quiksilver_cup_2026_evidence_added|quiksilver_cup_2026_lightweight_adjustment|quiksilver_small_field_cap,,quiksilver_evidence_review,Confirm Quiksilver alias/team identity and lightweight movement is acceptable.,,,,,,assets/logos/canonical/legacy.webp,team.html?team=legacy-16u-girls,club.html?club=legacy,,,,
16U Girls,24,Temple City,temple-city-16u-girls,Temple City,temple-city,Los Angeles,1,primary/A-level,1647.5,-3,9,Futures Super Finals,3-1,quiksilver_cup_2026_evidence_added|quiksilver_cup_2026_lightweight_adjustment|quiksilver_small_field_cap,,quiksilver_evidence_review,Confirm Quiksilver alias/team identity and lightweight movement is acceptable.,,,,,,assets/logos/canonical/temple-city.webp,team.html?team=temple-city-16u-girls,club.html?club=temple-city,,,,
16U Girls,25,SBWPC B,sbwpc-b-16u-girls,SBWPC,sbwpc,Central Coast,2,secondary/B-level,1647.0,-3,9,US Club Championships,1-3,manual_review_depth_guardrail|manual_review_top25_depth_team|quiksilver_cup_2026_evidence_added|quiksilver_cup_2026_lightweight_adjustment|quiksilver_small_field_cap,,possible_duplicate_team_name|quiksilver_evidence_review|same_club_multiple_teams_in_group,Review whether this is a true separate team or alias merge. Confirm A/B/C/color team hierarchy and canonical naming. Confirm Quiksilver alias/team identity and lightweight movement is acceptable.,SBWPC A #1 (sbwpc-a-16u-girls),SBWPC A #1 depth=1,,,,assets/logos/canonical/sbwpc.webp,team.html?team=sbwpc-b-16u-girls,club.html?club=sbwpc,,,,
16U Girls,26,CIU,ciu-16u-girls,CIU,ciu,Central Coast,1,primary/A-level,1590.0,-2,13,US Club Championships,1-2,quiksilver_cup_2026_evidence_added|quiksilver_cup_2026_lightweight_adjustment|quiksilver_small_field_cap,,quiksilver_evidence_review,Confirm Quiksilver alias/team identity and lightweight movement is acceptable.,,,,,,assets/logos/canonical/ciu.webp,team.html?team=ciu-16u-girls,club.html?club=ciu,,,,
16U Girls,27,Arroyo Grande,arroyo-grande-16u-girls,Arroyo Grande,arroyogrande,Central Coast,1,primary/A-level,1558.1,-2,5,Futures Super Finals,2-3,manual_review_low_game_count|quiksilver_cup_2026_evidence_added|quiksilver_cup_2026_lightweight_adjustment|quiksilver_small_field_cap,,official_logo_needed|quiksilver_evidence_review,Collect official logo screenshot/source when available. Confirm Quiksilver alias/team identity and lightweight movement is acceptable.,,,,,,assets/logos/canonical/arroyogrande.webp,team.html?team=arroyo-grande-16u-girls,club.html?club=arroyogrande,,,,
16U Girls,28,Mid Valley,mid-valley-16u-girls,Mid Valley,mid-valley,Los Angeles,1,primary/A-level,1552.6,0,7,Quiksilver Cup,5 of 6,quiksilver_cup_2026_new_team_candidate|small_field_weight_cap|quiksilver_cup_2026_evidence_added|quiksilver_cup_2026_lightweight_adjustment|quiksilver_small_field_cap,,official_logo_needed|provisional_or_identity_review|quiksilver_evidence_review,Collect official logo screenshot/source when available. Confirm Quiksilver alias/team identity and lightweight movement is acceptable. Resolve before post-JO recalibration if possible.,,,,,,assets/logos/canonical/mid-valley.webp,team.html?team=mid-valley-16u-girls,club.html?club=mid-valley,,,,
16U Girls,29,Asphalt Green,asphalt-green-16u-girls,Asphalt Green,asphalt-green,Out of State,1,primary/A-level,1532.1,-3,5,Futures Super Finals,2-3,manual_review_low_game_count|quiksilver_cup_2026_evidence_added|quiksilver_cup_2026_lightweight_adjustment|quiksilver_small_field_cap,,official_logo_needed|quiksilver_evidence_review,Collect official logo screenshot/source when available. Confirm Quiksilver alias/team identity and lightweight movement is acceptable.,,,,,,assets/logos/canonical/asphalt-green.webp,team.html?team=asphalt-green-16u-girls,club.html?club=asphalt-green,,,,
16U Girls,30,Rose Bowl,rose-bowl-16u-girls,Rose Bowl,rose-bowl,Los Angeles,1,primary/A-level,1526.9,-3,7,US Club Championships,0-2,quiksilver_cup_2026_evidence_added|quiksilver_cup_2026_lightweight_adjustment|quiksilver_small_field_cap,,quiksilver_evidence_review,Confirm Quiksilver alias/team identity and lightweight movement is acceptable.,,,,,,assets/logos/canonical/rose-bowl.webp,team.html?team=rose-bowl-16u-girls,club.html?club=rose-bowl,,,,
16U Girls,31,Viking White,viking-white-16u-girls,Viking,viking,Los Angeles,3,tertiary/C-level,1510.8,-3,5,CCA JO Quals,3-2,manual_review_depth_guardrail|manual_review_low_game_count|quiksilver_cup_2026_evidence_added|quiksilver_cup_2026_lightweight_adjustment|quiksilver_small_field_cap,,quiksilver_evidence_review|same_club_multiple_teams_in_group,Confirm A/B/C/color team hierarchy and canonical naming. Confirm Quiksilver alias/team identity and lightweight movement is acceptable.,,LB Viking #18 depth=1,,,,assets/logos/canonical/viking.webp,team.html?team=viking-white-16u-girls,club.html?club=viking,,,,
16U Girls,32,Bulldog,bulldog-16u-girls,Bulldog,bulldog,Central Valley,1,primary/A-level,1462.9,-3,6,US Club Championships,0-2,manual_review_low_game_count|quiksilver_cup_2026_evidence_added|quiksilver_cup_2026_lightweight_adjustment|quiksilver_small_field_cap,,official_logo_needed|quiksilver_evidence_review,Collect official logo screenshot/source when available. Confirm Quiksilver alias/team identity and lightweight movement is acceptable.,,,,,,assets/logos/canonical/bulldog.webp,team.html?team=bulldog-16u-girls,club.html?club=bulldog,,,,
16U Girls,33,Clovis,clovis-16u-girls,Clovis,clovis,Central Valley,1,primary/A-level,1360.0,-3,5,Futures Super Finals,1-4,manual_review_low_game_count|quiksilver_cup_2026_evidence_added|quiksilver_cup_2026_lightweight_adjustment|quiksilver_small_field_cap,,official_logo_needed|quiksilver_evidence_review,Collect official logo screenshot/source when available. Confirm Quiksilver alias/team identity and lightweight movement is acceptable.,,,,,,assets/logos/canonical/clovis.webp,team.html?team=clovis-16u-girls,club.html?club=clovis,,,,
16U Girls,34,CDM,cdm-16u-girls,CDM,cdm,Orange County,1,primary/A-level,1360.0,-3,8,Futures Super Finals,2-2,quiksilver_cup_2026_evidence_added|quiksilver_cup_2026_lightweight_adjustment|quiksilver_small_field_cap,,quiksilver_evidence_review,Confirm Quiksilver alias/team identity and lightweight movement is acceptable.,,,,,,assets/logos/canonical/cdm.webp,team.html?team=cdm-16u-girls,club.html?club=cdm,,,,
16U Girls,35,South Coast B,south-coast-b-16u-girls,South Coast,south-coast,Orange County,2,secondary/B-level,1360.0,-3,7,CCA JO Quals,1-3,manual_review_depth_guardrail|quiksilver_cup_2026_evidence_added|quiksilver_cup_2026_lightweight_adjustment|quiksilver_small_field_cap,,possible_duplicate_team_name|quiksilver_evidence_review|same_club_multiple_teams_in_group,Review whether this is a true separate team or alias merge. Confirm A/B/C/color team hierarchy and canonical naming. Confirm Quiksilver alias/team identity and lightweight movement is acceptable.,South Coast #3 (south-coast-16u-girls),South Coast #3 depth=1,,,,assets/logos/canonical/south-coast.webp,team.html?team=south-coast-b-16u-girls,club.html?club=south-coast,,,,
16U Girls,36,Lamorinda B,lamorinda-b-16u-girls,Lamorinda,lamorinda,East Bay,2,secondary/B-level,1360.0,-3,7,US Club Championships,0-2,manual_review_depth_guardrail|quiksilver_cup_2026_evidence_added|quiksilver_cup_2026_lightweight_adjustment|quiksilver_small_field_cap,,possible_duplicate_team_name|quiksilver_evidence_review|same_club_multiple_teams_in_group,Review whether this is a true separate team or alias merge. Confirm A/B/C/color team hierarchy and canonical naming. Confirm Quiksilver alias/team identity and lightweight movement is acceptable.,Lamorinda A #16 (lamorinda-a-16u-girls),Lamorinda A #16 depth=1,,,,assets/logos/canonical/lamorinda.webp,team.html?team=lamorinda-b-16u-girls,club.html?club=lamorinda,,,,
18U Boys,1,Newport Beach,newport-beach-18u-boys,Newport Beach,newport-beach,Orange County,1,primary/A-level,2150.0,0,15,Futures Super Finals,1-1,,,no_automated_issue,No action from automated QA; manual audit still optional.,,,,,,assets/logos/canonical/newport-beach.webp,team.html?team=newport-beach-18u-boys,club.html?club=newport-beach,,,,
18U Boys,2,CC United,cc-united-18u-boys,CC United,cc-united,East Bay,1,primary/A-level,2042.4,0,7,Quiksilver Cup,Final placement pending source score,quiksilver_cup_2026_evidence_added|quiksilver_cup_2026_final_score_pending|quiksilver_cup_2026_lightweight_adjustment|quiksilver_partial_score_guardrail,,quiksilver_evidence_review,Confirm Quiksilver alias/team identity and lightweight movement is acceptable.,,,,,,assets/logos/canonical/cc-united.webp,team.html?team=cc-united-18u-boys,club.html?club=cc-united,,,,
18U Boys,3,Mission,mission-18u-boys,Mission,mission,Orange County,1,primary/A-level,1996.3,0,12,Quiksilver Cup,Final placement pending source score,quiksilver_cup_2026_evidence_added|quiksilver_cup_2026_final_score_pending|quiksilver_cup_2026_lightweight_adjustment|quiksilver_partial_score_guardrail,,quiksilver_evidence_review,Confirm Quiksilver alias/team identity and lightweight movement is acceptable.,,,,,,assets/logos/canonical/mission.webp,team.html?team=mission-18u-boys,club.html?club=mission,,,,
18U Boys,4,Imperial,imperial-18u-boys,Imperial,imperial,Inland Empire,1,primary/A-level,1920.0,0,9,Quiksilver Cup,7 of 16,quiksilver_cup_2026_evidence_added|quiksilver_cup_2026_lightweight_adjustment|quiksilver_partial_score_guardrail,,possible_duplicate_team_name|quiksilver_evidence_review|same_club_multiple_teams_in_group,Review whether this is a true separate team or alias merge. Confirm A/B/C/color team hierarchy and canonical naming. Confirm Quiksilver alias/team identity and lightweight movement is acceptable.,Imperial B #16 (imperial-b-18u-boys),Imperial B #16 depth=2,,,,assets/logos/canonical/imperial.webp,team.html?team=imperial-18u-boys,club.html?club=imperial,,,,
18U Boys,5,North Irvine,north-irvine-18u-boys,North Irvine,north-irvine,Orange County,1,primary/A-level,1907.8,0,5,Quiksilver Cup,Final placement pending source score,manual_review_low_game_count|quiksilver_cup_2026_evidence_added|quiksilver_cup_2026_final_score_pending|quiksilver_cup_2026_lightweight_adjustment|quiksilver_partial_score_guardrail,,quiksilver_evidence_review,Confirm Quiksilver alias/team identity and lightweight movement is acceptable.,,,,,,assets/logos/canonical/north-irvine.webp,team.html?team=north-irvine-18u-boys,club.html?club=north-irvine,,,,
18U Boys,6,Lamorinda A,lamorinda-a-18u-boys,Lamorinda,lamorinda,East Bay,1,primary/A-level,1893.5,0,7,Futures Super Finals,1-1,,,no_automated_issue,No action from automated QA; manual audit still optional.,,,,,,assets/logos/canonical/lamorinda.webp,team.html?team=lamorinda-a-18u-boys,club.html?club=lamorinda,,,,
18U Boys,7,SoCal,socal-18u-boys,SoCal,socal,Orange County,1,primary/A-level,1879.5,0,5,SOPAC JO Quals,4-1,manual_review_low_game_count,,no_automated_issue,No action from automated QA; manual audit still optional.,,,,,,assets/logos/canonical/socal.webp,team.html?team=socal-18u-boys,club.html?club=socal,,,,
18U Boys,8,Trojan,trojan-18u-boys,Trojan,trojan,Los Angeles,1,primary/A-level,1866.1,0,6,CCA JO Quals,1-0,manual_review_low_game_count,,possible_duplicate_team_name|same_club_multiple_teams_in_group,Review whether this is a true separate team or alias merge. Confirm A/B/C/color team hierarchy and canonical naming.,Trojan B #31 (trojan-b-18u-boys),Trojan B #31 depth=2,,,,assets/logos/canonical/trojan.webp,team.html?team=trojan-18u-boys,club.html?club=trojan,,,,
18U Boys,9,Aetos,aetos-18u-boys,Aetos,aetos,Orange County,1,primary/A-level,1847.0,0,10,Futures Super Finals,1-1,,,no_automated_issue,No action from automated QA; manual audit still optional.,,,,,,assets/logos/canonical/aetos.webp,team.html?team=aetos-18u-boys,club.html?club=aetos,,,,
18U Boys,10,Stanford A,stanford-a-18u-boys,Stanford,stanford,Peninsula / San Francisco,1,primary/A-level,1813.7,0,5,Futures Super Finals,2-0,manual_review_low_game_count,,no_automated_issue,No action from automated QA; manual audit still optional.,,,,,,assets/logos/canonical/stanford.webp,team.html?team=stanford-a-18u-boys,club.html?club=stanford,,,,
18U Boys,11,NorCal,norcal-18u-boys,NorCal,norcal,Peninsula / San Francisco,1,primary/A-level,1810.2,0,5,Futures Super Finals,3-2,manual_review_low_game_count,,no_automated_issue,No action from automated QA; manual audit still optional.,,,,,,assets/logos/canonical/norcal.webp,team.html?team=norcal-18u-boys,club.html?club=norcal,,,,
18U Boys,12,South Coast,south-coast-18u-boys,South Coast,south-coast,Orange County,1,primary/A-level,1801.3,1,7,Futures Super Finals,3-2,quiksilver_cup_2026_evidence_added|quiksilver_cup_2026_lightweight_adjustment|quiksilver_partial_score_guardrail,,quiksilver_evidence_review,Confirm Quiksilver alias/team identity and lightweight movement is acceptable.,,,,,,assets/logos/canonical/south-coast.webp,team.html?team=south-coast-18u-boys,club.html?club=south-coast,,,,
18U Boys,13,Tsunami,tsunami-18u-boys,Rancho Tsunami,rancho-tsunami,Inland Empire,1,primary/A-level,1762.6,1,12,Futures Super Finals,4-0,quiksilver_cup_2026_evidence_added|quiksilver_cup_2026_lightweight_adjustment|quiksilver_partial_score_guardrail,,quiksilver_evidence_review,Confirm Quiksilver alias/team identity and lightweight movement is acceptable.,,,,,,assets/logos/canonical/rancho-tsunami.webp,team.html?team=tsunami-18u-boys,club.html?club=rancho-tsunami,,,,
18U Boys,14,Supreme,supreme-18u-boys,Supreme,supreme,Los Angeles,1,primary/A-level,1749.1,-2,7,Quiksilver Cup,16 of 16,quiksilver_cup_2026_evidence_added|quiksilver_cup_2026_lightweight_adjustment|quiksilver_partial_score_guardrail,,quiksilver_evidence_review,Confirm Quiksilver alias/team identity and lightweight movement is acceptable.,,,,,,assets/logos/canonical/supreme.webp,team.html?team=supreme-18u-boys,club.html?club=supreme,,,,
18U Boys,15,Sand Canyon Black,sand-canyon-black-18u-boys,Sand Canyon,sand-canyon,Orange County,2,secondary/B-level,1747.2,0,5,Quiksilver Cup,12 of 16,manual_review_depth_guardrail|manual_review_low_game_count|manual_review_top25_depth_team|quiksilver_cup_2026_evidence_added|quiksilver_cup_2026_lightweight_adjustment|quiksilver_partial_score_guardrail,,lower_depth_above_primary_same_club|possible_duplicate_team_name|quiksilver_evidence_review|same_club_depth_collision|same_club_multiple_teams_in_group,Review whether this is a true separate team or alias merge. Confirm A/B/C/color team hierarchy and canonical naming. Confirm whether this lower-depth team should rank above the club primary team. Confirm Quiksilver alias/team identity and lightweight movement is acceptable.,Sand Canyon Red #22 (sand-canyon-red-18u-boys); Sand Canyon #30 (sand-canyon-18u-boys),Sand Canyon Red #22 depth=1; Sand Canyon #30 depth=1,,,,assets/logos/canonical/sand-canyon.webp,team.html?team=sand-canyon-black-18u-boys,club.html?club=sand-canyon,,,,
18U Boys,16,Imperial B,imperial-b-18u-boys,Imperial,imperial,Inland Empire,2,secondary/B-level,1747.2,0,7,SOPAC JO Quals,2-2,manual_review_depth_guardrail|manual_review_top25_depth_team,,possible_duplicate_team_name|same_club_multiple_teams_in_group,Review whether this is a true separate team or alias merge. Confirm A/B/C/color team hierarchy and canonical naming.,Imperial #4 (imperial-18u-boys),Imperial #4 depth=1,,,,assets/logos/canonical/imperial.webp,team.html?team=imperial-b-18u-boys,club.html?club=imperial,,,,
18U Boys,17,Vanguard Blue,vanguard-blue-18u-boys,Vanguard,vanguard,Orange County,2,secondary/B-level,1738.9,0,10,SOPAC JO Quals,3-1,manual_review_depth_guardrail|manual_review_top25_depth_team,,possible_duplicate_team_name|same_club_multiple_teams_in_group,Review whether this is a true separate team or alias merge. Confirm A/B/C/color team hierarchy and canonical naming.,Vanguard Silver #41 (vanguard-silver-18u-boys),Vanguard Silver #41 depth=3,,,,assets/logos/canonical/vanguard.webp,team.html?team=vanguard-blue-18u-boys,club.html?club=vanguard,,,,
18U Boys,18,TSM,tsm-18u-boys,TSM,tsm,Los Angeles,1,primary/A-level,1733.3,0,6,Futures Super Finals,3-1,manual_review_low_game_count,,official_logo_needed,Collect official logo screenshot/source when available.,,,,,,assets/logos/canonical/tsm.webp,team.html?team=tsm-18u-boys,club.html?club=tsm,,,,
18U Boys,19,ORWP A,orwp-a-18u-boys,ORWP,orwp,Los Angeles,1,primary/A-level,1719.0,0,9,Futures Super Finals,1-3,,,no_automated_issue,No action from automated QA; manual audit still optional.,,,,,,assets/logos/canonical/orwp.webp,team.html?team=orwp-a-18u-boys,club.html?club=orwp,,,,
18U Boys,20,Commerce,commerce-18u-boys,Commerce,commerce,Los Angeles,1,primary/A-level,1713.2,0,7,Quiksilver Cup,14 of 16,quiksilver_cup_2026_evidence_added|quiksilver_cup_2026_lightweight_adjustment|quiksilver_partial_score_guardrail,,quiksilver_evidence_review,Confirm Quiksilver alias/team identity and lightweight movement is acceptable.,,,,,,assets/logos/canonical/commerce.webp,team.html?team=commerce-18u-boys,club.html?club=commerce,,,,
18U Boys,21,San Diego Shores,san-diego-shores-18u-boys,San Diego Shores,san-diego-shores,San Diego,1,primary/A-level,1690.4,3,6,Quiksilver Cup,6 of 16,manual_review_low_game_count|quiksilver_cup_2026_evidence_added|quiksilver_cup_2026_lightweight_adjustment|quiksilver_partial_score_guardrail,,quiksilver_evidence_review,Confirm Quiksilver alias/team identity and lightweight movement is acceptable.,,,,,,assets/logos/canonical/san-diego-shores.webp,team.html?team=san-diego-shores-18u-boys,club.html?club=san-diego-shores,,,,
18U Boys,22,Sand Canyon Red,sand-canyon-red-18u-boys,Sand Canyon,sand-canyon,Orange County,1,primary/A-level,1676.9,-1,5,SOPAC JO Quals,3-2,manual_review_low_game_count|quiksilver_cup_2026_evidence_added|quiksilver_cup_2026_lightweight_adjustment|quiksilver_partial_score_guardrail,,possible_duplicate_team_name|quiksilver_evidence_review|same_club_depth_collision|same_club_multiple_teams_in_group,Review whether this is a true separate team or alias merge. Confirm A/B/C/color team hierarchy and canonical naming. Confirm Quiksilver alias/team identity and lightweight movement is acceptable.,Sand Canyon Black #15 (sand-canyon-black-18u-boys); Sand Canyon #30 (sand-canyon-18u-boys),Sand Canyon Black #15 depth=2; Sand Canyon #30 depth=1,,,,assets/logos/canonical/sand-canyon.webp,team.html?team=sand-canyon-red-18u-boys,club.html?club=sand-canyon,,,,
18U Boys,23,Greenwich,greenwich-18u-boys,Greenwich,greenwich,Out of State,1,primary/A-level,1662.2,0,6,Quiksilver Cup,5 of 16,manual_priority_out_of_region_elite_result|quiksilver_cup_2026_new_team_candidate|medium_large_field_weight_cap|quiksilver_cup_2026_evidence_added|quiksilver_cup_2026_lightweight_adjustment|quiksilver_partial_score_guardrail,,provisional_or_identity_review|quiksilver_evidence_review,Confirm Quiksilver alias/team identity and lightweight movement is acceptable. Resolve before post-JO recalibration if possible.,,,,,,assets/logos/canonical/greenwich.webp,team.html?team=greenwich-18u-boys,club.html?club=greenwich,,,,
18U Boys,24,SET,set-18u-boys,SET,set,Orange County,1,primary/A-level,1655.6,-2,8,Futures Super Finals,3-1,quiksilver_cup_2026_evidence_added|quiksilver_cup_2026_lightweight_adjustment|quiksilver_partial_score_guardrail,,quiksilver_evidence_review,Confirm Quiksilver alias/team identity and lightweight movement is acceptable.,,,,,,assets/logos/canonical/set.webp,team.html?team=set-18u-boys,club.html?club=set,,,,
18U Boys,25,Hieland,hieland-18u-boys,Hieland,hieland,Orange County,1,primary/A-level,1650.8,-2,12,SOPAC JO Quals,2-2,quiksilver_cup_2026_evidence_added|quiksilver_cup_2026_lightweight_adjustment|quiksilver_partial_score_guardrail,,official_logo_needed|quiksilver_evidence_review,Collect official logo screenshot/source when available. Confirm Quiksilver alias/team identity and lightweight movement is acceptable.,,,,,,assets/logos/canonical/hieland.webp,team.html?team=hieland-18u-boys,club.html?club=hieland,,,,
18U Boys,26,CHAWP B,chawp-b-18u-boys,CHAWP,chawp,Inland Empire,2,secondary/B-level,1648.2,-1,6,SOPAC JO Quals,2-2,manual_review_depth_guardrail|manual_review_low_game_count|manual_review_top25_depth_team|quiksilver_cup_2026_evidence_added|quiksilver_cup_2026_lightweight_adjustment|quiksilver_partial_score_guardrail,,lower_depth_above_primary_same_club|possible_duplicate_team_name|quiksilver_evidence_review|same_club_multiple_teams_in_group,Review whether this is a true separate team or alias merge. Confirm A/B/C/color team hierarchy and canonical naming. Confirm whether this lower-depth team should rank above the club primary team. Confirm Quiksilver alias/team identity and lightweight movement is acceptable.,CHAWP #43 (chawp-18u-boys),CHAWP #43 depth=1,,,,assets/logos/canonical/chawp.webp,team.html?team=chawp-b-18u-boys,club.html?club=chawp,,,,
18U Boys,27,San Francisco,san-francisco-18u-boys,San Francisco,san-francisco,Peninsula / San Francisco,1,primary/A-level,1633.0,-1,5,Futures Super Finals,2-3,manual_review_low_game_count|quiksilver_cup_2026_evidence_added|quiksilver_cup_2026_lightweight_adjustment|quiksilver_partial_score_guardrail,,official_logo_needed|quiksilver_evidence_review,Collect official logo screenshot/source when available. Confirm Quiksilver alias/team identity and lightweight movement is acceptable.,,,,,,assets/logos/canonical/san-francisco.webp,team.html?team=san-francisco-18u-boys,club.html?club=san-francisco,,,,
18U Boys,28,CIU,ciu-18u-boys,CIU,ciu,Central Coast,1,primary/A-level,1625.8,0,5,Quiksilver Cup,8 of 16,quiksilver_cup_2026_new_team_candidate|medium_large_field_weight_cap|quiksilver_cup_2026_evidence_added|quiksilver_cup_2026_lightweight_adjustment|quiksilver_partial_score_guardrail,,provisional_or_identity_review|quiksilver_evidence_review,Confirm Quiksilver alias/team identity and lightweight movement is acceptable. Resolve before post-JO recalibration if possible.,,,,,,assets/logos/canonical/ciu.webp,team.html?team=ciu-18u-boys,club.html?club=ciu,,,,
18U Boys,29,PAC Orange,pac-orange-18u-boys,PAC Orange,pac-orange,Orange County,1,primary/A-level,1620.9,-2,6,CCA JO Quals,1-1,manual_review_low_game_count|quiksilver_cup_2026_evidence_added|quiksilver_cup_2026_lightweight_adjustment|quiksilver_partial_score_guardrail,,official_logo_needed|quiksilver_evidence_review,Collect official logo screenshot/source when available. Confirm Quiksilver alias/team identity and lightweight movement is acceptable.,,,,,,assets/logos/canonical/pac-orange.webp,team.html?team=pac-orange-18u-boys,club.html?club=pac-orange,,,,
18U Boys,30,Sand Canyon,sand-canyon-18u-boys,Sand Canyon,sand-canyon,Orange County,1,primary/A-level,1555.5,-2,8,Futures Super Finals,2-3,quiksilver_cup_2026_evidence_added|quiksilver_cup_2026_lightweight_adjustment|quiksilver_partial_score_guardrail,,possible_duplicate_team_name|quiksilver_evidence_review|same_club_depth_collision|same_club_multiple_teams_in_group,Review whether this is a true separate team or alias merge. Confirm A/B/C/color team hierarchy and canonical naming. Confirm Quiksilver alias/team identity and lightweight movement is acceptable.,Sand Canyon Black #15 (sand-canyon-black-18u-boys); Sand Canyon Red #22 (sand-canyon-red-18u-boys),Sand Canyon Black #15 depth=2; Sand Canyon Red #22 depth=1,,,,assets/logos/canonical/sand-canyon.webp,team.html?team=sand-canyon-18u-boys,club.html?club=sand-canyon,,,,
18U Boys,31,Trojan B,trojan-b-18u-boys,Trojan,trojan,Los Angeles,2,secondary/B-level,1528.5,-2,8,Futures Super Finals,4-0,manual_review_depth_guardrail|manual_review_d2_tier_guardrail|quiksilver_cup_2026_evidence_added|quiksilver_cup_2026_lightweight_adjustment|quiksilver_partial_score_guardrail,,possible_duplicate_team_name|quiksilver_evidence_review|same_club_multiple_teams_in_group,Review whether this is a true separate team or alias merge. Confirm A/B/C/color team hierarchy and canonical naming. Confirm Quiksilver alias/team identity and lightweight movement is acceptable.,Trojan #8 (trojan-18u-boys),Trojan #8 depth=1,,,,assets/logos/canonical/trojan.webp,team.html?team=trojan-b-18u-boys,club.html?club=trojan,,,,
18U Boys,32,Long Beach Shore,long-beach-shore-18u-boys,Long Beach Shore,long-beach-shore,Los Angeles,1,primary/A-level,1514.9,0,5,Quiksilver Cup,9 of 16,quiksilver_cup_2026_evidence_added|quiksilver_cup_2026_new_team_candidate|medium_large_field_weight_cap|quiksilver_cup_2026_lightweight_adjustment|quiksilver_partial_score_guardrail,,provisional_or_identity_review|quiksilver_evidence_review,Confirm Quiksilver alias/team identity and lightweight movement is acceptable. Resolve before post-JO recalibration if possible.,,,,,,assets/logos/canonical/long-beach-shore.webp,team.html?team=long-beach-shore-18u-boys,club.html?club=long-beach-shore,,,,
18U Boys,33,Diablo Alliance A,diablo-alliance-a-18u-boys,Diablo Alliance,diablo-alliance,East Bay,1,primary/A-level,1501.3,-3,5,Quiksilver Cup,10 of 16,manual_review_low_game_count|quiksilver_cup_2026_evidence_added|quiksilver_cup_2026_lightweight_adjustment|quiksilver_partial_score_guardrail,,quiksilver_evidence_review,Confirm Quiksilver alias/team identity and lightweight movement is acceptable.,,,,,,assets/logos/canonical/diablo-alliance.webp,team.html?team=diablo-alliance-a-18u-boys,club.html?club=diablo-alliance,,,,
18U Boys,34,Route 66,route-66-18u-boys,Route 66,route-66,Inland Empire,1,primary/A-level,1496.5,-3,6,Futures Super Finals,2-2,manual_review_low_game_count|quiksilver_cup_2026_evidence_added|quiksilver_cup_2026_lightweight_adjustment|quiksilver_partial_score_guardrail,,official_logo_needed|quiksilver_evidence_review,Collect official logo screenshot/source when available. Confirm Quiksilver alias/team identity and lightweight movement is acceptable.,,,,,,assets/logos/canonical/route-66.webp,team.html?team=route-66-18u-boys,club.html?club=route-66,,,,
18U Boys,35,Olympus,olympus-18u-boys,Olympus,olympus,Out of State,1,primary/A-level,1478.5,0,15,Quiksilver Cup,11 of 16,quiksilver_cup_2026_new_club_candidate|quiksilver_cup_2026_provisional_entry|medium_large_field_weight_cap|quiksilver_cup_2026_evidence_added|quiksilver_cup_2026_lightweight_adjustment|quiksilver_partial_score_guardrail,,missing_logo_file|provisional_or_identity_review|quiksilver_evidence_review,Fix logo path or add canonical logo file. Confirm Quiksilver alias/team identity and lightweight movement is acceptable. Resolve before post-JO recalibration if possible.,,,,,,assets/logos/canonical/olympus.webp,team.html?team=olympus-18u-boys,club.html?club=olympus,,,,
18U Boys,36,American River,american-river-18u-boys,American River,american-river,Sacramento,1,primary/A-level,1463.1,-4,5,Futures Super Finals,1-4,manual_review_low_game_count|quiksilver_cup_2026_evidence_added|quiksilver_cup_2026_lightweight_adjustment|quiksilver_partial_score_guardrail,,quiksilver_evidence_review,Confirm Quiksilver alias/team identity and lightweight movement is acceptable.,,,,,,assets/logos/canonical/american-river.webp,team.html?team=american-river-18u-boys,club.html?club=american-river,,,,
18U Boys,37,La Jolla United B,la-jolla-united-b-18u-boys,La Jolla United,la-jolla-united,San Diego,2,secondary/B-level,1462.3,-4,8,Quiksilver Cup,Final placement pending source score,manual_review_depth_guardrail|manual_review_d2_tier_guardrail|quiksilver_cup_2026_evidence_added|quiksilver_cup_2026_final_score_pending|quiksilver_cup_2026_lightweight_adjustment|quiksilver_partial_score_guardrail,,quiksilver_evidence_review,Confirm Quiksilver alias/team identity and lightweight movement is acceptable.,,,,,,assets/logos/canonical/la-jolla-united.webp,team.html?team=la-jolla-united-b-18u-boys,club.html?club=la-jolla-united,,,,
18U Boys,38,Foothill,foothill-18u-boys,Foothill,foothill,Orange County,1,primary/A-level,1430.8,0,14,Quiksilver Cup,13 of 16,quiksilver_cup_2026_new_team_candidate|medium_large_field_weight_cap|quiksilver_cup_2026_evidence_added|quiksilver_cup_2026_lightweight_adjustment|quiksilver_partial_score_guardrail,,provisional_or_identity_review|quiksilver_evidence_review,Confirm Quiksilver alias/team identity and lightweight movement is acceptable. Resolve before post-JO recalibration if possible.,,,,,,assets/logos/canonical/foothill.webp,team.html?team=foothill-18u-boys,club.html?club=foothill,,,,
18U Boys,39,Alameda WPC,alameda-wpc-18u-boys,Alameda,alameda,East Bay,1,primary/A-level,1360.0,0,5,Quiksilver Cup,15 of 16,quiksilver_cup_2026_new_team_candidate|club_identity_review|medium_large_field_weight_cap|quiksilver_cup_2026_evidence_added|quiksilver_cup_2026_lightweight_adjustment|quiksilver_partial_score_guardrail,,provisional_or_identity_review|quiksilver_evidence_review,Confirm Quiksilver alias/team identity and lightweight movement is acceptable. Resolve before post-JO recalibration if possible.,,,,,,assets/logos/canonical/alameda.webp,team.html?team=alameda-wpc-18u-boys,club.html?club=alameda,,,,
18U Boys,40,San Jose Express,san-jose-express-18u-boys,San Jose Express,sj-express,Peninsula / San Francisco,1,primary/A-level,1360.0,-6,5,Futures Super Finals,1-4,manual_review_low_game_count|quiksilver_cup_2026_evidence_added|quiksilver_cup_2026_lightweight_adjustment|quiksilver_partial_score_guardrail,,quiksilver_evidence_review,Confirm Quiksilver alias/team identity and lightweight movement is acceptable.,,,,,,assets/logos/canonical/sj-express.webp,team.html?team=san-jose-express-18u-boys,club.html?club=sj-express,,,,
18U Boys,41,Vanguard Silver,vanguard-silver-18u-boys,Vanguard,vanguard,Orange County,3,tertiary/C-level,1360.0,-6,5,SOPAC JO Quals,2-3,manual_review_depth_guardrail|manual_review_low_game_count|quiksilver_cup_2026_evidence_added|quiksilver_cup_2026_lightweight_adjustment|quiksilver_partial_score_guardrail,,possible_duplicate_team_name|quiksilver_evidence_review|same_club_multiple_teams_in_group,Review whether this is a true separate team or alias merge. Confirm A/B/C/color team hierarchy and canonical naming. Confirm Quiksilver alias/team identity and lightweight movement is acceptable.,Vanguard Blue #17 (vanguard-blue-18u-boys),Vanguard Blue #17 depth=2,,,,assets/logos/canonical/vanguard.webp,team.html?team=vanguard-silver-18u-boys,club.html?club=vanguard,,,,
18U Boys,42,SFV,sfv-18u-boys,SFV,sfv,Los Angeles,1,primary/A-level,1360.0,-6,6,CCA JO Quals,0-2,manual_review_low_game_count|quiksilver_cup_2026_evidence_added|quiksilver_cup_2026_lightweight_adjustment|quiksilver_partial_score_guardrail,,official_logo_needed|quiksilver_evidence_review,Collect official logo screenshot/source when available. Confirm Quiksilver alias/team identity and lightweight movement is acceptable.,,,,,,assets/logos/canonical/sfv.webp,team.html?team=sfv-18u-boys,club.html?club=sfv,,,,
18U Boys,43,CHAWP,chawp-18u-boys,CHAWP,chawp,Inland Empire,1,primary/A-level,1360.0,-6,11,SOPAC JO Quals,1-4,quiksilver_cup_2026_evidence_added|quiksilver_cup_2026_lightweight_adjustment|quiksilver_partial_score_guardrail,,possible_duplicate_team_name|quiksilver_evidence_review|same_club_multiple_teams_in_group,Review whether this is a true separate team or alias merge. Confirm A/B/C/color team hierarchy and canonical naming. Confirm Quiksilver alias/team identity and lightweight movement is acceptable.,CHAWP B #26 (chawp-b-18u-boys),CHAWP B #26 depth=2,,,,assets/logos/canonical/chawp.webp,team.html?team=chawp-18u-boys,club.html?club=chawp,,,,
18U Boys,44,Rose Bowl,rose-bowl-18u-boys,Rose Bowl,rose-bowl,Los Angeles,1,primary/A-level,1360.0,-6,8,Futures Super Finals,1-3,quiksilver_cup_2026_evidence_added|quiksilver_cup_2026_lightweight_adjustment|quiksilver_partial_score_guardrail,,quiksilver_evidence_review,Confirm Quiksilver alias/team identity and lightweight movement is acceptable.,,,,,,assets/logos/canonical/rose-bowl.webp,team.html?team=rose-bowl-18u-boys,club.html?club=rose-bowl,,,,
18U Boys,45,Yeti,yeti-18u-boys,Yeti,yeti,Los Angeles,1,primary/A-level,1360.0,-6,5,SOPAC JO Quals,0-5,manual_review_low_game_count|quiksilver_cup_2026_evidence_added|quiksilver_cup_2026_lightweight_adjustment|quiksilver_partial_score_guardrail,,official_logo_needed|quiksilver_evidence_review,Collect official logo screenshot/source when available. Confirm Quiksilver alias/team identity and lightweight movement is acceptable.,,,,,,assets/logos/canonical/yeti.webp,team.html?team=yeti-18u-boys,club.html?club=yeti,,,,
18U Girls,1,Newport Beach,newport-beach-18u-girls,Newport Beach,newport-beach,Orange County,1,primary/A-level,2150.0,0,10,US Club Championships,4-0,,,no_automated_issue,No action from automated QA; manual audit still optional.,,,,,,assets/logos/canonical/newport-beach.webp,team.html?team=newport-beach-18u-girls,club.html?club=newport-beach,,,,
18U Girls,2,SBWPC A,sbwpc-a-18u-girls,SBWPC,sbwpc,Central Coast,1,primary/A-level,2040.1,0,10,US Club Championships,3-0,,,possible_duplicate_team_name|same_club_multiple_teams_in_group,Review whether this is a true separate team or alias merge. Confirm A/B/C/color team hierarchy and canonical naming.,SBWPC B #17 (sbwpc-b-18u-girls); SBWPC C #32 (sbwpc-c-18u-girls),SBWPC B #17 depth=2; SBWPC C #32 depth=3,,,,assets/logos/canonical/sbwpc.webp,team.html?team=sbwpc-a-18u-girls,club.html?club=sbwpc,,,,
18U Girls,3,Regency,regency-18u-girls,Regency,regency,Orange County,1,primary/A-level,2031.7,0,10,US Club Championships,3-1,,,no_automated_issue,No action from automated QA; manual audit still optional.,,,,,,assets/logos/canonical/regency.webp,team.html?team=regency-18u-girls,club.html?club=regency,,,,
18U Girls,4,SoCal,socal-18u-girls,SoCal,socal,Orange County,1,primary/A-level,2000.7,0,8,US Club Championships,3-0,,,possible_duplicate_team_name|same_club_multiple_teams_in_group,Review whether this is a true separate team or alias merge. Confirm A/B/C/color team hierarchy and canonical naming.,SoCal Gold #23 (socal-gold-18u-girls),SoCal Gold #23 depth=2,,,,assets/logos/canonical/socal.webp,team.html?team=socal-18u-girls,club.html?club=socal,,,,
18U Girls,5,Lamorinda A,lamorinda-a-18u-girls,Lamorinda,lamorinda,East Bay,1,primary/A-level,1933.0,0,5,US Club Championships,4-0,manual_review_low_game_count,,no_automated_issue,No action from automated QA; manual audit still optional.,,,,,,assets/logos/canonical/lamorinda.webp,team.html?team=lamorinda-a-18u-girls,club.html?club=lamorinda,,,,
18U Girls,6,CDM,cdm-18u-girls,CDM,cdm,Orange County,1,primary/A-level,1850.7,0,8,Futures Super Finals,4-1,,,no_automated_issue,No action from automated QA; manual audit still optional.,,,,,,assets/logos/canonical/cdm.webp,team.html?team=cdm-18u-girls,club.html?club=cdm,,,,
18U Girls,7,Mission,mission-18u-girls,Mission,mission,Orange County,1,primary/A-level,1825.0,2,10,Quiksilver Cup,4 of 12,quiksilver_cup_2026_evidence_added|quiksilver_cup_2026_lightweight_adjustment,,quiksilver_evidence_review,Confirm Quiksilver alias/team identity and lightweight movement is acceptable.,,,,,,assets/logos/canonical/mission.webp,team.html?team=mission-18u-girls,club.html?club=mission,,,,
18U Girls,8,Rose Bowl,rose-bowl-18u-girls,Rose Bowl,rose-bowl,Los Angeles,1,primary/A-level,1823.7,-1,7,US Club Championships,1-2,quiksilver_cup_2026_evidence_added|quiksilver_cup_2026_lightweight_adjustment,,quiksilver_evidence_review,Confirm Quiksilver alias/team identity and lightweight movement is acceptable.,,,,,,assets/logos/canonical/rose-bowl.webp,team.html?team=rose-bowl-18u-girls,club.html?club=rose-bowl,,,,
18U Girls,9,LB Viking Blue,lb-viking-blue-18u-girls,Viking,viking,Los Angeles,2,secondary/B-level,1788.3,6,5,Quiksilver Cup,1 of 12,manual_review_depth_guardrail|manual_review_low_game_count|manual_review_top25_depth_team|quiksilver_cup_2026_evidence_added|quiksilver_cup_2026_lightweight_adjustment,,possible_duplicate_team_name|quiksilver_evidence_review|same_club_multiple_teams_in_group,Review whether this is a true separate team or alias merge. Confirm A/B/C/color team hierarchy and canonical naming. Confirm Quiksilver alias/team identity and lightweight movement is acceptable.,LB Viking White #30 (lb-viking-white-18u-girls),LB Viking White #30 depth=3,,,,assets/logos/canonical/viking.webp,team.html?team=lb-viking-blue-18u-girls,club.html?club=viking,,,,
18U Girls,10,Foothill,foothill-18u-girls,Foothill,foothill,Orange County,1,primary/A-level,1782.9,-2,9,Quiksilver Cup,9 of 12,quiksilver_cup_2026_evidence_added|quiksilver_cup_2026_lightweight_adjustment,,quiksilver_evidence_review,Confirm Quiksilver alias/team identity and lightweight movement is acceptable.,,,,,,assets/logos/canonical/foothill.webp,team.html?team=foothill-18u-girls,club.html?club=foothill,,,,
18U Girls,11,Legacy,legacy-18u-girls,Legacy,legacy,Central Coast,1,primary/A-level,1738.1,-1,6,Quiksilver Cup,7 of 12,manual_review_low_game_count|quiksilver_cup_2026_evidence_added|quiksilver_cup_2026_lightweight_adjustment,,quiksilver_evidence_review,Confirm Quiksilver alias/team identity and lightweight movement is acceptable.,,,,,,assets/logos/canonical/legacy.webp,team.html?team=legacy-18u-girls,club.html?club=legacy,,,,
18U Girls,12,Stanford A,stanford-a-18u-girls,Stanford,stanford,Peninsula / San Francisco,1,primary/A-level,1728.1,-1,7,US Club Championships,2-2,quiksilver_cup_2026_evidence_added|quiksilver_cup_2026_lightweight_adjustment,,quiksilver_evidence_review,Confirm Quiksilver alias/team identity and lightweight movement is acceptable.,,,,,,assets/logos/canonical/stanford.webp,team.html?team=stanford-a-18u-girls,club.html?club=stanford,,,,
18U Girls,13,Santa Cruz,santa-cruz-18u-girls,Santa Cruz,santa-cruz,Central Coast,1,primary/A-level,1728.0,-1,5,Futures Super Finals,3-2,manual_review_low_game_count|quiksilver_cup_2026_evidence_added|quiksilver_cup_2026_lightweight_adjustment,,quiksilver_evidence_review,Confirm Quiksilver alias/team identity and lightweight movement is acceptable.,,,,,,assets/logos/canonical/santa-cruz.webp,team.html?team=santa-cruz-18u-girls,club.html?club=santa-cruz,,,,
18U Girls,14,Palos Verdes,palos-verdes-18u-girls,Palos Verdes,palos-verdes,Los Angeles,1,primary/A-level,1716.1,-1,5,CCA JO Quals,3-2,manual_review_low_game_count|quiksilver_cup_2026_evidence_added|quiksilver_cup_2026_lightweight_adjustment,,quiksilver_evidence_review,Confirm Quiksilver alias/team identity and lightweight movement is acceptable.,,,,,,assets/logos/canonical/palos-verdes.webp,team.html?team=palos-verdes-18u-girls,club.html?club=palos-verdes,,,,
18U Girls,15,680,680-18u-girls,680,680,East Bay,1,primary/A-level,1716.1,0,5,Quiksilver Cup,2 of 12,quiksilver_cup_2026_new_team_candidate|quiksilver_cup_2026_runner_up|medium_field_weight_cap|quiksilver_cup_2026_evidence_added|quiksilver_cup_2026_lightweight_adjustment,,provisional_or_identity_review|quiksilver_evidence_review,Confirm Quiksilver alias/team identity and lightweight movement is acceptable. Resolve before post-JO recalibration if possible.,,,,,,assets/logos/canonical/680.webp,team.html?team=680-18u-girls,club.html?club=680,,,,
18U Girls,16,San Diego Shores,san-diego-shores-18u-girls,San Diego Shores,san-diego-shores,San Diego,1,primary/A-level,1710.9,0,15,Quiksilver Cup,3 of 12,quiksilver_cup_2026_new_team_candidate|medium_field_weight_cap|quiksilver_cup_2026_evidence_added|quiksilver_cup_2026_lightweight_adjustment,,provisional_or_identity_review|quiksilver_evidence_review,Confirm Quiksilver alias/team identity and lightweight movement is acceptable. Resolve before post-JO recalibration if possible.,,,,,,assets/logos/canonical/san-diego-shores.webp,team.html?team=san-diego-shores-18u-girls,club.html?club=san-diego-shores,,,,
18U Girls,17,SBWPC B,sbwpc-b-18u-girls,SBWPC,sbwpc,Central Coast,2,secondary/B-level,1706.8,-3,12,US Club Championships,3-1,manual_review_depth_guardrail|manual_review_top25_depth_team|quiksilver_cup_2026_evidence_added|quiksilver_cup_2026_lightweight_adjustment,,possible_duplicate_team_name|quiksilver_evidence_review|same_club_multiple_teams_in_group,Review whether this is a true separate team or alias merge. Confirm A/B/C/color team hierarchy and canonical naming. Confirm Quiksilver alias/team identity and lightweight movement is acceptable.,SBWPC A #2 (sbwpc-a-18u-girls); SBWPC C #32 (sbwpc-c-18u-girls),SBWPC A #2 depth=1; SBWPC C #32 depth=3,,,,assets/logos/canonical/sbwpc.webp,team.html?team=sbwpc-b-18u-girls,club.html?club=sbwpc,,,,
18U Girls,18,Tsunami,tsunami-18u-girls,Rancho Tsunami,rancho-tsunami,Inland Empire,1,primary/A-level,1677.9,0,10,Quiksilver Cup,6 of 12,quiksilver_cup_2026_evidence_added|quiksilver_cup_2026_lightweight_adjustment,,quiksilver_evidence_review,Confirm Quiksilver alias/team identity and lightweight movement is acceptable.,,,,,,assets/logos/canonical/rancho-tsunami.webp,team.html?team=tsunami-18u-girls,club.html?club=rancho-tsunami,,,,
18U Girls,19,Seaside,seaside-18u-girls,Seaside,seaside,Central Coast,1,primary/A-level,1661.3,0,7,Quiksilver Cup,8 of 12,quiksilver_cup_2026_evidence_added|quiksilver_cup_2026_lightweight_adjustment,,official_logo_needed|quiksilver_evidence_review,Collect official logo screenshot/source when available. Confirm Quiksilver alias/team identity and lightweight movement is acceptable.,,,,,,assets/logos/canonical/seaside.webp,team.html?team=seaside-18u-girls,club.html?club=seaside,,,,
18U Girls,20,CHAWP B,chawp-b-18u-girls,CHAWP,chawp,Inland Empire,2,secondary/B-level,1654.7,-4,9,US Club Championships,2-2,manual_review_depth_guardrail|manual_review_top25_depth_team|quiksilver_cup_2026_evidence_added|quiksilver_cup_2026_lightweight_adjustment,,lower_depth_above_primary_same_club|possible_duplicate_team_name|quiksilver_evidence_review|same_club_multiple_teams_in_group,Review whether this is a true separate team or alias merge. Confirm A/B/C/color team hierarchy and canonical naming. Confirm whether this lower-depth team should rank above the club primary team. Confirm Quiksilver alias/team identity and lightweight movement is acceptable.,CHAWP #31 (chawp-18u-girls),CHAWP #31 depth=1,,,,assets/logos/canonical/chawp.webp,team.html?team=chawp-b-18u-girls,club.html?club=chawp,,,,
18U Girls,21,Davis,davis-18u-girls,Davis,davis,Sacramento,1,primary/A-level,1652.6,-4,6,US Club Championships,1-1,manual_review_low_game_count|quiksilver_cup_2026_evidence_added|quiksilver_cup_2026_lightweight_adjustment,,quiksilver_evidence_review,Confirm Quiksilver alias/team identity and lightweight movement is acceptable.,,,,,,assets/logos/canonical/davis.webp,team.html?team=davis-18u-girls,club.html?club=davis,,,,
18U Girls,22,Mid Valley,mid-valley-18u-girls,Mid Valley,mid-valley,Los Angeles,1,primary/A-level,1632.1,0,7,Quiksilver Cup,5 of 12,quiksilver_cup_2026_new_team_candidate|medium_field_weight_cap|quiksilver_cup_2026_evidence_added|quiksilver_cup_2026_lightweight_adjustment,,official_logo_needed|provisional_or_identity_review|quiksilver_evidence_review,Collect official logo screenshot/source when available. Confirm Quiksilver alias/team identity and lightweight movement is acceptable. Resolve before post-JO recalibration if possible.,,,,,,assets/logos/canonical/mid-valley.webp,team.html?team=mid-valley-18u-girls,club.html?club=mid-valley,,,,
18U Girls,23,SoCal Gold,socal-gold-18u-girls,SoCal,socal,Orange County,2,secondary/B-level,1613.5,-3,5,US Club Championships,1-1,manual_review_depth_guardrail|manual_review_low_game_count|manual_review_top25_depth_team|quiksilver_cup_2026_evidence_added|quiksilver_cup_2026_lightweight_adjustment,,possible_duplicate_team_name|quiksilver_evidence_review|same_club_multiple_teams_in_group,Review whether this is a true separate team or alias merge. Confirm A/B/C/color team hierarchy and canonical naming. Confirm Quiksilver alias/team identity and lightweight movement is acceptable.,SoCal #4 (socal-18u-girls),SoCal #4 depth=1,,,,assets/logos/canonical/socal.webp,team.html?team=socal-gold-18u-girls,club.html?club=socal,,,,
18U Girls,24,Clovis,clovis-18u-girls,Clovis,clovis,Central Valley,1,primary/A-level,1598.2,-3,7,US Club Championships,1-3,quiksilver_cup_2026_evidence_added|quiksilver_cup_2026_lightweight_adjustment,,official_logo_needed|quiksilver_evidence_review,Collect official logo screenshot/source when available. Confirm Quiksilver alias/team identity and lightweight movement is acceptable.,,,,,,assets/logos/canonical/clovis.webp,team.html?team=clovis-18u-girls,club.html?club=clovis,,,,
18U Girls,25,OVAC,ovac-18u-girls,OVAC,ovac,Los Angeles,1,primary/A-level,1577.9,-3,5,Futures Super Finals,2-3,manual_review_low_game_count|quiksilver_cup_2026_evidence_added|quiksilver_cup_2026_lightweight_adjustment,,quiksilver_evidence_review,Confirm Quiksilver alias/team identity and lightweight movement is acceptable.,,,,,,assets/logos/canonical/ovac.webp,team.html?team=ovac-18u-girls,club.html?club=ovac,,,,
18U Girls,26,San Clemente,san-clemente-18u-girls,San Clemente,san-clemente,Orange County,1,primary/A-level,1572.3,-3,10,Futures Super Finals,2-3,quiksilver_cup_2026_evidence_added|quiksilver_cup_2026_lightweight_adjustment,,quiksilver_evidence_review,Confirm Quiksilver alias/team identity and lightweight movement is acceptable.,,,,,,assets/logos/canonical/san-clemente.webp,team.html?team=san-clemente-18u-girls,club.html?club=san-clemente,,,,
18U Girls,27,Bulldog,bulldog-18u-girls,Bulldog,bulldog,Central Valley,1,primary/A-level,1571.9,-3,7,Quiksilver Cup,10 of 12,quiksilver_cup_2026_evidence_added|quiksilver_cup_2026_lightweight_adjustment,,official_logo_needed|quiksilver_evidence_review,Collect official logo screenshot/source when available. Confirm Quiksilver alias/team identity and lightweight movement is acceptable.,,,,,,assets/logos/canonical/bulldog.webp,team.html?team=bulldog-18u-girls,club.html?club=bulldog,,,,
18U Girls,28,South Coast,south-coast-18u-girls,South Coast,south-coast,Orange County,1,primary/A-level,1534.6,-3,9,Futures Super Finals,2-2,quiksilver_cup_2026_evidence_added|quiksilver_cup_2026_lightweight_adjustment,,quiksilver_evidence_review,Confirm Quiksilver alias/team identity and lightweight movement is acceptable.,,,,,,assets/logos/canonical/south-coast.webp,team.html?team=south-coast-18u-girls,club.html?club=south-coast,,,,
18U Girls,29,Patriot,patriot-18u-girls,Patriot,patriot,Orange County,1,primary/A-level,1516.6,-3,8,Quiksilver Cup,11 of 12,quiksilver_cup_2026_evidence_added|quiksilver_cup_2026_lightweight_adjustment,,quiksilver_evidence_review,Confirm Quiksilver alias/team identity and lightweight movement is acceptable.,,,,,,assets/logos/canonical/patriot.webp,team.html?team=patriot-18u-girls,club.html?club=patriot,,,,
18U Girls,30,LB Viking White,lb-viking-white-18u-girls,Viking,viking,Los Angeles,3,tertiary/C-level,1506.0,-3,5,CCA JO Quals,5-0,manual_review_depth_guardrail|manual_review_low_game_count|quiksilver_cup_2026_evidence_added|quiksilver_cup_2026_lightweight_adjustment,,possible_duplicate_team_name|quiksilver_evidence_review|same_club_multiple_teams_in_group,Review whether this is a true separate team or alias merge. Confirm A/B/C/color team hierarchy and canonical naming. Confirm Quiksilver alias/team identity and lightweight movement is acceptable.,LB Viking Blue #9 (lb-viking-blue-18u-girls),LB Viking Blue #9 depth=2,,,,assets/logos/canonical/viking.webp,team.html?team=lb-viking-white-18u-girls,club.html?club=viking,,,,
18U Girls,31,CHAWP,chawp-18u-girls,CHAWP,chawp,Inland Empire,1,primary/A-level,1499.6,-3,5,US Club Championships,0-2,manual_review_low_game_count|quiksilver_cup_2026_evidence_added|quiksilver_cup_2026_lightweight_adjustment,,possible_duplicate_team_name|quiksilver_evidence_review|same_club_multiple_teams_in_group,Review whether this is a true separate team or alias merge. Confirm A/B/C/color team hierarchy and canonical naming. Confirm Quiksilver alias/team identity and lightweight movement is acceptable.,CHAWP B #20 (chawp-b-18u-girls),CHAWP B #20 depth=2,,,,assets/logos/canonical/chawp.webp,team.html?team=chawp-18u-girls,club.html?club=chawp,,,,
18U Girls,32,SBWPC C,sbwpc-c-18u-girls,SBWPC,sbwpc,Central Coast,3,tertiary/C-level,1449.9,-3,6,US Club Championships,0-2,manual_review_depth_guardrail|manual_review_low_game_count|quiksilver_cup_2026_evidence_added|quiksilver_cup_2026_lightweight_adjustment,,possible_duplicate_team_name|quiksilver_evidence_review|same_club_multiple_teams_in_group,Review whether this is a true separate team or alias merge. Confirm A/B/C/color team hierarchy and canonical naming. Confirm Quiksilver alias/team identity and lightweight movement is acceptable.,SBWPC A #2 (sbwpc-a-18u-girls); SBWPC B #17 (sbwpc-b-18u-girls),SBWPC A #2 depth=1; SBWPC B #17 depth=2,,,,assets/logos/canonical/sbwpc.webp,team.html?team=sbwpc-c-18u-girls,club.html?club=sbwpc,,,,
18U Girls,33,Asphalt Green,asphalt-green-18u-girls,Asphalt Green,asphalt-green,Out of State,1,primary/A-level,1418.0,-3,5,Futures Super Finals,1-4,manual_review_low_game_count|quiksilver_cup_2026_evidence_added|quiksilver_cup_2026_lightweight_adjustment,,official_logo_needed|quiksilver_evidence_review,Collect official logo screenshot/source when available. Confirm Quiksilver alias/team identity and lightweight movement is acceptable.,,,,,,assets/logos/canonical/asphalt-green.webp,team.html?team=asphalt-green-18u-girls,club.html?club=asphalt-green,,,,
18U Girls,34,Commerce,commerce-18u-girls,Commerce,commerce,Los Angeles,1,primary/A-level,1360.0,-3,6,US Club Championships,0-2,manual_review_low_game_count|quiksilver_cup_2026_evidence_added|quiksilver_cup_2026_lightweight_adjustment,,quiksilver_evidence_review,Confirm Quiksilver alias/team identity and lightweight movement is acceptable.,,,,,,assets/logos/canonical/commerce.webp,team.html?team=commerce-18u-girls,club.html?club=commerce,,,,
18U Girls,35,North Irvine,north-irvine-18u-girls,North Irvine,north-irvine,Orange County,1,primary/A-level,1360.0,-3,7,Quiksilver Cup,12 of 12,quiksilver_cup_2026_evidence_added|quiksilver_cup_2026_lightweight_adjustment,,quiksilver_evidence_review,Confirm Quiksilver alias/team identity and lightweight movement is acceptable.,,,,,,assets/logos/canonical/north-irvine.webp,team.html?team=north-irvine-18u-girls,club.html?club=north-irvine,,,,
18U Girls,36,Thunder,thunder-18u-girls,Thunder,thunder,Out of State,1,primary/A-level,1360.0,-3,5,Futures Super Finals,0-5,manual_review_low_game_count|quiksilver_cup_2026_evidence_added|quiksilver_cup_2026_lightweight_adjustment,,official_logo_needed|quiksilver_evidence_review,Collect official logo screenshot/source when available. Confirm Quiksilver alias/team identity and lightweight movement is acceptable.,,,,,,assets/logos/canonical/thunder.webp,team.html?team=thunder-18u-girls,club.html?club=thunder,,,,
18U Girls,37,Sand Canyon,sand-canyon-18u-girls,Sand Canyon,sand-canyon,Orange County,1,primary/A-level,1360.0,-3,7,Futures Super Finals,0-4,quiksilver_cup_2026_evidence_added|quiksilver_cup_2026_lightweight_adjustment,,quiksilver_evidence_review,Confirm Quiksilver alias/team identity and lightweight movement is acceptable.,,,,,,assets/logos/canonical/sand-canyon.webp,team.html?team=sand-canyon-18u-girls,club.html?club=sand-canyon,,,,
