group,rank,current_team,current_slug,current_club,current_club_slug,issue_types,same_group_possible_duplicate_matches,same_club_other_teams_in_group,recommended_action,decision,canonical_team_name,canonical_team_slug,canonical_club,canonical_club_slug,merge_into_existing_slug,keep_separate,notes
12U Boys,1,Mission A,mission-a-12u-boys,Mission,mission,possible_duplicate_team_name|quiksilver_evidence_review|same_club_multiple_teams_in_group,Mission B #46 (mission-b-12u-boys),Mission B #46 depth=2,Review whether this is a true separate team or alias merge. Confirm A/B/C/color team hierarchy and canonical naming. Confirm Quiksilver alias/team identity and lightweight movement is acceptable.,,,,,,,,
12U Boys,2,Stanford Red,stanford-red,Stanford,stanford,possible_duplicate_team_name|quiksilver_evidence_review|same_club_multiple_teams_in_group,Stanford Black #71 (stanford-black),Stanford Black #71 depth=2,Review whether this is a true separate team or alias merge. Confirm A/B/C/color team hierarchy and canonical naming. Confirm Quiksilver alias/team identity and lightweight movement is acceptable.,,,,,,,,
12U Boys,3,SD Dons A,sd-dons-a-12u-boys,SD Dons,sd-dons,possible_duplicate_team_name|quiksilver_evidence_review|same_club_depth_collision|same_club_multiple_teams_in_group,SD Dons B #37 (sd-dons-b-12u-boys); SD Dons Black #57 (sd-dons-black); SD Dons Gold #64 (sd-dons-gold),SD Dons B #37 depth=2; SD Dons Black #57 depth=1; SD Dons Gold #64 depth=1,Review whether this is a true separate team or alias merge. Confirm A/B/C/color team hierarchy and canonical naming. Confirm Quiksilver alias/team identity and lightweight movement is acceptable.,,,,,,,,
12U Boys,4,Greenwich,greenwich,Greenwich,greenwich,possible_duplicate_team_name|quiksilver_evidence_review|same_club_depth_collision|same_club_multiple_teams_in_group,Greenwich White #42 (greenwich-white),Greenwich White #42 depth=1,Review whether this is a true separate team or alias merge. Confirm A/B/C/color team hierarchy and canonical naming. Confirm Quiksilver alias/team identity and lightweight movement is acceptable.,,,,,,,,
12U Boys,6,CC United,cc-united-12u-boys,CC United,cc-united,manual_review_note_present|possible_duplicate_team_name|same_club_multiple_teams_in_group,CC United Blue #48 (cc-united-blue),CC United Blue #48 depth=2,Review whether this is a true separate team or alias merge. Confirm A/B/C/color team hierarchy and canonical naming.,,,,,,,,
12U Boys,7,North Irvine Black,north-irvine-black,North Irvine,north-irvine,possible_duplicate_team_name|quiksilver_evidence_review|same_club_depth_collision|same_club_multiple_teams_in_group,North Irvine White #82 (north-irvine-white),North Irvine White #82 depth=1,Review whether this is a true separate team or alias merge. Confirm A/B/C/color team hierarchy and canonical naming. Confirm Quiksilver alias/team identity and lightweight movement is acceptable.,,,,,,,,
12U Boys,9,San Clemente,san-clemente-12u-boys,San Clemente,san-clemente,manual_review_note_present|possible_duplicate_team_name|quiksilver_evidence_review|same_club_multiple_teams_in_group,San Clemente Red #58 (san-clemente-red-12u-boys),San Clemente Red #58 depth=2,Review whether this is a true separate team or alias merge. Confirm A/B/C/color team hierarchy and canonical naming. Confirm Quiksilver alias/team identity and lightweight movement is acceptable.,,,,,,,,
12U Boys,10,CDM,cdm,CDM,cdm,manual_review_note_present|possible_duplicate_team_name|quiksilver_evidence_review|same_club_depth_collision|same_club_multiple_teams_in_group,CDM White #84 (cdm-white),CDM White #84 depth=1,Review whether this is a true separate team or alias merge. Confirm A/B/C/color team hierarchy and canonical naming. Confirm Quiksilver alias/team identity and lightweight movement is acceptable.,,,,,,,,
12U Boys,16,La Jolla United,la-jolla-united,La Jolla United,la-jolla-united,possible_duplicate_team_name|quiksilver_evidence_review|same_club_depth_collision|same_club_multiple_teams_in_group,La Jolla United Navy #73 (la-jolla-united-navy); La Jolla United Gold #75 (la-jolla-united-gold); La Jolla United B #83 (la-jolla-united-b-12u-boys),La Jolla United Navy #73 depth=1; La Jolla United Gold #75 depth=1; La Jolla United B #83 depth=2,Review whether this is a true separate team or alias merge. Confirm A/B/C/color team hierarchy and canonical naming. Confirm Quiksilver alias/team identity and lightweight movement is acceptable.,,,,,,,,
12U Boys,18,680 A,680-a-12u-boys,680,680,possible_duplicate_team_name|same_club_depth_collision|same_club_multiple_teams_in_group,680 Red #44 (680-red); 680 White #50 (680-white); 680 Blue #72 (680-blue),680 Red #44 depth=1; 680 White #50 depth=1; 680 Blue #72 depth=2,Review whether this is a true separate team or alias merge. Confirm A/B/C/color team hierarchy and canonical naming.,,,,,,,,
12U Boys,21,ORWP A,orwp-a-12u-boys,ORWP,orwp,manual_review_note_present|possible_duplicate_team_name|same_club_depth_collision|same_club_multiple_teams_in_group,ORWP Red #78 (orwp-red),ORWP Red #78 depth=1,Review whether this is a true separate team or alias merge. Confirm A/B/C/color team hierarchy and canonical naming.,,,,,,,,
12U Boys,31,Foothill Red,foothill-red,Foothill Club,foothill-club,manual_review_note_present|possible_duplicate_team_name|same_club_depth_collision|same_club_multiple_teams_in_group,Foothill Black #74 (foothill-black),Foothill Black #74 depth=1,Review whether this is a true separate team or alias merge. Confirm A/B/C/color team hierarchy and canonical naming.,,,,,,,,
12U Boys,37,SD Dons B,sd-dons-b-12u-boys,SD Dons,sd-dons,possible_duplicate_team_name|same_club_depth_collision|same_club_multiple_teams_in_group,SD Dons A #3 (sd-dons-a-12u-boys); SD Dons Black #57 (sd-dons-black); SD Dons Gold #64 (sd-dons-gold),SD Dons A #3 depth=1; SD Dons Black #57 depth=1; SD Dons Gold #64 depth=1,Review whether this is a true separate team or alias merge. Confirm A/B/C/color team hierarchy and canonical naming.,,,,,,,,
12U Boys,42,Greenwich White,greenwich-white,Greenwich,greenwich,possible_duplicate_team_name|same_club_depth_collision|same_club_multiple_teams_in_group|team_name_suggests_b_but_depth_primary,Greenwich #4 (greenwich),Greenwich #4 depth=1,Review whether this is a true separate team or alias merge. Confirm A/B/C/color team hierarchy and canonical naming.,,,,,,,,
12U Boys,44,680 Red,680-red,680,680,possible_duplicate_team_name|same_club_depth_collision|same_club_multiple_teams_in_group,680 A #18 (680-a-12u-boys); 680 White #50 (680-white); 680 Blue #72 (680-blue),680 A #18 depth=1; 680 White #50 depth=1; 680 Blue #72 depth=2,Review whether this is a true separate team or alias merge. Confirm A/B/C/color team hierarchy and canonical naming.,,,,,,,,
12U Boys,45,SHAQ Blue,shaq-blue,SHAQ,shaq,possible_duplicate_team_name|same_club_depth_collision|same_club_multiple_teams_in_group,SHAQ White #61 (shaq-white),SHAQ White #61 depth=1,Review whether this is a true separate team or alias merge. Confirm A/B/C/color team hierarchy and canonical naming.,,,,,,,,
12U Boys,46,Mission B,mission-b-12u-boys,Mission,mission,possible_duplicate_team_name|same_club_multiple_teams_in_group,Mission A #1 (mission-a-12u-boys),Mission A #1 depth=1,Review whether this is a true separate team or alias merge. Confirm A/B/C/color team hierarchy and canonical naming.,,,,,,,,
12U Boys,48,CC United Blue,cc-united-blue,CC United,cc-united,possible_duplicate_team_name|same_club_multiple_teams_in_group,CC United #6 (cc-united-12u-boys),CC United #6 depth=1,Review whether this is a true separate team or alias merge. Confirm A/B/C/color team hierarchy and canonical naming.,,,,,,,,
12U Boys,49,Yolo Black,yolo-black,Yolo,yolo,official_logo_needed|possible_duplicate_team_name|same_club_depth_collision|same_club_multiple_teams_in_group,Yolo #52 (yolo),Yolo #52 depth=1,Review whether this is a true separate team or alias merge. Confirm A/B/C/color team hierarchy and canonical naming. Collect official logo screenshot/source when available.,,,,,,,,
12U Boys,50,680 White,680-white,680,680,possible_duplicate_team_name|same_club_depth_collision|same_club_multiple_teams_in_group|team_name_suggests_b_but_depth_primary,680 A #18 (680-a-12u-boys); 680 Red #44 (680-red); 680 Blue #72 (680-blue),680 A #18 depth=1; 680 Red #44 depth=1; 680 Blue #72 depth=2,Review whether this is a true separate team or alias merge. Confirm A/B/C/color team hierarchy and canonical naming.,,,,,,,,
12U Boys,52,Yolo,yolo,Yolo,yolo,official_logo_needed|possible_duplicate_team_name|same_club_depth_collision|same_club_multiple_teams_in_group,Yolo Black #49 (yolo-black),Yolo Black #49 depth=1,Review whether this is a true separate team or alias merge. Confirm A/B/C/color team hierarchy and canonical naming. Collect official logo screenshot/source when available.,,,,,,,,
12U Boys,57,SD Dons Black,sd-dons-black,SD Dons,sd-dons,possible_duplicate_team_name|same_club_depth_collision|same_club_multiple_teams_in_group,SD Dons A #3 (sd-dons-a-12u-boys); SD Dons B #37 (sd-dons-b-12u-boys); SD Dons Gold #64 (sd-dons-gold),SD Dons A #3 depth=1; SD Dons B #37 depth=2; SD Dons Gold #64 depth=1,Review whether this is a true separate team or alias merge. Confirm A/B/C/color team hierarchy and canonical naming.,,,,,,,,
12U Boys,58,San Clemente Red,san-clemente-red-12u-boys,San Clemente,san-clemente,possible_duplicate_team_name|same_club_multiple_teams_in_group,San Clemente #9 (san-clemente-12u-boys),San Clemente #9 depth=1,Review whether this is a true separate team or alias merge. Confirm A/B/C/color team hierarchy and canonical naming.,,,,,,,,
12U Boys,61,SHAQ White,shaq-white,SHAQ,shaq,possible_duplicate_team_name|same_club_depth_collision|same_club_multiple_teams_in_group|team_name_suggests_b_but_depth_primary,SHAQ Blue #45 (shaq-blue),SHAQ Blue #45 depth=1,Review whether this is a true separate team or alias merge. Confirm A/B/C/color team hierarchy and canonical naming.,,,,,,,,
12U Boys,64,SD Dons Gold,sd-dons-gold,SD Dons,sd-dons,possible_duplicate_team_name|same_club_depth_collision|same_club_multiple_teams_in_group,SD Dons A #3 (sd-dons-a-12u-boys); SD Dons B #37 (sd-dons-b-12u-boys); SD Dons Black #57 (sd-dons-black),SD Dons A #3 depth=1; SD Dons B #37 depth=2; SD Dons Black #57 depth=1,Review whether this is a true separate team or alias merge. Confirm A/B/C/color team hierarchy and canonical naming.,,,,,,,,
12U Boys,65,CIU Black,ciu-black,CIU,ciu,possible_duplicate_team_name|same_club_depth_collision|same_club_multiple_teams_in_group,CIU Gold #76 (ciu-gold),CIU Gold #76 depth=1,Review whether this is a true separate team or alias merge. Confirm A/B/C/color team hierarchy and canonical naming.,,,,,,,,
12U Boys,71,Stanford Black,stanford-black,Stanford,stanford,possible_duplicate_team_name|same_club_multiple_teams_in_group,Stanford Red #2 (stanford-red),Stanford Red #2 depth=1,Review whether this is a true separate team or alias merge. Confirm A/B/C/color team hierarchy and canonical naming.,,,,,,,,
12U Boys,72,680 Blue,680-blue,680,680,possible_duplicate_team_name|same_club_depth_collision|same_club_multiple_teams_in_group,680 A #18 (680-a-12u-boys); 680 Red #44 (680-red); 680 White #50 (680-white),680 A #18 depth=1; 680 Red #44 depth=1; 680 White #50 depth=1,Review whether this is a true separate team or alias merge. Confirm A/B/C/color team hierarchy and canonical naming.,,,,,,,,
12U Boys,73,La Jolla United Navy,la-jolla-united-navy,La Jolla United,la-jolla-united,possible_duplicate_team_name|same_club_depth_collision|same_club_multiple_teams_in_group,La Jolla United #16 (la-jolla-united); La Jolla United Gold #75 (la-jolla-united-gold); La Jolla United B #83 (la-jolla-united-b-12u-boys),La Jolla United #16 depth=1; La Jolla United Gold #75 depth=1; La Jolla United B #83 depth=2,Review whether this is a true separate team or alias merge. Confirm A/B/C/color team hierarchy and canonical naming.,,,,,,,,
12U Boys,74,Foothill Black,foothill-black,Foothill Club,foothill-club,possible_duplicate_team_name|same_club_depth_collision|same_club_multiple_teams_in_group,Foothill Red #31 (foothill-red),Foothill Red #31 depth=1,Review whether this is a true separate team or alias merge. Confirm A/B/C/color team hierarchy and canonical naming.,,,,,,,,
12U Boys,75,La Jolla United Gold,la-jolla-united-gold,La Jolla United,la-jolla-united,possible_duplicate_team_name|same_club_depth_collision|same_club_multiple_teams_in_group,La Jolla United #16 (la-jolla-united); La Jolla United Navy #73 (la-jolla-united-navy); La Jolla United B #83 (la-jolla-united-b-12u-boys),La Jolla United #16 depth=1; La Jolla United Navy #73 depth=1; La Jolla United B #83 depth=2,Review whether this is a true separate team or alias merge. Confirm A/B/C/color team hierarchy and canonical naming.,,,,,,,,
12U Boys,76,CIU Gold,ciu-gold,CIU,ciu,possible_duplicate_team_name|same_club_depth_collision|same_club_multiple_teams_in_group,CIU Black #65 (ciu-black),CIU Black #65 depth=1,Review whether this is a true separate team or alias merge. Confirm A/B/C/color team hierarchy and canonical naming.,,,,,,,,
12U Boys,78,ORWP Red,orwp-red,ORWP,orwp,possible_duplicate_team_name|same_club_depth_collision|same_club_multiple_teams_in_group,ORWP A #21 (orwp-a-12u-boys),ORWP A #21 depth=1,Review whether this is a true separate team or alias merge. Confirm A/B/C/color team hierarchy and canonical naming.,,,,,,,,
12U Boys,82,North Irvine White,north-irvine-white,North Irvine,north-irvine,possible_duplicate_team_name|same_club_depth_collision|same_club_multiple_teams_in_group|team_name_suggests_b_but_depth_primary,North Irvine Black #7 (north-irvine-black),North Irvine Black #7 depth=1,Review whether this is a true separate team or alias merge. Confirm A/B/C/color team hierarchy and canonical naming.,,,,,,,,
12U Boys,83,La Jolla United B,la-jolla-united-b-12u-boys,La Jolla United,la-jolla-united,possible_duplicate_team_name|same_club_depth_collision|same_club_multiple_teams_in_group,La Jolla United #16 (la-jolla-united); La Jolla United Navy #73 (la-jolla-united-navy); La Jolla United Gold #75 (la-jolla-united-gold),La Jolla United #16 depth=1; La Jolla United Navy #73 depth=1; La Jolla United Gold #75 depth=1,Review whether this is a true separate team or alias merge. Confirm A/B/C/color team hierarchy and canonical naming.,,,,,,,,
12U Boys,84,CDM White,cdm-white,CDM,cdm,possible_duplicate_team_name|same_club_depth_collision|same_club_multiple_teams_in_group|team_name_suggests_b_but_depth_primary,CDM #10 (cdm),CDM #10 depth=1,Review whether this is a true separate team or alias merge. Confirm A/B/C/color team hierarchy and canonical naming.,,,,,,,,
12U Girls,1,Newport Beach A,newport-beach-a-12u-girls,Newport Beach,newport-beach,possible_duplicate_team_name|same_club_multiple_teams_in_group,Newport Beach White #23 (newport-beach-white-12u-girls),Newport Beach White #23 depth=2,Review whether this is a true separate team or alias merge. Confirm A/B/C/color team hierarchy and canonical naming.,,,,,,,,
12U Girls,3,Lamorinda A,lamorinda-a-12u-girls,Lamorinda,lamorinda,possible_duplicate_team_name|same_club_multiple_teams_in_group,Lamorinda B #22 (lamorinda-b-12u-girls); Lamorinda C #34 (lamorinda-c-12u-girls),Lamorinda B #22 depth=2; Lamorinda C #34 depth=3,Review whether this is a true separate team or alias merge. Confirm A/B/C/color team hierarchy and canonical naming.,,,,,,,,
12U Girls,4,San Clemente Red,san-clemente-red-12u-girls,San Clemente,san-clemente,possible_duplicate_team_name|same_club_multiple_teams_in_group,San Clemente Black #38 (san-clemente-black-12u-girls),San Clemente Black #38 depth=2,Review whether this is a true separate team or alias merge. Confirm A/B/C/color team hierarchy and canonical naming.,,,,,,,,
12U Girls,5,Back Bay Navy,back-bay-navy-12u-girls,Back Bay,back-bay,possible_duplicate_team_name|same_club_multiple_teams_in_group,Back Bay Black #27 (back-bay-black-12u-girls),Back Bay Black #27 depth=2,Review whether this is a true separate team or alias merge. Confirm A/B/C/color team hierarchy and canonical naming.,,,,,,,,
12U Girls,8,Stanford A,stanford-a-12u-girls,Stanford,stanford,possible_duplicate_team_name|same_club_multiple_teams_in_group,Stanford B #35 (stanford-b-12u-girls),Stanford B #35 depth=2,Review whether this is a true separate team or alias merge. Confirm A/B/C/color team hierarchy and canonical naming.,,,,,,,,
12U Girls,15,SBWPC A,sbwpc-a-12u-girls,SBWPC,sbwpc,manual_review_note_present|possible_duplicate_team_name|provisional_or_identity_review|same_club_multiple_teams_in_group,SBWPC B #32 (sbwpc-b-12u-girls),SBWPC B #32 depth=2,Review whether this is a true separate team or alias merge. Confirm A/B/C/color team hierarchy and canonical naming. Resolve before post-JO recalibration if possible.,,,,,,,,
12U Girls,22,Lamorinda B,lamorinda-b-12u-girls,Lamorinda,lamorinda,possible_duplicate_team_name|same_club_multiple_teams_in_group,Lamorinda A #3 (lamorinda-a-12u-girls); Lamorinda C #34 (lamorinda-c-12u-girls),Lamorinda A #3 depth=1; Lamorinda C #34 depth=3,Review whether this is a true separate team or alias merge. Confirm A/B/C/color team hierarchy and canonical naming.,,,,,,,,
12U Girls,23,Newport Beach White,newport-beach-white-12u-girls,Newport Beach,newport-beach,possible_duplicate_team_name|same_club_multiple_teams_in_group,Newport Beach A #1 (newport-beach-a-12u-girls),Newport Beach A #1 depth=1,Review whether this is a true separate team or alias merge. Confirm A/B/C/color team hierarchy and canonical naming.,,,,,,,,
12U Girls,27,Back Bay Black,back-bay-black-12u-girls,Back Bay,back-bay,possible_duplicate_team_name|same_club_multiple_teams_in_group,Back Bay Navy #5 (back-bay-navy-12u-girls),Back Bay Navy #5 depth=1,Review whether this is a true separate team or alias merge. Confirm A/B/C/color team hierarchy and canonical naming.,,,,,,,,
12U Girls,32,SBWPC B,sbwpc-b-12u-girls,SBWPC,sbwpc,possible_duplicate_team_name|same_club_multiple_teams_in_group,SBWPC A #15 (sbwpc-a-12u-girls),SBWPC A #15 depth=1,Review whether this is a true separate team or alias merge. Confirm A/B/C/color team hierarchy and canonical naming.,,,,,,,,
12U Girls,34,Lamorinda C,lamorinda-c-12u-girls,Lamorinda,lamorinda,possible_duplicate_team_name|same_club_multiple_teams_in_group,Lamorinda A #3 (lamorinda-a-12u-girls); Lamorinda B #22 (lamorinda-b-12u-girls),Lamorinda A #3 depth=1; Lamorinda B #22 depth=2,Review whether this is a true separate team or alias merge. Confirm A/B/C/color team hierarchy and canonical naming.,,,,,,,,
12U Girls,35,Stanford B,stanford-b-12u-girls,Stanford,stanford,possible_duplicate_team_name|same_club_multiple_teams_in_group,Stanford A #8 (stanford-a-12u-girls),Stanford A #8 depth=1,Review whether this is a true separate team or alias merge. Confirm A/B/C/color team hierarchy and canonical naming.,,,,,,,,
12U Girls,38,San Clemente Black,san-clemente-black-12u-girls,San Clemente,san-clemente,possible_duplicate_team_name|same_club_multiple_teams_in_group,San Clemente Red #4 (san-clemente-red-12u-girls),San Clemente Red #4 depth=1,Review whether this is a true separate team or alias merge. Confirm A/B/C/color team hierarchy and canonical naming.,,,,,,,,
14U Boys,1,NorCal A,norcal-a,NorCal,norcal,possible_duplicate_team_name|quiksilver_evidence_review|same_club_multiple_teams_in_group,NorCal B #58 (norcal-b); NorCal C #80 (norcal-c),NorCal B #58 depth=2; NorCal C #80 depth=3,Review whether this is a true separate team or alias merge. Confirm A/B/C/color team hierarchy and canonical naming. Confirm Quiksilver alias/team identity and lightweight movement is acceptable.,,,,,,,,
14U Boys,2,Mission A,mission-a,Mission,mission,possible_duplicate_team_name|quiksilver_evidence_review|same_club_multiple_teams_in_group,Mission B #22 (mission-b),Mission B #22 depth=2,Review whether this is a true separate team or alias merge. Confirm A/B/C/color team hierarchy and canonical naming. Confirm Quiksilver alias/team identity and lightweight movement is acceptable.,,,,,,,,
14U Boys,3,La Jolla United A,la-jolla-united-a,La Jolla United,la-jolla-united,possible_duplicate_team_name|quiksilver_evidence_review|same_club_multiple_teams_in_group,La Jolla United B #41 (la-jolla-united-b),La Jolla United B #41 depth=2,Review whether this is a true separate team or alias merge. Confirm A/B/C/color team hierarchy and canonical naming. Confirm Quiksilver alias/team identity and lightweight movement is acceptable.,,,,,,,,
14U Boys,4,Newport Beach A,newport-beach-a,Newport Beach,newport-beach,possible_duplicate_team_name|quiksilver_evidence_review|same_club_multiple_teams_in_group,Newport Beach B #34 (newport-beach-b),Newport Beach B #34 depth=2,Review whether this is a true separate team or alias merge. Confirm A/B/C/color team hierarchy and canonical naming. Confirm Quiksilver alias/team identity and lightweight movement is acceptable.,,,,,,,,
14U Boys,7,SD Dons A,sd-dons-a,SD Dons,sd-dons,possible_duplicate_team_name|quiksilver_evidence_review|same_club_multiple_teams_in_group,SD Dons B #65 (sd-dons-b),SD Dons B #65 depth=2,Review whether this is a true separate team or alias merge. Confirm A/B/C/color team hierarchy and canonical naming. Confirm Quiksilver alias/team identity and lightweight movement is acceptable.,,,,,,,,
14U Boys,10,Patriot A,patriot-a,Patriot,patriot,possible_duplicate_team_name|same_club_multiple_teams_in_group,Patriot B #28 (patriot-b); Patriot Red #78 (patriot-red),Patriot B #28 depth=2,Review whether this is a true separate team or alias merge. Confirm A/B/C/color team hierarchy and canonical naming.,,,,,,,,
14U Boys,13,Stanford A,stanford-a,Stanford,stanford,possible_duplicate_team_name|same_club_multiple_teams_in_group,Stanford B #44 (stanford-b); Stanford C #64 (stanford-c),Stanford B #44 depth=2; Stanford C #64 depth=3,Review whether this is a true separate team or alias merge. Confirm A/B/C/color team hierarchy and canonical naming.,,,,,,,,
14U Boys,14,Vanguard A,vanguard-a,Vanguard,vanguard,possible_duplicate_team_name|same_club_multiple_teams_in_group,Vanguard B #43 (vanguard-b); Vanguard C #66 (vanguard-c),Vanguard B #43 depth=2; Vanguard C #66 depth=3,Review whether this is a true separate team or alias merge. Confirm A/B/C/color team hierarchy and canonical naming.,,,,,,,,
14U Boys,15,Lamorinda A,lamorinda-a,Lamorinda,lamorinda,possible_duplicate_team_name|quiksilver_evidence_review|same_club_multiple_teams_in_group,Lamorinda B #55 (lamorinda-b); Lamorinda C #103 (lamorinda-c),Lamorinda B #55 depth=2; Lamorinda C #103 depth=3,Review whether this is a true separate team or alias merge. Confirm A/B/C/color team hierarchy and canonical naming. Confirm Quiksilver alias/team identity and lightweight movement is acceptable.,,,,,,,,
14U Boys,16,South Coast A,south-coast-a,South Coast,south-coast,possible_duplicate_team_name|quiksilver_evidence_review|same_club_multiple_teams_in_group,South Coast B #53 (south-coast-b); South Coast C #91 (south-coast-c),South Coast B #53 depth=2; South Coast C #91 depth=3,Review whether this is a true separate team or alias merge. Confirm A/B/C/color team hierarchy and canonical naming. Confirm Quiksilver alias/team identity and lightweight movement is acceptable.,,,,,,,,
14U Boys,19,CC United A,cc-united-a,CC United,cc-united,possible_duplicate_team_name|quiksilver_evidence_review|same_club_multiple_teams_in_group,CC United B #35 (cc-united-b); CC United C #93 (cc-united-c),CC United B #35 depth=2; CC United C #93 depth=3,Review whether this is a true separate team or alias merge. Confirm A/B/C/color team hierarchy and canonical naming. Confirm Quiksilver alias/team identity and lightweight movement is acceptable.,,,,,,,,
14U Boys,20,North Irvine A,north-irvine-a,North Irvine,north-irvine,possible_duplicate_team_name|quiksilver_evidence_review|same_club_multiple_teams_in_group,North Irvine B #89 (north-irvine-b),North Irvine B #89 depth=2,Review whether this is a true separate team or alias merge. Confirm A/B/C/color team hierarchy and canonical naming. Confirm Quiksilver alias/team identity and lightweight movement is acceptable.,,,,,,,,
14U Boys,22,Mission B,mission-b,Mission,mission,possible_duplicate_team_name|quiksilver_evidence_review|same_club_multiple_teams_in_group,Mission A #2 (mission-a),Mission A #2 depth=1,Review whether this is a true separate team or alias merge. Confirm A/B/C/color team hierarchy and canonical naming. Confirm Quiksilver alias/team identity and lightweight movement is acceptable.,,,,,,,,
14U Boys,23,Diablo Alliance A,diablo-alliance-a,Diablo Alliance,diablo-alliance,possible_duplicate_team_name|quiksilver_evidence_review|same_club_multiple_teams_in_group,Diablo Alliance B #60 (diablo-alliance-b),Diablo Alliance B #60 depth=2,Review whether this is a true separate team or alias merge. Confirm A/B/C/color team hierarchy and canonical naming. Confirm Quiksilver alias/team identity and lightweight movement is acceptable.,,,,,,,,
14U Boys,24,San Clemente A,san-clemente-a,San Clemente,san-clemente,possible_duplicate_team_name|quiksilver_evidence_review,San Clemente Red #70 (san-clemente-red),,Review whether this is a true separate team or alias merge. Confirm Quiksilver alias/team identity and lightweight movement is acceptable.,,,,,,,,
14U Boys,26,Pride A,pride-a,Pride,pride,possible_duplicate_team_name|same_club_multiple_teams_in_group,Pride B #85 (pride-b),Pride B #85 depth=2,Review whether this is a true separate team or alias merge. Confirm A/B/C/color team hierarchy and canonical naming.,,,,,,,,
14U Boys,28,Patriot B,patriot-b,Patriot,patriot,possible_duplicate_team_name|same_club_multiple_teams_in_group,Patriot A #10 (patriot-a); Patriot Red #78 (patriot-red),Patriot A #10 depth=1,Review whether this is a true separate team or alias merge. Confirm A/B/C/color team hierarchy and canonical naming.,,,,,,,,
14U Boys,30,680 A,680-a,680,680,possible_duplicate_team_name|same_club_multiple_teams_in_group,680 B #50 (680-b); 680 C #76 (680-c),680 B #50 depth=2; 680 C #76 depth=3,Review whether this is a true separate team or alias merge. Confirm A/B/C/color team hierarchy and canonical naming.,,,,,,,,
14U Boys,34,Newport Beach B,newport-beach-b,Newport Beach,newport-beach,possible_duplicate_team_name|same_club_multiple_teams_in_group,Newport Beach A #4 (newport-beach-a),Newport Beach A #4 depth=1,Review whether this is a true separate team or alias merge. Confirm A/B/C/color team hierarchy and canonical naming.,,,,,,,,
14U Boys,35,CC United B,cc-united-b,CC United,cc-united,possible_duplicate_team_name|same_club_multiple_teams_in_group,CC United A #19 (cc-united-a); CC United C #93 (cc-united-c),CC United A #19 depth=1; CC United C #93 depth=3,Review whether this is a true separate team or alias merge. Confirm A/B/C/color team hierarchy and canonical naming.,,,,,,,,
14U Boys,41,La Jolla United B,la-jolla-united-b,La Jolla United,la-jolla-united,possible_duplicate_team_name|same_club_multiple_teams_in_group,La Jolla United A #3 (la-jolla-united-a),La Jolla United A #3 depth=1,Review whether this is a true separate team or alias merge. Confirm A/B/C/color team hierarchy and canonical naming.,,,,,,,,
14U Boys,43,Vanguard B,vanguard-b,Vanguard,vanguard,possible_duplicate_team_name|same_club_multiple_teams_in_group,Vanguard A #14 (vanguard-a); Vanguard C #66 (vanguard-c),Vanguard A #14 depth=1; Vanguard C #66 depth=3,Review whether this is a true separate team or alias merge. Confirm A/B/C/color team hierarchy and canonical naming.,,,,,,,,
14U Boys,44,Stanford B,stanford-b,Stanford,stanford,possible_duplicate_team_name|same_club_multiple_teams_in_group,Stanford A #13 (stanford-a); Stanford C #64 (stanford-c),Stanford A #13 depth=1; Stanford C #64 depth=3,Review whether this is a true separate team or alias merge. Confirm A/B/C/color team hierarchy and canonical naming.,,,,,,,,
14U Boys,50,680 B,680-b,680,680,possible_duplicate_team_name|same_club_multiple_teams_in_group,680 A #30 (680-a); 680 C #76 (680-c),680 A #30 depth=1; 680 C #76 depth=3,Review whether this is a true separate team or alias merge. Confirm A/B/C/color team hierarchy and canonical naming.,,,,,,,,
14U Boys,52,American River A,american-river-a,American River,american-river,possible_duplicate_team_name|same_club_multiple_teams_in_group,American River B #97 (american-river-b),American River B #97 depth=2,Review whether this is a true separate team or alias merge. Confirm A/B/C/color team hierarchy and canonical naming.,,,,,,,,
14U Boys,53,South Coast B,south-coast-b,South Coast,south-coast,possible_duplicate_team_name|same_club_multiple_teams_in_group,South Coast A #16 (south-coast-a); South Coast C #91 (south-coast-c),South Coast A #16 depth=1; South Coast C #91 depth=3,Review whether this is a true separate team or alias merge. Confirm A/B/C/color team hierarchy and canonical naming.,,,,,,,,
14U Boys,55,Lamorinda B,lamorinda-b,Lamorinda,lamorinda,possible_duplicate_team_name|same_club_multiple_teams_in_group,Lamorinda A #15 (lamorinda-a); Lamorinda C #103 (lamorinda-c),Lamorinda A #15 depth=1; Lamorinda C #103 depth=3,Review whether this is a true separate team or alias merge. Confirm A/B/C/color team hierarchy and canonical naming.,,,,,,,,
14U Boys,56,SJ Foundation A,sj-foundation-a,SJ Foundation,sj-foundation,official_logo_needed|possible_duplicate_team_name|same_club_multiple_teams_in_group,SJ Foundation B #105 (sj-foundation-b),SJ Foundation B #105 depth=2,Review whether this is a true separate team or alias merge. Confirm A/B/C/color team hierarchy and canonical naming. Collect official logo screenshot/source when available.,,,,,,,,
14U Boys,57,PV WPC A,pv-wpc-a,PV WPC,pv-wpc,possible_duplicate_team_name|same_club_multiple_teams_in_group,PV WPC B #83 (pv-wpc-b),PV WPC B #83 depth=2,Review whether this is a true separate team or alias merge. Confirm A/B/C/color team hierarchy and canonical naming.,,,,,,,,
14U Boys,58,NorCal B,norcal-b,NorCal,norcal,possible_duplicate_team_name|same_club_multiple_teams_in_group,NorCal A #1 (norcal-a); NorCal C #80 (norcal-c),NorCal A #1 depth=1; NorCal C #80 depth=3,Review whether this is a true separate team or alias merge. Confirm A/B/C/color team hierarchy and canonical naming.,,,,,,,,
14U Boys,60,Diablo Alliance B,diablo-alliance-b,Diablo Alliance,diablo-alliance,possible_duplicate_team_name|same_club_multiple_teams_in_group,Diablo Alliance A #23 (diablo-alliance-a),Diablo Alliance A #23 depth=1,Review whether this is a true separate team or alias merge. Confirm A/B/C/color team hierarchy and canonical naming.,,,,,,,,
14U Boys,64,Stanford C,stanford-c,Stanford,stanford,possible_duplicate_team_name|same_club_multiple_teams_in_group,Stanford A #13 (stanford-a); Stanford B #44 (stanford-b),Stanford A #13 depth=1; Stanford B #44 depth=2,Review whether this is a true separate team or alias merge. Confirm A/B/C/color team hierarchy and canonical naming.,,,,,,,,
14U Boys,65,SD Dons B,sd-dons-b,SD Dons,sd-dons,possible_duplicate_team_name|same_club_multiple_teams_in_group,SD Dons A #7 (sd-dons-a),SD Dons A #7 depth=1,Review whether this is a true separate team or alias merge. Confirm A/B/C/color team hierarchy and canonical naming.,,,,,,,,
14U Boys,66,Vanguard C,vanguard-c,Vanguard,vanguard,possible_duplicate_team_name|same_club_multiple_teams_in_group,Vanguard A #14 (vanguard-a); Vanguard B #43 (vanguard-b),Vanguard A #14 depth=1; Vanguard B #43 depth=2,Review whether this is a true separate team or alias merge. Confirm A/B/C/color team hierarchy and canonical naming.,,,,,,,,
14U Boys,70,San Clemente Red,san-clemente-red,San Clemente Red,san-clemente-red,possible_duplicate_team_name,San Clemente A #24 (san-clemente-a),,Review whether this is a true separate team or alias merge.,,,,,,,,
14U Boys,71,OCWPC A,ocwpc-a,OCWPC,ocwpc,possible_duplicate_team_name|same_club_multiple_teams_in_group,OCWPC B #73 (ocwpc-b),OCWPC B #73 depth=2,Review whether this is a true separate team or alias merge. Confirm A/B/C/color team hierarchy and canonical naming.,,,,,,,,
14U Boys,73,OCWPC B,ocwpc-b,OCWPC,ocwpc,possible_duplicate_team_name|same_club_multiple_teams_in_group,OCWPC A #71 (ocwpc-a),OCWPC A #71 depth=1,Review whether this is a true separate team or alias merge. Confirm A/B/C/color team hierarchy and canonical naming.,,,,,,,,
14U Boys,75,SHAQ A,shaq-a,SHAQ,shaq,possible_duplicate_team_name|same_club_multiple_teams_in_group,SHAQ B #84 (shaq-b),SHAQ B #84 depth=2,Review whether this is a true separate team or alias merge. Confirm A/B/C/color team hierarchy and canonical naming.,,,,,,,,
14U Boys,76,680 C,680-c,680,680,possible_duplicate_team_name|same_club_multiple_teams_in_group,680 A #30 (680-a); 680 B #50 (680-b),680 A #30 depth=1; 680 B #50 depth=2,Review whether this is a true separate team or alias merge. Confirm A/B/C/color team hierarchy and canonical naming.,,,,,,,,
14U Boys,78,Patriot Red,patriot-red,Patriot Red,patriot-red,possible_duplicate_team_name,Patriot A #10 (patriot-a); Patriot B #28 (patriot-b),,Review whether this is a true separate team or alias merge.,,,,,,,,
14U Boys,80,NorCal C,norcal-c,NorCal,norcal,possible_duplicate_team_name|same_club_multiple_teams_in_group,NorCal A #1 (norcal-a); NorCal B #58 (norcal-b),NorCal A #1 depth=1; NorCal B #58 depth=2,Review whether this is a true separate team or alias merge. Confirm A/B/C/color team hierarchy and canonical naming.,,,,,,,,
14U Boys,83,PV WPC B,pv-wpc-b,PV WPC,pv-wpc,possible_duplicate_team_name|same_club_multiple_teams_in_group,PV WPC A #57 (pv-wpc-a),PV WPC A #57 depth=1,Review whether this is a true separate team or alias merge. Confirm A/B/C/color team hierarchy and canonical naming.,,,,,,,,
14U Boys,84,SHAQ B,shaq-b,SHAQ,shaq,possible_duplicate_team_name|same_club_multiple_teams_in_group,SHAQ A #75 (shaq-a),SHAQ A #75 depth=1,Review whether this is a true separate team or alias merge. Confirm A/B/C/color team hierarchy and canonical naming.,,,,,,,,
14U Boys,85,Pride B,pride-b,Pride,pride,possible_duplicate_team_name|same_club_multiple_teams_in_group,Pride A #26 (pride-a),Pride A #26 depth=1,Review whether this is a true separate team or alias merge. Confirm A/B/C/color team hierarchy and canonical naming.,,,,,,,,
14U Boys,89,North Irvine B,north-irvine-b,North Irvine,north-irvine,possible_duplicate_team_name|same_club_multiple_teams_in_group,North Irvine A #20 (north-irvine-a),North Irvine A #20 depth=1,Review whether this is a true separate team or alias merge. Confirm A/B/C/color team hierarchy and canonical naming.,,,,,,,,
14U Boys,91,South Coast C,south-coast-c,South Coast,south-coast,possible_duplicate_team_name|same_club_multiple_teams_in_group,South Coast A #16 (south-coast-a); South Coast B #53 (south-coast-b),South Coast A #16 depth=1; South Coast B #53 depth=2,Review whether this is a true separate team or alias merge. Confirm A/B/C/color team hierarchy and canonical naming.,,,,,,,,
14U Boys,93,CC United C,cc-united-c,CC United,cc-united,possible_duplicate_team_name|same_club_multiple_teams_in_group,CC United A #19 (cc-united-a); CC United B #35 (cc-united-b),CC United A #19 depth=1; CC United B #35 depth=2,Review whether this is a true separate team or alias merge. Confirm A/B/C/color team hierarchy and canonical naming.,,,,,,,,
14U Boys,97,American River B,american-river-b,American River,american-river,possible_duplicate_team_name|same_club_multiple_teams_in_group,American River A #52 (american-river-a),American River A #52 depth=1,Review whether this is a true separate team or alias merge. Confirm A/B/C/color team hierarchy and canonical naming.,,,,,,,,
14U Boys,98,Honolulu Green A,honolulu-green-a,Honolulu Green,honolulu-green,official_logo_needed|possible_duplicate_team_name,Honolulu Blue #100 (honolulu-blue),,Review whether this is a true separate team or alias merge. Collect official logo screenshot/source when available.,,,,,,,,
14U Boys,100,Honolulu Blue,honolulu-blue,Honolulu Blue,honolulu-blue,official_logo_needed|possible_duplicate_team_name,Honolulu Green A #98 (honolulu-green-a),,Review whether this is a true separate team or alias merge. Collect official logo screenshot/source when available.,,,,,,,,
14U Boys,103,Lamorinda C,lamorinda-c,Lamorinda,lamorinda,possible_duplicate_team_name|same_club_multiple_teams_in_group,Lamorinda A #15 (lamorinda-a); Lamorinda B #55 (lamorinda-b),Lamorinda A #15 depth=1; Lamorinda B #55 depth=2,Review whether this is a true separate team or alias merge. Confirm A/B/C/color team hierarchy and canonical naming.,,,,,,,,
14U Boys,105,SJ Foundation B,sj-foundation-b,SJ Foundation,sj-foundation,official_logo_needed|possible_duplicate_team_name|same_club_multiple_teams_in_group,SJ Foundation A #56 (sj-foundation-a),SJ Foundation A #56 depth=1,Review whether this is a true separate team or alias merge. Confirm A/B/C/color team hierarchy and canonical naming. Collect official logo screenshot/source when available.,,,,,,,,
14U Girls,1,Patriot Navy,patriot-navy-14u-girls,Patriot,patriot,possible_duplicate_team_name|same_club_multiple_teams_in_group,Patriot Red #64 (patriot-red-14u-girls),Patriot Red #64 depth=2,Review whether this is a true separate team or alias merge. Confirm A/B/C/color team hierarchy and canonical naming.,,,,,,,,
14U Girls,2,Stanford A,stanford-a-14u-girls,Stanford,stanford,possible_duplicate_team_name|quiksilver_evidence_review|same_club_multiple_teams_in_group,Stanford B #34 (stanford-b-14u-girls),Stanford B #34 depth=2,Review whether this is a true separate team or alias merge. Confirm A/B/C/color team hierarchy and canonical naming. Confirm Quiksilver alias/team identity and lightweight movement is acceptable.,,,,,,,,
14U Girls,4,Lamorinda A,lamorinda-a-14u-girls,Lamorinda,lamorinda,possible_duplicate_team_name|same_club_multiple_teams_in_group,Lamorinda B #35 (lamorinda-b-14u-girls); Lamorinda C #63 (lamorinda-c-14u-girls),Lamorinda B #35 depth=2; Lamorinda C #63 depth=3,Review whether this is a true separate team or alias merge. Confirm A/B/C/color team hierarchy and canonical naming.,,,,,,,,
14U Girls,5,San Diego Shores Black,san-diego-shores-black-14u-girls,San Diego Shores,sd-shores,manual_review_note_present|possible_duplicate_team_name|same_club_depth_collision|same_club_multiple_teams_in_group,San Diego Shores Gold #21 (san-diego-shores-gold-14u-girls); San Diego Shores White #61 (san-diego-shores-white-14u-girls),San Diego Shores Gold #21 depth=2; San Diego Shores White #61 depth=2,Review whether this is a true separate team or alias merge. Confirm A/B/C/color team hierarchy and canonical naming.,,,,,,,,
14U Girls,7,SBWPC A,sbwpc-a-14u-girls,Santa Barbara,santa-barbara,possible_duplicate_team_name|same_club_multiple_teams_in_group,SBWPC B #58 (sbwpc-b-14u-girls),SBWPC B #58 depth=2,Review whether this is a true separate team or alias merge. Confirm A/B/C/color team hierarchy and canonical naming.,,,,,,,,
14U Girls,8,San Clemente Red,san-clemente-red-14u-girls,San Clemente,san-clemente,possible_duplicate_team_name|same_club_multiple_teams_in_group,San Clemente Black #24 (san-clemente-black-14u-girls),San Clemente Black #24 depth=2,Review whether this is a true separate team or alias merge. Confirm A/B/C/color team hierarchy and canonical naming.,,,,,,,,
14U Girls,11,Newport Blue,newport-blue-14u-girls,Newport Beach,newport-beach,possible_duplicate_team_name|same_club_multiple_teams_in_group,Newport White #57 (newport-white-14u-girls),Newport White #57 depth=2,Review whether this is a true separate team or alias merge. Confirm A/B/C/color team hierarchy and canonical naming.,,,,,,,,
14U Girls,20,South Coast Red,south-coast-red-14u-girls,South Coast,south-coast,manual_review_note_present|possible_duplicate_team_name|quiksilver_evidence_review|same_club_multiple_teams_in_group,South Coast White #75 (south-coast-white-14u-girls),South Coast White #75 depth=2,Review whether this is a true separate team or alias merge. Confirm A/B/C/color team hierarchy and canonical naming. Confirm Quiksilver alias/team identity and lightweight movement is acceptable.,,,,,,,,
14U Girls,21,San Diego Shores Gold,san-diego-shores-gold-14u-girls,San Diego Shores,sd-shores,manual_review_note_present|possible_duplicate_team_name|quiksilver_evidence_review|same_club_depth_collision|same_club_multiple_teams_in_group,San Diego Shores Black #5 (san-diego-shores-black-14u-girls); San Diego Shores White #61 (san-diego-shores-white-14u-girls),San Diego Shores Black #5 depth=1; San Diego Shores White #61 depth=2,Review whether this is a true separate team or alias merge. Confirm A/B/C/color team hierarchy and canonical naming. Confirm Quiksilver alias/team identity and lightweight movement is acceptable.,,,,,,,,
14U Girls,23,Foothill Red,foothill-red-14u-girls,Foothill Club,foothill-club,possible_duplicate_team_name|quiksilver_evidence_review|same_club_multiple_teams_in_group,Foothill Black #72 (foothill-black-14u-girls),Foothill Black #72 depth=2,Review whether this is a true separate team or alias merge. Confirm A/B/C/color team hierarchy and canonical naming. Confirm Quiksilver alias/team identity and lightweight movement is acceptable.,,,,,,,,
14U Girls,24,San Clemente Black,san-clemente-black-14u-girls,San Clemente,san-clemente,manual_review_note_present|possible_duplicate_team_name|quiksilver_evidence_review|same_club_multiple_teams_in_group,San Clemente Red #8 (san-clemente-red-14u-girls),San Clemente Red #8 depth=1,Review whether this is a true separate team or alias merge. Confirm A/B/C/color team hierarchy and canonical naming. Confirm Quiksilver alias/team identity and lightweight movement is acceptable.,,,,,,,,
14U Girls,34,Stanford B,stanford-b-14u-girls,Stanford,stanford,possible_duplicate_team_name|same_club_multiple_teams_in_group,Stanford A #2 (stanford-a-14u-girls),Stanford A #2 depth=1,Review whether this is a true separate team or alias merge. Confirm A/B/C/color team hierarchy and canonical naming.,,,,,,,,
14U Girls,35,Lamorinda B,lamorinda-b-14u-girls,Lamorinda,lamorinda,manual_review_note_present|possible_duplicate_team_name|same_club_multiple_teams_in_group,Lamorinda A #4 (lamorinda-a-14u-girls); Lamorinda C #63 (lamorinda-c-14u-girls),Lamorinda A #4 depth=1; Lamorinda C #63 depth=3,Review whether this is a true separate team or alias merge. Confirm A/B/C/color team hierarchy and canonical naming.,,,,,,,,
14U Girls,40,Clovis A,clovis-a-14u-girls,Clovis,clovis-red,possible_duplicate_team_name|same_club_multiple_teams_in_group,Clovis B #73 (clovis-b-14u-girls),Clovis B #73 depth=2,Review whether this is a true separate team or alias merge. Confirm A/B/C/color team hierarchy and canonical naming.,,,,,,,,
14U Girls,57,Newport White,newport-white-14u-girls,Newport Beach,newport-beach,possible_duplicate_team_name|same_club_multiple_teams_in_group,Newport Blue #11 (newport-blue-14u-girls),Newport Blue #11 depth=1,Review whether this is a true separate team or alias merge. Confirm A/B/C/color team hierarchy and canonical naming.,,,,,,,,
14U Girls,58,SBWPC B,sbwpc-b-14u-girls,Santa Barbara,santa-barbara,possible_duplicate_team_name|same_club_multiple_teams_in_group,SBWPC A #7 (sbwpc-a-14u-girls),SBWPC A #7 depth=1,Review whether this is a true separate team or alias merge. Confirm A/B/C/color team hierarchy and canonical naming.,,,,,,,,
14U Girls,61,San Diego Shores White,san-diego-shores-white-14u-girls,San Diego Shores,sd-shores,possible_duplicate_team_name|same_club_depth_collision|same_club_multiple_teams_in_group,San Diego Shores Black #5 (san-diego-shores-black-14u-girls); San Diego Shores Gold #21 (san-diego-shores-gold-14u-girls),San Diego Shores Black #5 depth=1; San Diego Shores Gold #21 depth=2,Review whether this is a true separate team or alias merge. Confirm A/B/C/color team hierarchy and canonical naming.,,,,,,,,
14U Girls,63,Lamorinda C,lamorinda-c-14u-girls,Lamorinda,lamorinda,possible_duplicate_team_name|same_club_multiple_teams_in_group,Lamorinda A #4 (lamorinda-a-14u-girls); Lamorinda B #35 (lamorinda-b-14u-girls),Lamorinda A #4 depth=1; Lamorinda B #35 depth=2,Review whether this is a true separate team or alias merge. Confirm A/B/C/color team hierarchy and canonical naming.,,,,,,,,
14U Girls,64,Patriot Red,patriot-red-14u-girls,Patriot,patriot,possible_duplicate_team_name|same_club_multiple_teams_in_group,Patriot Navy #1 (patriot-navy-14u-girls),Patriot Navy #1 depth=1,Review whether this is a true separate team or alias merge. Confirm A/B/C/color team hierarchy and canonical naming.,,,,,,,,
14U Girls,72,Foothill Black,foothill-black-14u-girls,Foothill Club,foothill-club,possible_duplicate_team_name|same_club_multiple_teams_in_group,Foothill Red #23 (foothill-red-14u-girls),Foothill Red #23 depth=1,Review whether this is a true separate team or alias merge. Confirm A/B/C/color team hierarchy and canonical naming.,,,,,,,,
14U Girls,73,Clovis B,clovis-b-14u-girls,Clovis,clovis-red,possible_duplicate_team_name|same_club_multiple_teams_in_group,Clovis A #40 (clovis-a-14u-girls),Clovis A #40 depth=1,Review whether this is a true separate team or alias merge. Confirm A/B/C/color team hierarchy and canonical naming.,,,,,,,,
14U Girls,75,South Coast White,south-coast-white-14u-girls,South Coast,south-coast,possible_duplicate_team_name|same_club_multiple_teams_in_group,South Coast Red #20 (south-coast-red-14u-girls),South Coast Red #20 depth=1,Review whether this is a true separate team or alias merge. Confirm A/B/C/color team hierarchy and canonical naming.,,,,,,,,
16U Boys,1,Patriot,patriot-16u-boys,Patriot,patriot,possible_duplicate_team_name|quiksilver_evidence_review|same_club_depth_collision|same_club_multiple_teams_in_group,Patriot Red #61 (patriot-red-16u-boys),Patriot Red #61 depth=1,Review whether this is a true separate team or alias merge. Confirm A/B/C/color team hierarchy and canonical naming. Confirm Quiksilver alias/team identity and lightweight movement is acceptable.,,,,,,,,
16U Boys,3,Vanguard,vanguard-16u-boys,Vanguard,vanguard,possible_duplicate_team_name|quiksilver_evidence_review|same_club_depth_collision|same_club_multiple_teams_in_group,Vanguard Blue #25 (vanguard-blue-16u-boys); Vanguard Silver #53 (vanguard-silver-16u-boys); Vanguard White #76 (vanguard-white-16u-boys),Vanguard Blue #25 depth=2; Vanguard Silver #53 depth=3; Vanguard White #76 depth=3,Review whether this is a true separate team or alias merge. Confirm A/B/C/color team hierarchy and canonical naming. Confirm Quiksilver alias/team identity and lightweight movement is acceptable.,,,,,,,,
16U Boys,4,San Diego Shores,san-diego-shores-16u-boys,San Diego Shores,san-diego-shores,possible_duplicate_team_name|quiksilver_evidence_review|same_club_depth_collision|same_club_multiple_teams_in_group,San Diego Shores Gold #82 (san-diego-shores-gold-16u-boys),San Diego Shores Gold #82 depth=1,Review whether this is a true separate team or alias merge. Confirm A/B/C/color team hierarchy and canonical naming. Confirm Quiksilver alias/team identity and lightweight movement is acceptable.,,,,,,,,
16U Boys,6,Stanford A,stanford-a-16u-boys,Stanford,stanford,possible_duplicate_team_name|quiksilver_evidence_review|same_club_multiple_teams_in_group,Stanford B #42 (stanford-b-16u-boys),Stanford B #42 depth=2,Review whether this is a true separate team or alias merge. Confirm A/B/C/color team hierarchy and canonical naming. Confirm Quiksilver alias/team identity and lightweight movement is acceptable.,,,,,,,,
16U Boys,8,Trojan,trojan-16u-boys,Trojan,trojan,possible_duplicate_team_name|quiksilver_evidence_review|same_club_multiple_teams_in_group,Trojan B #26 (trojan-b-16u-boys); Trojan C #79 (trojan-c-16u-boys),Trojan B #26 depth=2; Trojan C #79 depth=3,Review whether this is a true separate team or alias merge. Confirm A/B/C/color team hierarchy and canonical naming. Confirm Quiksilver alias/team identity and lightweight movement is acceptable.,,,,,,,,
16U Boys,13,South Coast,south-coast-16u-boys,South Coast,south-coast,possible_duplicate_team_name|same_club_multiple_teams_in_group,South Coast B #51 (south-coast-b-16u-boys); South Coast C #77 (south-coast-c-16u-boys),South Coast B #51 depth=2; South Coast C #77 depth=3,Review whether this is a true separate team or alias merge. Confirm A/B/C/color team hierarchy and canonical naming.,,,,,,,,
16U Boys,15,CIU Gold,ciu-gold-16u-boys,CIU,ciu,possible_duplicate_team_name|quiksilver_evidence_review|same_club_depth_collision|same_club_multiple_teams_in_group,CIU Blue #63 (ciu-blue-16u-boys),CIU Blue #63 depth=2,Review whether this is a true separate team or alias merge. Confirm A/B/C/color team hierarchy and canonical naming. Confirm Quiksilver alias/team identity and lightweight movement is acceptable.,,,,,,,,
16U Boys,17,Rose Bowl,rose-bowl-16u-boys,Rose Bowl,rose-bowl,possible_duplicate_team_name|quiksilver_evidence_review|same_club_multiple_teams_in_group,Rose Bowl B #57 (rose-bowl-b-16u-boys),Rose Bowl B #57 depth=2,Review whether this is a true separate team or alias merge. Confirm A/B/C/color team hierarchy and canonical naming. Confirm Quiksilver alias/team identity and lightweight movement is acceptable.,,,,,,,,
16U Boys,20,La Jolla United,la-jolla-united-16u-boys,La Jolla United,la-jolla-united,possible_duplicate_team_name|provisional_or_identity_review|quiksilver_evidence_review|same_club_depth_collision|same_club_multiple_teams_in_group,La Jolla United Gold #46 (la-jolla-united-gold-16u-boys); LA Jolla United White #55 (la-jolla-united-white-16u-boys); LA Jolla United Silver #78 (la-jolla-united-silver-16u-boys),La Jolla United Gold #46 depth=2; LA Jolla United White #55 depth=3; LA Jolla United Silver #78 depth=3,Review whether this is a true separate team or alias merge. Confirm A/B/C/color team hierarchy and canonical naming. Confirm Quiksilver alias/team identity and lightweight movement is acceptable. Resolve before post-JO recalibration if possible.,,,,,,,,
16U Boys,25,Vanguard Blue,vanguard-blue-16u-boys,Vanguard,vanguard,possible_duplicate_team_name|quiksilver_evidence_review|same_club_depth_collision|same_club_multiple_teams_in_group,Vanguard #3 (vanguard-16u-boys); Vanguard Silver #53 (vanguard-silver-16u-boys); Vanguard White #76 (vanguard-white-16u-boys),Vanguard #3 depth=1; Vanguard Silver #53 depth=3; Vanguard White #76 depth=3,Review whether this is a true separate team or alias merge. Confirm A/B/C/color team hierarchy and canonical naming. Confirm Quiksilver alias/team identity and lightweight movement is acceptable.,,,,,,,,
16U Boys,26,Trojan B,trojan-b-16u-boys,Trojan,trojan,possible_duplicate_team_name|quiksilver_evidence_review|same_club_multiple_teams_in_group,Trojan #8 (trojan-16u-boys); Trojan C #79 (trojan-c-16u-boys),Trojan #8 depth=1; Trojan C #79 depth=3,Review whether this is a true separate team or alias merge. Confirm A/B/C/color team hierarchy and canonical naming. Confirm Quiksilver alias/team identity and lightweight movement is acceptable.,,,,,,,,
16U Boys,29,Palos Verdes,palos-verdes-16u-boys,Palos Verdes,palos-verdes,possible_duplicate_team_name|quiksilver_evidence_review|same_club_multiple_teams_in_group,Palos Verdes B #54 (palos-verdes-b-16u-boys),Palos Verdes B #54 depth=2,Review whether this is a true separate team or alias merge. Confirm A/B/C/color team hierarchy and canonical naming. Confirm Quiksilver alias/team identity and lightweight movement is acceptable.,,,,,,,,
16U Boys,31,Sand Canyon A,sand-canyon-a-16u-boys,Sand Canyon,sand-canyon,possible_duplicate_team_name|quiksilver_evidence_review|same_club_depth_collision|same_club_multiple_teams_in_group,Sand Canyon #41 (sand-canyon-16u-boys),Sand Canyon #41 depth=1,Review whether this is a true separate team or alias merge. Confirm A/B/C/color team hierarchy and canonical naming. Confirm Quiksilver alias/team identity and lightweight movement is acceptable.,,,,,,,,
16U Boys,32,CC United,cc-united-16u-boys,CC United,cc-united,possible_duplicate_team_name|quiksilver_evidence_review|same_club_multiple_teams_in_group,CC United Blue #43 (cc-united-blue-16u-boys),CC United Blue #43 depth=2,Review whether this is a true separate team or alias merge. Confirm A/B/C/color team hierarchy and canonical naming. Confirm Quiksilver alias/team identity and lightweight movement is acceptable.,,,,,,,,
16U Boys,41,Sand Canyon,sand-canyon-16u-boys,Sand Canyon,sand-canyon,possible_duplicate_team_name|quiksilver_evidence_review|same_club_depth_collision|same_club_multiple_teams_in_group,Sand Canyon A #31 (sand-canyon-a-16u-boys),Sand Canyon A #31 depth=1,Review whether this is a true separate team or alias merge. Confirm A/B/C/color team hierarchy and canonical naming. Confirm Quiksilver alias/team identity and lightweight movement is acceptable.,,,,,,,,
16U Boys,42,Stanford B,stanford-b-16u-boys,Stanford,stanford,possible_duplicate_team_name|quiksilver_evidence_review|same_club_multiple_teams_in_group,Stanford A #6 (stanford-a-16u-boys),Stanford A #6 depth=1,Review whether this is a true separate team or alias merge. Confirm A/B/C/color team hierarchy and canonical naming. Confirm Quiksilver alias/team identity and lightweight movement is acceptable.,,,,,,,,
16U Boys,43,CC United Blue,cc-united-blue-16u-boys,CC United,cc-united,possible_duplicate_team_name|quiksilver_evidence_review|same_club_multiple_teams_in_group,CC United #32 (cc-united-16u-boys),CC United #32 depth=1,Review whether this is a true separate team or alias merge. Confirm A/B/C/color team hierarchy and canonical naming. Confirm Quiksilver alias/team identity and lightweight movement is acceptable.,,,,,,,,
16U Boys,44,CHAWP B,chawp-b-16u-boys,CHAWP,chawp,lower_depth_above_primary_same_club|possible_duplicate_team_name|quiksilver_evidence_review|same_club_multiple_teams_in_group,CHAWP #67 (chawp-16u-boys),CHAWP #67 depth=1,Review whether this is a true separate team or alias merge. Confirm A/B/C/color team hierarchy and canonical naming. Confirm whether this lower-depth team should rank above the club primary team. Confirm Quiksilver alias/team identity and lightweight movement is acceptable.,,,,,,,,
16U Boys,46,La Jolla United Gold,la-jolla-united-gold-16u-boys,La Jolla United,la-jolla-united,manual_review_note_present|possible_duplicate_team_name|provisional_or_identity_review|quiksilver_evidence_review|same_club_depth_collision|same_club_multiple_teams_in_group,La Jolla United #20 (la-jolla-united-16u-boys); LA Jolla United White #55 (la-jolla-united-white-16u-boys); LA Jolla United Silver #78 (la-jolla-united-silver-16u-boys),La Jolla United #20 depth=1; LA Jolla United White #55 depth=3; LA Jolla United Silver #78 depth=3,Review whether this is a true separate team or alias merge. Confirm A/B/C/color team hierarchy and canonical naming. Confirm Quiksilver alias/team identity and lightweight movement is acceptable. Resolve before post-JO recalibration if possible.,,,,,,,,
16U Boys,51,South Coast B,south-coast-b-16u-boys,South Coast,south-coast,possible_duplicate_team_name|quiksilver_evidence_review|same_club_multiple_teams_in_group,South Coast #13 (south-coast-16u-boys); South Coast C #77 (south-coast-c-16u-boys),South Coast #13 depth=1; South Coast C #77 depth=3,Review whether this is a true separate team or alias merge. Confirm A/B/C/color team hierarchy and canonical naming. Confirm Quiksilver alias/team identity and lightweight movement is acceptable.,,,,,,,,
16U Boys,53,Vanguard Silver,vanguard-silver-16u-boys,Vanguard,vanguard,possible_duplicate_team_name|quiksilver_evidence_review|same_club_depth_collision|same_club_multiple_teams_in_group,Vanguard #3 (vanguard-16u-boys); Vanguard Blue #25 (vanguard-blue-16u-boys); Vanguard White #76 (vanguard-white-16u-boys),Vanguard #3 depth=1; Vanguard Blue #25 depth=2; Vanguard White #76 depth=3,Review whether this is a true separate team or alias merge. Confirm A/B/C/color team hierarchy and canonical naming. Confirm Quiksilver alias/team identity and lightweight movement is acceptable.,,,,,,,,
16U Boys,54,Palos Verdes B,palos-verdes-b-16u-boys,Palos Verdes,palos-verdes,possible_duplicate_team_name|quiksilver_evidence_review|same_club_multiple_teams_in_group,Palos Verdes #29 (palos-verdes-16u-boys),Palos Verdes #29 depth=1,Review whether this is a true separate team or alias merge. Confirm A/B/C/color team hierarchy and canonical naming. Confirm Quiksilver alias/team identity and lightweight movement is acceptable.,,,,,,,,
16U Boys,55,LA Jolla United White,la-jolla-united-white-16u-boys,LA Jolla United,la-jolla-united,possible_duplicate_team_name|quiksilver_evidence_review|same_club_depth_collision|same_club_multiple_teams_in_group,La Jolla United #20 (la-jolla-united-16u-boys); La Jolla United Gold #46 (la-jolla-united-gold-16u-boys); LA Jolla United Silver #78 (la-jolla-united-silver-16u-boys),La Jolla United #20 depth=1; La Jolla United Gold #46 depth=2; LA Jolla United Silver #78 depth=3,Review whether this is a true separate team or alias merge. Confirm A/B/C/color team hierarchy and canonical naming. Confirm Quiksilver alias/team identity and lightweight movement is acceptable.,,,,,,,,
16U Boys,57,Rose Bowl B,rose-bowl-b-16u-boys,Rose Bowl,rose-bowl,possible_duplicate_team_name|quiksilver_evidence_review|same_club_multiple_teams_in_group,Rose Bowl #17 (rose-bowl-16u-boys),Rose Bowl #17 depth=1,Review whether this is a true separate team or alias merge. Confirm A/B/C/color team hierarchy and canonical naming. Confirm Quiksilver alias/team identity and lightweight movement is acceptable.,,,,,,,,
16U Boys,61,Patriot Red,patriot-red-16u-boys,Patriot,patriot,possible_duplicate_team_name|quiksilver_evidence_review|same_club_depth_collision|same_club_multiple_teams_in_group,Patriot #1 (patriot-16u-boys),Patriot #1 depth=1,Review whether this is a true separate team or alias merge. Confirm A/B/C/color team hierarchy and canonical naming. Confirm Quiksilver alias/team identity and lightweight movement is acceptable.,,,,,,,,
16U Boys,63,CIU Blue,ciu-blue-16u-boys,CIU,ciu,possible_duplicate_team_name|quiksilver_evidence_review|same_club_depth_collision|same_club_multiple_teams_in_group,CIU Gold #15 (ciu-gold-16u-boys),CIU Gold #15 depth=2,Review whether this is a true separate team or alias merge. Confirm A/B/C/color team hierarchy and canonical naming. Confirm Quiksilver alias/team identity and lightweight movement is acceptable.,,,,,,,,
16U Boys,67,CHAWP,chawp-16u-boys,CHAWP,chawp,possible_duplicate_team_name|quiksilver_evidence_review|same_club_multiple_teams_in_group,CHAWP B #44 (chawp-b-16u-boys),CHAWP B #44 depth=2,Review whether this is a true separate team or alias merge. Confirm A/B/C/color team hierarchy and canonical naming. Confirm Quiksilver alias/team identity and lightweight movement is acceptable.,,,,,,,,
16U Boys,68,San Jose Express B,san-jose-express-b-16u-boys,San Jose Express,sj-express,lower_depth_above_primary_same_club|possible_duplicate_team_name|quiksilver_evidence_review|same_club_multiple_teams_in_group,San Jose Express #72 (san-jose-express-16u-boys),San Jose Express #72 depth=1,Review whether this is a true separate team or alias merge. Confirm A/B/C/color team hierarchy and canonical naming. Confirm whether this lower-depth team should rank above the club primary team. Confirm Quiksilver alias/team identity and lightweight movement is acceptable.,,,,,,,,
16U Boys,72,San Jose Express,san-jose-express-16u-boys,San Jose Express,sj-express,possible_duplicate_team_name|quiksilver_evidence_review|same_club_multiple_teams_in_group,San Jose Express B #68 (san-jose-express-b-16u-boys),San Jose Express B #68 depth=2,Review whether this is a true separate team or alias merge. Confirm A/B/C/color team hierarchy and canonical naming. Confirm Quiksilver alias/team identity and lightweight movement is acceptable.,,,,,,,,
16U Boys,76,Vanguard White,vanguard-white-16u-boys,Vanguard,vanguard,possible_duplicate_team_name|quiksilver_evidence_review|same_club_depth_collision|same_club_multiple_teams_in_group,Vanguard #3 (vanguard-16u-boys); Vanguard Blue #25 (vanguard-blue-16u-boys); Vanguard Silver #53 (vanguard-silver-16u-boys),Vanguard #3 depth=1; Vanguard Blue #25 depth=2; Vanguard Silver #53 depth=3,Review whether this is a true separate team or alias merge. Confirm A/B/C/color team hierarchy and canonical naming. Confirm Quiksilver alias/team identity and lightweight movement is acceptable.,,,,,,,,
16U Boys,77,South Coast C,south-coast-c-16u-boys,South Coast,south-coast,possible_duplicate_team_name|quiksilver_evidence_review|same_club_multiple_teams_in_group,South Coast #13 (south-coast-16u-boys); South Coast B #51 (south-coast-b-16u-boys),South Coast #13 depth=1; South Coast B #51 depth=2,Review whether this is a true separate team or alias merge. Confirm A/B/C/color team hierarchy and canonical naming. Confirm Quiksilver alias/team identity and lightweight movement is acceptable.,,,,,,,,
16U Boys,78,LA Jolla United Silver,la-jolla-united-silver-16u-boys,LA Jolla United,la-jolla-united,possible_duplicate_team_name|quiksilver_evidence_review|same_club_depth_collision|same_club_multiple_teams_in_group,La Jolla United #20 (la-jolla-united-16u-boys); La Jolla United Gold #46 (la-jolla-united-gold-16u-boys); LA Jolla United White #55 (la-jolla-united-white-16u-boys),La Jolla United #20 depth=1; La Jolla United Gold #46 depth=2; LA Jolla United White #55 depth=3,Review whether this is a true separate team or alias merge. Confirm A/B/C/color team hierarchy and canonical naming. Confirm Quiksilver alias/team identity and lightweight movement is acceptable.,,,,,,,,
16U Boys,79,Trojan C,trojan-c-16u-boys,Trojan,trojan,possible_duplicate_team_name|quiksilver_evidence_review|same_club_multiple_teams_in_group,Trojan #8 (trojan-16u-boys); Trojan B #26 (trojan-b-16u-boys),Trojan #8 depth=1; Trojan B #26 depth=2,Review whether this is a true separate team or alias merge. Confirm A/B/C/color team hierarchy and canonical naming. Confirm Quiksilver alias/team identity and lightweight movement is acceptable.,,,,,,,,
16U Boys,82,San Diego Shores Gold,san-diego-shores-gold-16u-boys,San Diego Shores,san-diego-shores,possible_duplicate_team_name|provisional_or_identity_review|quiksilver_evidence_review|same_club_depth_collision|same_club_multiple_teams_in_group,San Diego Shores #4 (san-diego-shores-16u-boys),San Diego Shores #4 depth=1,Review whether this is a true separate team or alias merge. Confirm A/B/C/color team hierarchy and canonical naming. Confirm Quiksilver alias/team identity and lightweight movement is acceptable. Resolve before post-JO recalibration if possible.,,,,,,,,
16U Girls,1,SBWPC A,sbwpc-a-16u-girls,SBWPC,sbwpc,possible_duplicate_team_name|same_club_multiple_teams_in_group,SBWPC B #25 (sbwpc-b-16u-girls),SBWPC B #25 depth=2,Review whether this is a true separate team or alias merge. Confirm A/B/C/color team hierarchy and canonical naming.,,,,,,,,
16U Girls,3,South Coast,south-coast-16u-girls,South Coast,south-coast,possible_duplicate_team_name|same_club_multiple_teams_in_group,South Coast B #35 (south-coast-b-16u-girls),South Coast B #35 depth=2,Review whether this is a true separate team or alias merge. Confirm A/B/C/color team hierarchy and canonical naming.,,,,,,,,
16U Girls,16,Lamorinda A,lamorinda-a-16u-girls,Lamorinda,lamorinda,possible_duplicate_team_name|same_club_multiple_teams_in_group,Lamorinda B #36 (lamorinda-b-16u-girls),Lamorinda B #36 depth=2,Review whether this is a true separate team or alias merge. Confirm A/B/C/color team hierarchy and canonical naming.,,,,,,,,
16U Girls,25,SBWPC B,sbwpc-b-16u-girls,SBWPC,sbwpc,possible_duplicate_team_name|quiksilver_evidence_review|same_club_multiple_teams_in_group,SBWPC A #1 (sbwpc-a-16u-girls),SBWPC A #1 depth=1,Review whether this is a true separate team or alias merge. Confirm A/B/C/color team hierarchy and canonical naming. Confirm Quiksilver alias/team identity and lightweight movement is acceptable.,,,,,,,,
16U Girls,35,South Coast B,south-coast-b-16u-girls,South Coast,south-coast,possible_duplicate_team_name|quiksilver_evidence_review|same_club_multiple_teams_in_group,South Coast #3 (south-coast-16u-girls),South Coast #3 depth=1,Review whether this is a true separate team or alias merge. Confirm A/B/C/color team hierarchy and canonical naming. Confirm Quiksilver alias/team identity and lightweight movement is acceptable.,,,,,,,,
16U Girls,36,Lamorinda B,lamorinda-b-16u-girls,Lamorinda,lamorinda,possible_duplicate_team_name|quiksilver_evidence_review|same_club_multiple_teams_in_group,Lamorinda A #16 (lamorinda-a-16u-girls),Lamorinda A #16 depth=1,Review whether this is a true separate team or alias merge. Confirm A/B/C/color team hierarchy and canonical naming. Confirm Quiksilver alias/team identity and lightweight movement is acceptable.,,,,,,,,
18U Boys,4,Imperial,imperial-18u-boys,Imperial,imperial,possible_duplicate_team_name|quiksilver_evidence_review|same_club_multiple_teams_in_group,Imperial B #16 (imperial-b-18u-boys),Imperial B #16 depth=2,Review whether this is a true separate team or alias merge. Confirm A/B/C/color team hierarchy and canonical naming. Confirm Quiksilver alias/team identity and lightweight movement is acceptable.,,,,,,,,
18U Boys,8,Trojan,trojan-18u-boys,Trojan,trojan,possible_duplicate_team_name|same_club_multiple_teams_in_group,Trojan B #31 (trojan-b-18u-boys),Trojan B #31 depth=2,Review whether this is a true separate team or alias merge. Confirm A/B/C/color team hierarchy and canonical naming.,,,,,,,,
18U Boys,15,Sand Canyon Black,sand-canyon-black-18u-boys,Sand Canyon,sand-canyon,lower_depth_above_primary_same_club|possible_duplicate_team_name|quiksilver_evidence_review|same_club_depth_collision|same_club_multiple_teams_in_group,Sand Canyon Red #22 (sand-canyon-red-18u-boys); Sand Canyon #30 (sand-canyon-18u-boys),Sand Canyon Red #22 depth=1; Sand Canyon #30 depth=1,Review whether this is a true separate team or alias merge. Confirm A/B/C/color team hierarchy and canonical naming. Confirm whether this lower-depth team should rank above the club primary team. Confirm Quiksilver alias/team identity and lightweight movement is acceptable.,,,,,,,,
18U Boys,16,Imperial B,imperial-b-18u-boys,Imperial,imperial,possible_duplicate_team_name|same_club_multiple_teams_in_group,Imperial #4 (imperial-18u-boys),Imperial #4 depth=1,Review whether this is a true separate team or alias merge. Confirm A/B/C/color team hierarchy and canonical naming.,,,,,,,,
18U Boys,17,Vanguard Blue,vanguard-blue-18u-boys,Vanguard,vanguard,possible_duplicate_team_name|same_club_multiple_teams_in_group,Vanguard Silver #41 (vanguard-silver-18u-boys),Vanguard Silver #41 depth=3,Review whether this is a true separate team or alias merge. Confirm A/B/C/color team hierarchy and canonical naming.,,,,,,,,
18U Boys,22,Sand Canyon Red,sand-canyon-red-18u-boys,Sand Canyon,sand-canyon,possible_duplicate_team_name|quiksilver_evidence_review|same_club_depth_collision|same_club_multiple_teams_in_group,Sand Canyon Black #15 (sand-canyon-black-18u-boys); Sand Canyon #30 (sand-canyon-18u-boys),Sand Canyon Black #15 depth=2; Sand Canyon #30 depth=1,Review whether this is a true separate team or alias merge. Confirm A/B/C/color team hierarchy and canonical naming. Confirm Quiksilver alias/team identity and lightweight movement is acceptable.,,,,,,,,
18U Boys,26,CHAWP B,chawp-b-18u-boys,CHAWP,chawp,lower_depth_above_primary_same_club|possible_duplicate_team_name|quiksilver_evidence_review|same_club_multiple_teams_in_group,CHAWP #43 (chawp-18u-boys),CHAWP #43 depth=1,Review whether this is a true separate team or alias merge. Confirm A/B/C/color team hierarchy and canonical naming. Confirm whether this lower-depth team should rank above the club primary team. Confirm Quiksilver alias/team identity and lightweight movement is acceptable.,,,,,,,,
18U Boys,30,Sand Canyon,sand-canyon-18u-boys,Sand Canyon,sand-canyon,possible_duplicate_team_name|quiksilver_evidence_review|same_club_depth_collision|same_club_multiple_teams_in_group,Sand Canyon Black #15 (sand-canyon-black-18u-boys); Sand Canyon Red #22 (sand-canyon-red-18u-boys),Sand Canyon Black #15 depth=2; Sand Canyon Red #22 depth=1,Review whether this is a true separate team or alias merge. Confirm A/B/C/color team hierarchy and canonical naming. Confirm Quiksilver alias/team identity and lightweight movement is acceptable.,,,,,,,,
18U Boys,31,Trojan B,trojan-b-18u-boys,Trojan,trojan,possible_duplicate_team_name|quiksilver_evidence_review|same_club_multiple_teams_in_group,Trojan #8 (trojan-18u-boys),Trojan #8 depth=1,Review whether this is a true separate team or alias merge. Confirm A/B/C/color team hierarchy and canonical naming. Confirm Quiksilver alias/team identity and lightweight movement is acceptable.,,,,,,,,
18U Boys,41,Vanguard Silver,vanguard-silver-18u-boys,Vanguard,vanguard,possible_duplicate_team_name|quiksilver_evidence_review|same_club_multiple_teams_in_group,Vanguard Blue #17 (vanguard-blue-18u-boys),Vanguard Blue #17 depth=2,Review whether this is a true separate team or alias merge. Confirm A/B/C/color team hierarchy and canonical naming. Confirm Quiksilver alias/team identity and lightweight movement is acceptable.,,,,,,,,
18U Boys,43,CHAWP,chawp-18u-boys,CHAWP,chawp,possible_duplicate_team_name|quiksilver_evidence_review|same_club_multiple_teams_in_group,CHAWP B #26 (chawp-b-18u-boys),CHAWP B #26 depth=2,Review whether this is a true separate team or alias merge. Confirm A/B/C/color team hierarchy and canonical naming. Confirm Quiksilver alias/team identity and lightweight movement is acceptable.,,,,,,,,
18U Girls,2,SBWPC A,sbwpc-a-18u-girls,SBWPC,sbwpc,possible_duplicate_team_name|same_club_multiple_teams_in_group,SBWPC B #17 (sbwpc-b-18u-girls); SBWPC C #32 (sbwpc-c-18u-girls),SBWPC B #17 depth=2; SBWPC C #32 depth=3,Review whether this is a true separate team or alias merge. Confirm A/B/C/color team hierarchy and canonical naming.,,,,,,,,
18U Girls,4,SoCal,socal-18u-girls,SoCal,socal,possible_duplicate_team_name|same_club_multiple_teams_in_group,SoCal Gold #23 (socal-gold-18u-girls),SoCal Gold #23 depth=2,Review whether this is a true separate team or alias merge. Confirm A/B/C/color team hierarchy and canonical naming.,,,,,,,,
18U Girls,9,LB Viking Blue,lb-viking-blue-18u-girls,Viking,viking,possible_duplicate_team_name|quiksilver_evidence_review|same_club_multiple_teams_in_group,LB Viking White #30 (lb-viking-white-18u-girls),LB Viking White #30 depth=3,Review whether this is a true separate team or alias merge. Confirm A/B/C/color team hierarchy and canonical naming. Confirm Quiksilver alias/team identity and lightweight movement is acceptable.,,,,,,,,
18U Girls,17,SBWPC B,sbwpc-b-18u-girls,SBWPC,sbwpc,possible_duplicate_team_name|quiksilver_evidence_review|same_club_multiple_teams_in_group,SBWPC A #2 (sbwpc-a-18u-girls); SBWPC C #32 (sbwpc-c-18u-girls),SBWPC A #2 depth=1; SBWPC C #32 depth=3,Review whether this is a true separate team or alias merge. Confirm A/B/C/color team hierarchy and canonical naming. Confirm Quiksilver alias/team identity and lightweight movement is acceptable.,,,,,,,,
18U Girls,20,CHAWP B,chawp-b-18u-girls,CHAWP,chawp,lower_depth_above_primary_same_club|possible_duplicate_team_name|quiksilver_evidence_review|same_club_multiple_teams_in_group,CHAWP #31 (chawp-18u-girls),CHAWP #31 depth=1,Review whether this is a true separate team or alias merge. Confirm A/B/C/color team hierarchy and canonical naming. Confirm whether this lower-depth team should rank above the club primary team. Confirm Quiksilver alias/team identity and lightweight movement is acceptable.,,,,,,,,
18U Girls,23,SoCal Gold,socal-gold-18u-girls,SoCal,socal,possible_duplicate_team_name|quiksilver_evidence_review|same_club_multiple_teams_in_group,SoCal #4 (socal-18u-girls),SoCal #4 depth=1,Review whether this is a true separate team or alias merge. Confirm A/B/C/color team hierarchy and canonical naming. Confirm Quiksilver alias/team identity and lightweight movement is acceptable.,,,,,,,,
18U Girls,30,LB Viking White,lb-viking-white-18u-girls,Viking,viking,possible_duplicate_team_name|quiksilver_evidence_review|same_club_multiple_teams_in_group,LB Viking Blue #9 (lb-viking-blue-18u-girls),LB Viking Blue #9 depth=2,Review whether this is a true separate team or alias merge. Confirm A/B/C/color team hierarchy and canonical naming. Confirm Quiksilver alias/team identity and lightweight movement is acceptable.,,,,,,,,
18U Girls,31,CHAWP,chawp-18u-girls,CHAWP,chawp,possible_duplicate_team_name|quiksilver_evidence_review|same_club_multiple_teams_in_group,CHAWP B #20 (chawp-b-18u-girls),CHAWP B #20 depth=2,Review whether this is a true separate team or alias merge. Confirm A/B/C/color team hierarchy and canonical naming. Confirm Quiksilver alias/team identity and lightweight movement is acceptable.,,,,,,,,
18U Girls,32,SBWPC C,sbwpc-c-18u-girls,SBWPC,sbwpc,possible_duplicate_team_name|quiksilver_evidence_review|same_club_multiple_teams_in_group,SBWPC A #2 (sbwpc-a-18u-girls); SBWPC B #17 (sbwpc-b-18u-girls),SBWPC A #2 depth=1; SBWPC B #17 depth=2,Review whether this is a true separate team or alias merge. Confirm A/B/C/color team hierarchy and canonical naming. Confirm Quiksilver alias/team identity and lightweight movement is acceptable.,,,,,,,,
14U Girls,69,Los Alamitos Garnet,los-alamitos-garnet-14u-girls,Los Alamitos,los-alamitos,lower_depth_above_primary_same_club|manual_review_note_present|same_club_multiple_teams_in_group,,Los Alamitos #71 depth=1,Confirm A/B/C/color team hierarchy and canonical naming. Confirm whether this lower-depth team should rank above the club primary team.,,,,,,,,
12U Boys,17,Los Alamitos,los-alamitos,Los Alamitos,los-alamitos,quiksilver_evidence_review|same_club_depth_collision|same_club_multiple_teams_in_group,,Los Alamitos Opal #66 depth=1,Confirm A/B/C/color team hierarchy and canonical naming. Confirm Quiksilver alias/team identity and lightweight movement is acceptable.,,,,,,,,
12U Boys,24,Trojan Cardinal,trojan-cardinal,Trojan,trojan,same_club_depth_collision|same_club_multiple_teams_in_group,,Trojan #68 depth=1,Confirm A/B/C/color team hierarchy and canonical naming.,,,,,,,,
12U Boys,27,Newport Beach A,newport-beach-a-12u-boys,Newport Beach,newport-beach,same_club_depth_collision|same_club_multiple_teams_in_group,,Newport White #40 depth=1,Confirm A/B/C/color team hierarchy and canonical naming.,,,,,,,,
12U Boys,40,Newport White,newport-white,Newport Beach,newport-beach,same_club_depth_collision|same_club_multiple_teams_in_group|team_name_suggests_b_but_depth_primary,,Newport Beach A #27 depth=1,Confirm A/B/C/color team hierarchy and canonical naming.,,,,,,,,
12U Boys,66,Los Alamitos Opal,los-alamitos-opal,Los Alamitos,los-alamitos,same_club_depth_collision|same_club_multiple_teams_in_group,,Los Alamitos #17 depth=1,Confirm A/B/C/color team hierarchy and canonical naming.,,,,,,,,
12U Boys,68,Trojan,trojan,Trojan,trojan,same_club_depth_collision|same_club_multiple_teams_in_group,,Trojan Cardinal #24 depth=1,Confirm A/B/C/color team hierarchy and canonical naming.,,,,,,,,
16U Boys,80,Long Beach Shore,long-beach-shore-16u-boys,Long Beach Shore,long-beach-shore,provisional_or_identity_review|quiksilver_evidence_review,,,Confirm Quiksilver alias/team identity and lightweight movement is acceptable. Resolve before post-JO recalibration if possible.,,,,,,,,
16U Boys,81,NSD Stars,nsd-stars-16u-boys,NSD Stars,nsd-stars,official_logo_needed|provisional_or_identity_review|quiksilver_evidence_review,,,Collect official logo screenshot/source when available. Confirm Quiksilver alias/team identity and lightweight movement is acceptable. Resolve before post-JO recalibration if possible.,,,,,,,,
16U Girls,18,LB Viking,lb-viking-16u-girls,Viking,viking,manual_review_note_present|provisional_or_identity_review|quiksilver_evidence_review|same_club_multiple_teams_in_group,,Viking White #31 depth=3,Confirm A/B/C/color team hierarchy and canonical naming. Confirm Quiksilver alias/team identity and lightweight movement is acceptable. Resolve before post-JO recalibration if possible.,,,,,,,,
16U Girls,20,OVAC,ovac-16u-girls,OVAC,ovac,provisional_or_identity_review|quiksilver_evidence_review,,,Confirm Quiksilver alias/team identity and lightweight movement is acceptable. Resolve before post-JO recalibration if possible.,,,,,,,,
16U Girls,28,Mid Valley,mid-valley-16u-girls,Mid Valley,mid-valley,official_logo_needed|provisional_or_identity_review|quiksilver_evidence_review,,,Collect official logo screenshot/source when available. Confirm Quiksilver alias/team identity and lightweight movement is acceptable. Resolve before post-JO recalibration if possible.,,,,,,,,
18U Boys,23,Greenwich,greenwich-18u-boys,Greenwich,greenwich,provisional_or_identity_review|quiksilver_evidence_review,,,Confirm Quiksilver alias/team identity and lightweight movement is acceptable. Resolve before post-JO recalibration if possible.,,,,,,,,
18U Boys,28,CIU,ciu-18u-boys,CIU,ciu,provisional_or_identity_review|quiksilver_evidence_review,,,Confirm Quiksilver alias/team identity and lightweight movement is acceptable. Resolve before post-JO recalibration if possible.,,,,,,,,
18U Boys,32,Long Beach Shore,long-beach-shore-18u-boys,Long Beach Shore,long-beach-shore,provisional_or_identity_review|quiksilver_evidence_review,,,Confirm Quiksilver alias/team identity and lightweight movement is acceptable. Resolve before post-JO recalibration if possible.,,,,,,,,
18U Boys,35,Olympus,olympus-18u-boys,Olympus,olympus,missing_logo_file|provisional_or_identity_review|quiksilver_evidence_review,,,Fix logo path or add canonical logo file. Confirm Quiksilver alias/team identity and lightweight movement is acceptable. Resolve before post-JO recalibration if possible.,,,,,,,,
18U Boys,38,Foothill,foothill-18u-boys,Foothill,foothill,provisional_or_identity_review|quiksilver_evidence_review,,,Confirm Quiksilver alias/team identity and lightweight movement is acceptable. Resolve before post-JO recalibration if possible.,,,,,,,,
18U Boys,39,Alameda WPC,alameda-wpc-18u-boys,Alameda,alameda,provisional_or_identity_review|quiksilver_evidence_review,,,Confirm Quiksilver alias/team identity and lightweight movement is acceptable. Resolve before post-JO recalibration if possible.,,,,,,,,
18U Girls,15,680,680-18u-girls,680,680,provisional_or_identity_review|quiksilver_evidence_review,,,Confirm Quiksilver alias/team identity and lightweight movement is acceptable. Resolve before post-JO recalibration if possible.,,,,,,,,
18U Girls,16,San Diego Shores,san-diego-shores-18u-girls,San Diego Shores,san-diego-shores,provisional_or_identity_review|quiksilver_evidence_review,,,Confirm Quiksilver alias/team identity and lightweight movement is acceptable. Resolve before post-JO recalibration if possible.,,,,,,,,
18U Girls,22,Mid Valley,mid-valley-18u-girls,Mid Valley,mid-valley,official_logo_needed|provisional_or_identity_review|quiksilver_evidence_review,,,Collect official logo screenshot/source when available. Confirm Quiksilver alias/team identity and lightweight movement is acceptable. Resolve before post-JO recalibration if possible.,,,,,,,,
12U Boys,11,Tsunami,tsunami-12u-boys,Rancho Tsunami,rancho-tsunami,manual_review_note_present|quiksilver_evidence_review,,,Confirm Quiksilver alias/team identity and lightweight movement is acceptable.,,,,,,,,
12U Boys,12,Rose Bowl,rose-bowl-12u-boys,Rose Bowl,rose-bowl,manual_review_note_present|quiksilver_evidence_review,,,Confirm Quiksilver alias/team identity and lightweight movement is acceptable.,,,,,,,,
12U Boys,13,SoCal,socal-12u-boys,SOCAL,socal,manual_review_note_present|quiksilver_evidence_review,,,Confirm Quiksilver alias/team identity and lightweight movement is acceptable.,,,,,,,,
12U Boys,15,Patriot Navy,patriot-navy,Patriot,patriot,manual_review_note_present,,,,,,,,,,,
12U Boys,19,San Diego Shores,san-diego-shores,San Diego Shores,sd-shores,manual_review_note_present|quiksilver_evidence_review,,,Confirm Quiksilver alias/team identity and lightweight movement is acceptable.,,,,,,,,
12U Boys,25,LA Premier,la-premier,LA Premier,la-premier,manual_review_note_present|quiksilver_evidence_review,,,Confirm Quiksilver alias/team identity and lightweight movement is acceptable.,,,,,,,,
12U Boys,26,Back Bay,back-bay,Back Bay,back-bay,manual_review_note_present,,,,,,,,,,,
12U Boys,29,OCWPC Blue,ocwpc-blue,OCWPC,ocwpc,manual_review_note_present,,,,,,,,,,,
12U Boys,30,San Mateo,san-mateo,San Mateo,san-mateo,manual_review_note_present|official_logo_needed,,,Collect official logo screenshot/source when available.,,,,,,,,
12U Boys,36,908,908-12u-boys,908,908,manual_review_note_present|quiksilver_evidence_review,,,Confirm Quiksilver alias/team identity and lightweight movement is acceptable.,,,,,,,,
12U Boys,60,NorCal,norcal,NorCal,norcal,manual_review_note_present,,,,,,,,,,,
14U Girls,9,SD Dons,sd-dons-14u-girls,San Diego Dons,sd-dons,manual_review_note_present,,,,,,,,,,,
14U Girls,10,Santa Cruz,santa-cruz-14u-girls,Santa Cruz,santa-cruz,manual_review_note_present,,,,,,,,,,,
14U Girls,26,Viking,viking-14u-girls,Viking,viking,manual_review_note_present|quiksilver_evidence_review,,,Confirm Quiksilver alias/team identity and lightweight movement is acceptable.,,,,,,,,
14U Girls,27,PV Black,pv-black-14u-girls,PV,pv-wpc,manual_review_note_present|quiksilver_evidence_review,,,Confirm Quiksilver alias/team identity and lightweight movement is acceptable.,,,,,,,,
14U Girls,33,San Jose Express,san-jose-express-14u-girls,San Jose Express,san-jose-express,manual_review_note_present,,,,,,,,,,,
14U Girls,51,North Irvine,north-irvine-14u-girls,North Irvine,north-irvine,manual_review_note_present,,,,,,,,,,,
14U Girls,74,CV Premier,cv-premier-14u-girls,CV Premier,cv-premier,manual_review_note_present|official_logo_needed,,,Collect official logo screenshot/source when available.,,,,,,,,
12U Boys,5,Vanguard,vanguard,Vanguard,vanguard,quiksilver_evidence_review,,,Confirm Quiksilver alias/team identity and lightweight movement is acceptable.,,,,,,,,
12U Boys,8,San Jose Express Blue,san-jose-express-blue,SJ Express,sj-express,quiksilver_evidence_review,,,Confirm Quiksilver alias/team identity and lightweight movement is acceptable.,,,,,,,,
12U Boys,14,Temple City,temple-city,Temple City,temple-city,quiksilver_evidence_review,,,Confirm Quiksilver alias/team identity and lightweight movement is acceptable.,,,,,,,,
12U Boys,20,Lamorinda A,lamorinda-a-12u-boys,Lamorinda,lamorinda,quiksilver_evidence_review,,,Confirm Quiksilver alias/team identity and lightweight movement is acceptable.,,,,,,,,
12U Boys,23,NSD Stars,nsd-stars,Nsd Stars,nsd-stars,official_logo_needed|quiksilver_evidence_review,,,Collect official logo screenshot/source when available. Confirm Quiksilver alias/team identity and lightweight movement is acceptable.,,,,,,,,
14U Boys,5,LA Premier A,la-premier-a,LA Premier,la-premier,quiksilver_evidence_review,,,Confirm Quiksilver alias/team identity and lightweight movement is acceptable.,,,,,,,,
14U Boys,6,CIU A,ciu-a,CIU,ciu,quiksilver_evidence_review,,,Confirm Quiksilver alias/team identity and lightweight movement is acceptable.,,,,,,,,
14U Boys,8,OVAC A,ovac-a,OVAC,ovac,quiksilver_evidence_review,,,Confirm Quiksilver alias/team identity and lightweight movement is acceptable.,,,,,,,,
14U Boys,9,908,908,908,908,quiksilver_evidence_review,,,Confirm Quiksilver alias/team identity and lightweight movement is acceptable.,,,,,,,,
14U Boys,11,San Diego Shores A,san-diego-shores-a,San Diego Shores,san-diego-shores,quiksilver_evidence_review,,,Confirm Quiksilver alias/team identity and lightweight movement is acceptable.,,,,,,,,
14U Boys,12,Commerce A,commerce-a,Commerce,commerce,quiksilver_evidence_review,,,Confirm Quiksilver alias/team identity and lightweight movement is acceptable.,,,,,,,,
14U Boys,17,Shore Aquatics A,shore-aquatics-a,Shore Aquatics,shore-aquatics,quiksilver_evidence_review,,,Confirm Quiksilver alias/team identity and lightweight movement is acceptable.,,,,,,,,
14U Boys,18,Rancho Tsunami A,rancho-tsunami-a,Rancho Tsunami,rancho-tsunami,quiksilver_evidence_review,,,Confirm Quiksilver alias/team identity and lightweight movement is acceptable.,,,,,,,,
14U Boys,21,CDM A,cdm-a,CDM,cdm,quiksilver_evidence_review,,,Confirm Quiksilver alias/team identity and lightweight movement is acceptable.,,,,,,,,
14U Boys,92,Route 66 Aquatics A,route-66-aquatics-a,Route 66 Aquatics,route-66-aquatics,official_logo_needed|quiksilver_evidence_review,,,Collect official logo screenshot/source when available. Confirm Quiksilver alias/team identity and lightweight movement is acceptable.,,,,,,,,
14U Girls,3,908,908-14u-girls,908,908,quiksilver_evidence_review,,,Confirm Quiksilver alias/team identity and lightweight movement is acceptable.,,,,,,,,
14U Girls,18,Arroyo Grande,arroyo-grande-14u-girls,Arroyo Grande,arroyo-grande,quiksilver_evidence_review,,,Confirm Quiksilver alias/team identity and lightweight movement is acceptable.,,,,,,,,
14U Girls,19,Davis,davis-14u-girls,Davis,davis,quiksilver_evidence_review,,,Confirm Quiksilver alias/team identity and lightweight movement is acceptable.,,,,,,,,
14U Girls,22,Rose Bowl,rose-bowl-14u-girls,Rose Bowl,rose-bowl,quiksilver_evidence_review,,,Confirm Quiksilver alias/team identity and lightweight movement is acceptable.,,,,,,,,
14U Girls,25,Long Beach Shore,long-beach-shore-14u-girls,Long Beach Shore,long-beach-shore,quiksilver_evidence_review,,,Confirm Quiksilver alias/team identity and lightweight movement is acceptable.,,,,,,,,
16U Boys,2,Imperial,imperial-16u-boys,Imperial,imperial,quiksilver_evidence_review,,,Confirm Quiksilver alias/team identity and lightweight movement is acceptable.,,,,,,,,
16U Boys,5,Mission,mission-16u-boys,Mission,mission,quiksilver_evidence_review,,,Confirm Quiksilver alias/team identity and lightweight movement is acceptable.,,,,,,,,
16U Boys,7,Berkeley WPC,berkeley-wpc-16u-boys,Berkeley WPC,berkeley-wpc,official_logo_needed|quiksilver_evidence_review,,,Collect official logo screenshot/source when available. Confirm Quiksilver alias/team identity and lightweight movement is acceptable.,,,,,,,,
16U Boys,9,ORWP A,orwp-a-16u-boys,ORWP,orwp,quiksilver_evidence_review,,,Confirm Quiksilver alias/team identity and lightweight movement is acceptable.,,,,,,,,
16U Boys,10,LA Premier,la-premier-16u-boys,LA Premier,la-premier,quiksilver_evidence_review,,,Confirm Quiksilver alias/team identity and lightweight movement is acceptable.,,,,,,,,
16U Boys,16,Carlsbad,carlsbad-16u-boys,Carlsbad,carlsbad,quiksilver_evidence_review,,,Confirm Quiksilver alias/team identity and lightweight movement is acceptable.,,,,,,,,
16U Boys,18,San Clemente,san-clemente-16u-boys,San Clemente,san-clemente,quiksilver_evidence_review,,,Confirm Quiksilver alias/team identity and lightweight movement is acceptable.,,,,,,,,
16U Boys,19,Greenwich,greenwich-16u-boys,Greenwich,greenwich,quiksilver_evidence_review,,,Confirm Quiksilver alias/team identity and lightweight movement is acceptable.,,,,,,,,
16U Boys,21,OCWPC Blue,ocwpc-blue-16u-boys,OCWPC,ocwpc,quiksilver_evidence_review,,,Confirm Quiksilver alias/team identity and lightweight movement is acceptable.,,,,,,,,
16U Boys,22,Aetos,aetos-16u-boys,Aetos,aetos,quiksilver_evidence_review,,,Confirm Quiksilver alias/team identity and lightweight movement is acceptable.,,,,,,,,
16U Boys,23,Thunder,thunder-16u-boys,Thunder,thunder,official_logo_needed|quiksilver_evidence_review,,,Collect official logo screenshot/source when available. Confirm Quiksilver alias/team identity and lightweight movement is acceptable.,,,,,,,,
16U Boys,24,Commerce,commerce-16u-boys,Commerce,commerce,quiksilver_evidence_review,,,Confirm Quiksilver alias/team identity and lightweight movement is acceptable.,,,,,,,,
16U Boys,27,CDM,cdm-16u-boys,CDM,cdm,quiksilver_evidence_review,,,Confirm Quiksilver alias/team identity and lightweight movement is acceptable.,,,,,,,,
16U Boys,28,680 A,680-a-16u-boys,680,680,quiksilver_evidence_review,,,Confirm Quiksilver alias/team identity and lightweight movement is acceptable.,,,,,,,,
16U Boys,30,SHAQ,shaq-16u-boys,SHAQ,shaq,quiksilver_evidence_review,,,Confirm Quiksilver alias/team identity and lightweight movement is acceptable.,,,,,,,,
16U Boys,33,Supreme,supreme-16u-boys,Supreme,supreme,quiksilver_evidence_review,,,Confirm Quiksilver alias/team identity and lightweight movement is acceptable.,,,,,,,,
16U Boys,34,Asphalt Green,asphalt-green-16u-boys,Asphalt Green,asphalt-green,official_logo_needed|quiksilver_evidence_review,,,Collect official logo screenshot/source when available. Confirm Quiksilver alias/team identity and lightweight movement is acceptable.,,,,,,,,
16U Boys,35,Back Bay,back-bay-16u-boys,Back Bay,back-bay,quiksilver_evidence_review,,,Confirm Quiksilver alias/team identity and lightweight movement is acceptable.,,,,,,,,
16U Boys,36,Monarch WPC,monarch-wpc-16u-boys,Monarch WPC,monarch-wpc,official_logo_needed|quiksilver_evidence_review,,,Collect official logo screenshot/source when available. Confirm Quiksilver alias/team identity and lightweight movement is acceptable.,,,,,,,,
16U Boys,37,CMAC,cmac-16u-boys,CMAC,cmac,official_logo_needed|quiksilver_evidence_review,,,Collect official logo screenshot/source when available. Confirm Quiksilver alias/team identity and lightweight movement is acceptable.,,,,,,,,
16U Boys,38,SoCal,socal-16u-boys,SoCal,socal,quiksilver_evidence_review,,,Confirm Quiksilver alias/team identity and lightweight movement is acceptable.,,,,,,,,
16U Boys,39,CT Premier,ct-premier-16u-boys,CT Premier,ct-premier,official_logo_needed|quiksilver_evidence_review,,,Collect official logo screenshot/source when available. Confirm Quiksilver alias/team identity and lightweight movement is acceptable.,,,,,,,,
16U Boys,40,BOA,boa-16u-boys,BOA,boa,official_logo_needed|quiksilver_evidence_review,,,Collect official logo screenshot/source when available. Confirm Quiksilver alias/team identity and lightweight movement is acceptable.,,,,,,,,
16U Boys,45,Trilogy,trilogy-16u-boys,Trilogy,trilogy,official_logo_needed|quiksilver_evidence_review,,,Collect official logo screenshot/source when available. Confirm Quiksilver alias/team identity and lightweight movement is acceptable.,,,,,,,,
16U Boys,47,Foothill,foothill-16u-boys,Foothill,foothill,quiksilver_evidence_review,,,Confirm Quiksilver alias/team identity and lightweight movement is acceptable.,,,,,,,,
16U Boys,48,SD ECA,sd-eca-16u-boys,SD ECA,sd-eca,official_logo_needed|quiksilver_evidence_review,,,Collect official logo screenshot/source when available. Confirm Quiksilver alias/team identity and lightweight movement is acceptable.,,,,,,,,
16U Boys,49,SD Dons,sd-dons-16u-boys,SD Dons,sd-dons,quiksilver_evidence_review,,,Confirm Quiksilver alias/team identity and lightweight movement is acceptable.,,,,,,,,
16U Boys,50,LV Legends,lv-legends-16u-boys,LV Legends,lv-legends,official_logo_needed|quiksilver_evidence_review,,,Collect official logo screenshot/source when available. Confirm Quiksilver alias/team identity and lightweight movement is acceptable.,,,,,,,,
16U Boys,52,Sj Foundation,sj-foundation-16u-boys,Sj Foundation,sj-foundation,official_logo_needed|quiksilver_evidence_review,,,Collect official logo screenshot/source when available. Confirm Quiksilver alias/team identity and lightweight movement is acceptable.,,,,,,,,
16U Boys,56,Santa Cruz,santa-cruz-16u-boys,Santa Cruz,santa-cruz,quiksilver_evidence_review,,,Confirm Quiksilver alias/team identity and lightweight movement is acceptable.,,,,,,,,
16U Boys,58,Loyola Wpc,loyola-wpc-16u-boys,Loyola Wpc,loyola-wpc,official_logo_needed|quiksilver_evidence_review,,,Collect official logo screenshot/source when available. Confirm Quiksilver alias/team identity and lightweight movement is acceptable.,,,,,,,,
16U Boys,59,Shore Aquatics B,shore-aquatics-b-16u-boys,Shore Aquatics,shore-aquatics,quiksilver_evidence_review,,,Confirm Quiksilver alias/team identity and lightweight movement is acceptable.,,,,,,,,
16U Boys,60,Mid Pen,mid-pen-16u-boys,Mid Pen,mid-pen,official_logo_needed|quiksilver_evidence_review,,,Collect official logo screenshot/source when available. Confirm Quiksilver alias/team identity and lightweight movement is acceptable.,,,,,,,,
16U Boys,62,Hieland,hieland-16u-boys,Hieland,hieland,official_logo_needed|quiksilver_evidence_review,,,Collect official logo screenshot/source when available. Confirm Quiksilver alias/team identity and lightweight movement is acceptable.,,,,,,,,
16U Boys,64,Brea Olinda,brea-olinda-16u-boys,Brea Olinda,brea-olinda,official_logo_needed|quiksilver_evidence_review,,,Collect official logo screenshot/source when available. Confirm Quiksilver alias/team identity and lightweight movement is acceptable.,,,,,,,,
16U Boys,65,Cal Republic,cal-republic-16u-boys,Cal Rep,cal-rep,official_logo_needed|quiksilver_evidence_review,,,Collect official logo screenshot/source when available. Confirm Quiksilver alias/team identity and lightweight movement is acceptable.,,,,,,,,
16U Boys,66,Big Valley,big-valley-16u-boys,Big Valley,big-valley,official_logo_needed|quiksilver_evidence_review,,,Collect official logo screenshot/source when available. Confirm Quiksilver alias/team identity and lightweight movement is acceptable.,,,,,,,,
16U Boys,69,Devils Gate,devils-gate-16u-boys,Devil's Gate,devils-gate,official_logo_needed|quiksilver_evidence_review,,,Collect official logo screenshot/source when available. Confirm Quiksilver alias/team identity and lightweight movement is acceptable.,,,,,,,,
16U Boys,70,Tsunami,tsunami-16u-boys,Rancho Tsunami,rancho-tsunami,quiksilver_evidence_review,,,Confirm Quiksilver alias/team identity and lightweight movement is acceptable.,,,,,,,,
16U Boys,71,Clovis,clovis-16u-boys,Clovis,clovis,official_logo_needed|quiksilver_evidence_review,,,Collect official logo screenshot/source when available. Confirm Quiksilver alias/team identity and lightweight movement is acceptable.,,,,,,,,
16U Boys,73,Wcac United,wcac-united-16u-boys,Wcac United,wcac-united,official_logo_needed|quiksilver_evidence_review,,,Collect official logo screenshot/source when available. Confirm Quiksilver alias/team identity and lightweight movement is acceptable.,,,,,,,,
16U Boys,74,Elite,elite-16u-boys,Elite,elite,official_logo_needed|quiksilver_evidence_review,,,Collect official logo screenshot/source when available. Confirm Quiksilver alias/team identity and lightweight movement is acceptable.,,,,,,,,
16U Boys,75,Titans,titans-16u-boys,Titans,titans,quiksilver_evidence_review,,,Confirm Quiksilver alias/team identity and lightweight movement is acceptable.,,,,,,,,
16U Girls,14,Tsunami,tsunami-16u-girls,Rancho Tsunami,rancho-tsunami,quiksilver_evidence_review,,,Confirm Quiksilver alias/team identity and lightweight movement is acceptable.,,,,,,,,
16U Girls,17,Commerce,commerce-16u-girls,Commerce,commerce,quiksilver_evidence_review,,,Confirm Quiksilver alias/team identity and lightweight movement is acceptable.,,,,,,,,
16U Girls,19,CHAWP B,chawp-b-16u-girls,CHAWP,chawp,quiksilver_evidence_review,,,Confirm Quiksilver alias/team identity and lightweight movement is acceptable.,,,,,,,,
16U Girls,21,Palos Verdes,palos-verdes-16u-girls,Palos Verdes,palos-verdes,quiksilver_evidence_review,,,Confirm Quiksilver alias/team identity and lightweight movement is acceptable.,,,,,,,,
16U Girls,22,SoCal,socal-16u-girls,SoCal,socal,quiksilver_evidence_review,,,Confirm Quiksilver alias/team identity and lightweight movement is acceptable.,,,,,,,,
16U Girls,23,Legacy,legacy-16u-girls,Legacy,legacy,quiksilver_evidence_review,,,Confirm Quiksilver alias/team identity and lightweight movement is acceptable.,,,,,,,,
16U Girls,24,Temple City,temple-city-16u-girls,Temple City,temple-city,quiksilver_evidence_review,,,Confirm Quiksilver alias/team identity and lightweight movement is acceptable.,,,,,,,,
16U Girls,26,CIU,ciu-16u-girls,CIU,ciu,quiksilver_evidence_review,,,Confirm Quiksilver alias/team identity and lightweight movement is acceptable.,,,,,,,,
16U Girls,27,Arroyo Grande,arroyo-grande-16u-girls,Arroyo Grande,arroyogrande,official_logo_needed|quiksilver_evidence_review,,,Collect official logo screenshot/source when available. Confirm Quiksilver alias/team identity and lightweight movement is acceptable.,,,,,,,,
16U Girls,29,Asphalt Green,asphalt-green-16u-girls,Asphalt Green,asphalt-green,official_logo_needed|quiksilver_evidence_review,,,Collect official logo screenshot/source when available. Confirm Quiksilver alias/team identity and lightweight movement is acceptable.,,,,,,,,
16U Girls,30,Rose Bowl,rose-bowl-16u-girls,Rose Bowl,rose-bowl,quiksilver_evidence_review,,,Confirm Quiksilver alias/team identity and lightweight movement is acceptable.,,,,,,,,
16U Girls,31,Viking White,viking-white-16u-girls,Viking,viking,quiksilver_evidence_review|same_club_multiple_teams_in_group,,LB Viking #18 depth=1,Confirm A/B/C/color team hierarchy and canonical naming. Confirm Quiksilver alias/team identity and lightweight movement is acceptable.,,,,,,,,
16U Girls,32,Bulldog,bulldog-16u-girls,Bulldog,bulldog,official_logo_needed|quiksilver_evidence_review,,,Collect official logo screenshot/source when available. Confirm Quiksilver alias/team identity and lightweight movement is acceptable.,,,,,,,,
16U Girls,33,Clovis,clovis-16u-girls,Clovis,clovis,official_logo_needed|quiksilver_evidence_review,,,Collect official logo screenshot/source when available. Confirm Quiksilver alias/team identity and lightweight movement is acceptable.,,,,,,,,
16U Girls,34,CDM,cdm-16u-girls,CDM,cdm,quiksilver_evidence_review,,,Confirm Quiksilver alias/team identity and lightweight movement is acceptable.,,,,,,,,
18U Boys,2,CC United,cc-united-18u-boys,CC United,cc-united,quiksilver_evidence_review,,,Confirm Quiksilver alias/team identity and lightweight movement is acceptable.,,,,,,,,
18U Boys,3,Mission,mission-18u-boys,Mission,mission,quiksilver_evidence_review,,,Confirm Quiksilver alias/team identity and lightweight movement is acceptable.,,,,,,,,
18U Boys,5,North Irvine,north-irvine-18u-boys,North Irvine,north-irvine,quiksilver_evidence_review,,,Confirm Quiksilver alias/team identity and lightweight movement is acceptable.,,,,,,,,
18U Boys,12,South Coast,south-coast-18u-boys,South Coast,south-coast,quiksilver_evidence_review,,,Confirm Quiksilver alias/team identity and lightweight movement is acceptable.,,,,,,,,
18U Boys,13,Tsunami,tsunami-18u-boys,Rancho Tsunami,rancho-tsunami,quiksilver_evidence_review,,,Confirm Quiksilver alias/team identity and lightweight movement is acceptable.,,,,,,,,
18U Boys,14,Supreme,supreme-18u-boys,Supreme,supreme,quiksilver_evidence_review,,,Confirm Quiksilver alias/team identity and lightweight movement is acceptable.,,,,,,,,
18U Boys,20,Commerce,commerce-18u-boys,Commerce,commerce,quiksilver_evidence_review,,,Confirm Quiksilver alias/team identity and lightweight movement is acceptable.,,,,,,,,
18U Boys,21,San Diego Shores,san-diego-shores-18u-boys,San Diego Shores,san-diego-shores,quiksilver_evidence_review,,,Confirm Quiksilver alias/team identity and lightweight movement is acceptable.,,,,,,,,
18U Boys,24,SET,set-18u-boys,SET,set,quiksilver_evidence_review,,,Confirm Quiksilver alias/team identity and lightweight movement is acceptable.,,,,,,,,
18U Boys,25,Hieland,hieland-18u-boys,Hieland,hieland,official_logo_needed|quiksilver_evidence_review,,,Collect official logo screenshot/source when available. Confirm Quiksilver alias/team identity and lightweight movement is acceptable.,,,,,,,,
18U Boys,27,San Francisco,san-francisco-18u-boys,San Francisco,san-francisco,official_logo_needed|quiksilver_evidence_review,,,Collect official logo screenshot/source when available. Confirm Quiksilver alias/team identity and lightweight movement is acceptable.,,,,,,,,
18U Boys,29,PAC Orange,pac-orange-18u-boys,PAC Orange,pac-orange,official_logo_needed|quiksilver_evidence_review,,,Collect official logo screenshot/source when available. Confirm Quiksilver alias/team identity and lightweight movement is acceptable.,,,,,,,,
18U Boys,33,Diablo Alliance A,diablo-alliance-a-18u-boys,Diablo Alliance,diablo-alliance,quiksilver_evidence_review,,,Confirm Quiksilver alias/team identity and lightweight movement is acceptable.,,,,,,,,
18U Boys,34,Route 66,route-66-18u-boys,Route 66,route-66,official_logo_needed|quiksilver_evidence_review,,,Collect official logo screenshot/source when available. Confirm Quiksilver alias/team identity and lightweight movement is acceptable.,,,,,,,,
18U Boys,36,American River,american-river-18u-boys,American River,american-river,quiksilver_evidence_review,,,Confirm Quiksilver alias/team identity and lightweight movement is acceptable.,,,,,,,,
18U Boys,37,La Jolla United B,la-jolla-united-b-18u-boys,La Jolla United,la-jolla-united,quiksilver_evidence_review,,,Confirm Quiksilver alias/team identity and lightweight movement is acceptable.,,,,,,,,
18U Boys,40,San Jose Express,san-jose-express-18u-boys,San Jose Express,sj-express,quiksilver_evidence_review,,,Confirm Quiksilver alias/team identity and lightweight movement is acceptable.,,,,,,,,
18U Boys,42,SFV,sfv-18u-boys,SFV,sfv,official_logo_needed|quiksilver_evidence_review,,,Collect official logo screenshot/source when available. Confirm Quiksilver alias/team identity and lightweight movement is acceptable.,,,,,,,,
18U Boys,44,Rose Bowl,rose-bowl-18u-boys,Rose Bowl,rose-bowl,quiksilver_evidence_review,,,Confirm Quiksilver alias/team identity and lightweight movement is acceptable.,,,,,,,,
18U Boys,45,Yeti,yeti-18u-boys,Yeti,yeti,official_logo_needed|quiksilver_evidence_review,,,Collect official logo screenshot/source when available. Confirm Quiksilver alias/team identity and lightweight movement is acceptable.,,,,,,,,
18U Girls,7,Mission,mission-18u-girls,Mission,mission,quiksilver_evidence_review,,,Confirm Quiksilver alias/team identity and lightweight movement is acceptable.,,,,,,,,
18U Girls,8,Rose Bowl,rose-bowl-18u-girls,Rose Bowl,rose-bowl,quiksilver_evidence_review,,,Confirm Quiksilver alias/team identity and lightweight movement is acceptable.,,,,,,,,
18U Girls,10,Foothill,foothill-18u-girls,Foothill,foothill,quiksilver_evidence_review,,,Confirm Quiksilver alias/team identity and lightweight movement is acceptable.,,,,,,,,
18U Girls,11,Legacy,legacy-18u-girls,Legacy,legacy,quiksilver_evidence_review,,,Confirm Quiksilver alias/team identity and lightweight movement is acceptable.,,,,,,,,
18U Girls,12,Stanford A,stanford-a-18u-girls,Stanford,stanford,quiksilver_evidence_review,,,Confirm Quiksilver alias/team identity and lightweight movement is acceptable.,,,,,,,,
18U Girls,13,Santa Cruz,santa-cruz-18u-girls,Santa Cruz,santa-cruz,quiksilver_evidence_review,,,Confirm Quiksilver alias/team identity and lightweight movement is acceptable.,,,,,,,,
18U Girls,14,Palos Verdes,palos-verdes-18u-girls,Palos Verdes,palos-verdes,quiksilver_evidence_review,,,Confirm Quiksilver alias/team identity and lightweight movement is acceptable.,,,,,,,,
18U Girls,18,Tsunami,tsunami-18u-girls,Rancho Tsunami,rancho-tsunami,quiksilver_evidence_review,,,Confirm Quiksilver alias/team identity and lightweight movement is acceptable.,,,,,,,,
18U Girls,19,Seaside,seaside-18u-girls,Seaside,seaside,official_logo_needed|quiksilver_evidence_review,,,Collect official logo screenshot/source when available. Confirm Quiksilver alias/team identity and lightweight movement is acceptable.,,,,,,,,
18U Girls,21,Davis,davis-18u-girls,Davis,davis,quiksilver_evidence_review,,,Confirm Quiksilver alias/team identity and lightweight movement is acceptable.,,,,,,,,
18U Girls,24,Clovis,clovis-18u-girls,Clovis,clovis,official_logo_needed|quiksilver_evidence_review,,,Collect official logo screenshot/source when available. Confirm Quiksilver alias/team identity and lightweight movement is acceptable.,,,,,,,,
18U Girls,25,OVAC,ovac-18u-girls,OVAC,ovac,quiksilver_evidence_review,,,Confirm Quiksilver alias/team identity and lightweight movement is acceptable.,,,,,,,,
18U Girls,26,San Clemente,san-clemente-18u-girls,San Clemente,san-clemente,quiksilver_evidence_review,,,Confirm Quiksilver alias/team identity and lightweight movement is acceptable.,,,,,,,,
18U Girls,27,Bulldog,bulldog-18u-girls,Bulldog,bulldog,official_logo_needed|quiksilver_evidence_review,,,Collect official logo screenshot/source when available. Confirm Quiksilver alias/team identity and lightweight movement is acceptable.,,,,,,,,
18U Girls,28,South Coast,south-coast-18u-girls,South Coast,south-coast,quiksilver_evidence_review,,,Confirm Quiksilver alias/team identity and lightweight movement is acceptable.,,,,,,,,
18U Girls,29,Patriot,patriot-18u-girls,Patriot,patriot,quiksilver_evidence_review,,,Confirm Quiksilver alias/team identity and lightweight movement is acceptable.,,,,,,,,
18U Girls,33,Asphalt Green,asphalt-green-18u-girls,Asphalt Green,asphalt-green,official_logo_needed|quiksilver_evidence_review,,,Collect official logo screenshot/source when available. Confirm Quiksilver alias/team identity and lightweight movement is acceptable.,,,,,,,,
18U Girls,34,Commerce,commerce-18u-girls,Commerce,commerce,quiksilver_evidence_review,,,Confirm Quiksilver alias/team identity and lightweight movement is acceptable.,,,,,,,,
18U Girls,35,North Irvine,north-irvine-18u-girls,North Irvine,north-irvine,quiksilver_evidence_review,,,Confirm Quiksilver alias/team identity and lightweight movement is acceptable.,,,,,,,,
18U Girls,36,Thunder,thunder-18u-girls,Thunder,thunder,official_logo_needed|quiksilver_evidence_review,,,Collect official logo screenshot/source when available. Confirm Quiksilver alias/team identity and lightweight movement is acceptable.,,,,,,,,
18U Girls,37,Sand Canyon,sand-canyon-18u-girls,Sand Canyon,sand-canyon,quiksilver_evidence_review,,,Confirm Quiksilver alias/team identity and lightweight movement is acceptable.,,,,,,,,
12U Boys,33,SMAC Black,smac-black,Smac,smac,official_logo_needed,,,Collect official logo screenshot/source when available.,,,,,,,,
12U Boys,34,San Jose Foundation Black,san-jose-foundation-black,SJ Foundation,sj-foundation,official_logo_needed,,,Collect official logo screenshot/source when available.,,,,,,,,
12U Boys,38,San Jose Wpf,san-jose-wpf,San Jose Wpf,san-jose-wpf,official_logo_needed,,,Collect official logo screenshot/source when available.,,,,,,,,
12U Boys,39,ECA,eca,SD ECA,sd-eca,official_logo_needed,,,Collect official logo screenshot/source when available.,,,,,,,,
12U Boys,41,Sharks,sharks,Sharks,sharks,official_logo_needed,,,Collect official logo screenshot/source when available.,,,,,,,,
12U Boys,43,Trilogy,trilogy,Trilogy,trilogy,official_logo_needed,,,Collect official logo screenshot/source when available.,,,,,,,,
12U Boys,51,Farallon,farallon,Farallon,farallon,official_logo_needed,,,Collect official logo screenshot/source when available.,,,,,,,,
12U Boys,53,CMAC,cmac,Cmac,cmac,official_logo_needed,,,Collect official logo screenshot/source when available.,,,,,,,,
12U Boys,55,Whittier,whittier,Whittier,whittier,official_logo_needed,,,Collect official logo screenshot/source when available.,,,,,,,,
12U Boys,63,PAC,pac,Pasadena AC,pasadena-ac,official_logo_needed,,,Collect official logo screenshot/source when available.,,,,,,,,
12U Boys,79,Poway Valley,poway-valley,Poway Valley,poway-valley,official_logo_needed,,,Collect official logo screenshot/source when available.,,,,,,,,
12U Boys,81,La City United,la-city-united,La City United,la-city-united,official_logo_needed,,,Collect official logo screenshot/source when available.,,,,,,,,
12U Boys,85,NGen,ngen,Ngen,ngen,official_logo_needed,,,Collect official logo screenshot/source when available.,,,,,,,,
12U Girls,36,CMAC,cmac-12u-girls,CMAC,cmac,official_logo_needed,,,Collect official logo screenshot/source when available.,,,,,,,,
12U Girls,37,Whittier,whittier-12u-girls,Whittier,whittier,official_logo_needed,,,Collect official logo screenshot/source when available.,,,,,,,,
14U Boys,29,Devils Gate A,devils-gate-a,Devils Gate,devils-gate,official_logo_needed,,,Collect official logo screenshot/source when available.,,,,,,,,
14U Boys,37,Pegasus A,pegasus-a,Pegasus,pegasus,official_logo_needed,,,Collect official logo screenshot/source when available.,,,,,,,,
14U Boys,46,Northwest A,northwest-a,Northwest,northwest,official_logo_needed,,,Collect official logo screenshot/source when available.,,,,,,,,
14U Boys,48,Kingsburg A,kingsburg-a,Kingsburg,kingsburg,official_logo_needed,,,Collect official logo screenshot/source when available.,,,,,,,,
14U Boys,61,San Francisco A,san-francisco-a,San Francisco,san-francisco,official_logo_needed,,,Collect official logo screenshot/source when available.,,,,,,,,
14U Boys,62,CVU A,cvu-a,CVU,cvu,official_logo_needed,,,Collect official logo screenshot/source when available.,,,,,,,,
14U Boys,63,Poway Valley Black,poway-valley-black,Poway Valley Black,poway-valley-black,official_logo_needed,,,Collect official logo screenshot/source when available.,,,,,,,,
14U Boys,67,Sharks A,sharks-a,Sharks,sharks,official_logo_needed,,,Collect official logo screenshot/source when available.,,,,,,,,
14U Boys,68,Pasadena AC A,pasadena-ac-a,Pasadena AC,pasadena-ac,official_logo_needed,,,Collect official logo screenshot/source when available.,,,,,,,,
14U Boys,72,Loyola WPC A,loyola-wpc-a,Loyola WPC,loyola-wpc,official_logo_needed,,,Collect official logo screenshot/source when available.,,,,,,,,
14U Boys,74,Hieland A,hieland-a,Hieland,hieland,official_logo_needed,,,Collect official logo screenshot/source when available.,,,,,,,,
14U Boys,79,Gold Coast A,gold-coast-a,Gold Coast,gold-coast,official_logo_needed,,,Collect official logo screenshot/source when available.,,,,,,,,
14U Boys,81,Brea Olinda Gold,brea-olinda-gold,Brea Olinda Gold,brea-olinda-gold,official_logo_needed,,,Collect official logo screenshot/source when available.,,,,,,,,
14U Boys,82,SD ECA A,sd-eca-a,SD ECA,sd-eca,official_logo_needed,,,Collect official logo screenshot/source when available.,,,,,,,,
14U Boys,86,Nado A,nado-a,Nado,nado,official_logo_needed,,,Collect official logo screenshot/source when available.,,,,,,,,
14U Boys,88,CT Premier A,ct-premier-a,CT Premier,ct-premier,official_logo_needed,,,Collect official logo screenshot/source when available.,,,,,,,,
14U Boys,94,Burlingame A,burlingame-a,Burlingame,burlingame,official_logo_needed,,,Collect official logo screenshot/source when available.,,,,,,,,
14U Boys,95,Trilogy A,trilogy-a,Trilogy,trilogy,official_logo_needed,,,Collect official logo screenshot/source when available.,,,,,,,,
14U Boys,99,Triton Gold,triton-gold,Triton Gold,triton-gold,official_logo_needed,,,Collect official logo screenshot/source when available.,,,,,,,,
14U Boys,101,BOA A,boa-a,BOA,boa,official_logo_needed,,,Collect official logo screenshot/source when available.,,,,,,,,
14U Boys,102,Midpen A,midpen-a,Midpen,midpen,official_logo_needed,,,Collect official logo screenshot/source when available.,,,,,,,,
14U Boys,106,Tri-Valley Tritons A,tri-valley-tritons-a,Tri-Valley Tritons,tri-valley-tritons,official_logo_needed,,,Collect official logo screenshot/source when available.,,,,,,,,
14U Girls,31,Rogue 619,rogue-619-14u-girls,Rogue 619,rogue-619,official_logo_needed,,,Collect official logo screenshot/source when available.,,,,,,,,
14U Girls,36,Asphalt Green,asphalt-green-14u-girls,Asphalt Green,asphalt-green,official_logo_needed,,,Collect official logo screenshot/source when available.,,,,,,,,
14U Girls,37,Mavericks,mavericks-14u-girls,Mavericks,mavericks,official_logo_needed,,,Collect official logo screenshot/source when available.,,,,,,,,
14U Girls,38,PAC Premier,pac-premier-14u-girls,PAC Premier,pac-premier,official_logo_needed,,,Collect official logo screenshot/source when available.,,,,,,,,
14U Girls,39,Thunder,thunder-14u-girls,Thunder,thunder,official_logo_needed,,,Collect official logo screenshot/source when available.,,,,,,,,
14U Girls,41,Sharks,sharks-14u-girls,Sharks,sharks,official_logo_needed,,,Collect official logo screenshot/source when available.,,,,,,,,
14U Girls,42,Praetorian,praetorian-14u-girls,Praetorian,praetorian,official_logo_needed,,,Collect official logo screenshot/source when available.,,,,,,,,
14U Girls,43,Big Valley,big-valley-14u-girls,Big Valley,big-valley,official_logo_needed,,,Collect official logo screenshot/source when available.,,,,,,,,
14U Girls,45,Central Coast,central-coast-14u-girls,Central Coast,central-coast,official_logo_needed,,,Collect official logo screenshot/source when available.,,,,,,,,
14U Girls,46,Gold Coast,gold-coast-14u-girls,Gold Coast,gold-coast,official_logo_needed,,,Collect official logo screenshot/source when available.,,,,,,,,
14U Girls,47,Seaside,seaside-14u-girls,Seaside,seaside,official_logo_needed,,,Collect official logo screenshot/source when available.,,,,,,,,
14U Girls,49,Elite,elite-14u-girls,Elite,elite,official_logo_needed,,,Collect official logo screenshot/source when available.,,,,,,,,
14U Girls,50,ECA,eca-14u-girls,ECA,sd-eca,official_logo_needed,,,Collect official logo screenshot/source when available.,,,,,,,,
14U Girls,55,Honolulu Water Polo,honolulu-water-polo-14u-girls,Honolulu Water Polo,honolulu-water-polo,official_logo_needed,,,Collect official logo screenshot/source when available.,,,,,,,,
14U Girls,56,Innis Arden,innis-arden-14u-girls,Innis Arden,innis-arden,official_logo_needed,,,Collect official logo screenshot/source when available.,,,,,,,,
14U Girls,59,PAC Orange,pac-orange-14u-girls,PAC Orange,pac-orange,official_logo_needed,,,Collect official logo screenshot/source when available.,,,,,,,,
14U Girls,60,LOWPO,lowpo-14u-girls,LOWPO,lowpo,official_logo_needed,,,Collect official logo screenshot/source when available.,,,,,,,,
14U Girls,65,Mid Valley,mid-valley-14u-girls,Mid Valley,mid-valley,official_logo_needed,,,Collect official logo screenshot/source when available.,,,,,,,,
14U Girls,68,Northwest,northwest-14u-girls,Northwest,northwest,official_logo_needed,,,Collect official logo screenshot/source when available.,,,,,,,,
14U Girls,70,South Bay United,south-bay-united-14u-girls,South Bay United,south-bay-united,official_logo_needed,,,Collect official logo screenshot/source when available.,,,,,,,,
14U Girls,76,Trilogy,trilogy-14u-girls,Trilogy,trilogy,official_logo_needed,,,Collect official logo screenshot/source when available.,,,,,,,,
14U Girls,77,CCWP,ccwp-14u-girls,CCWP,ccwp,official_logo_needed,,,Collect official logo screenshot/source when available.,,,,,,,,
16U Girls,4,Meridian,meridian-16u-girls,Meridian,meridian,official_logo_needed,,,Collect official logo screenshot/source when available.,,,,,,,,
16U Girls,15,Club Daygo,club-daygo-16u-girls,Club Daygo,club-daygo,official_logo_needed,,,Collect official logo screenshot/source when available.,,,,,,,,
18U Boys,18,TSM,tsm-18u-boys,TSM,tsm,official_logo_needed,,,Collect official logo screenshot/source when available.,,,,,,,,
14U Girls,71,Los Alamitos,los-alamitos-14u-girls,Los Alamitos,los-alamitos,same_club_multiple_teams_in_group,,Los Alamitos Garnet #69 depth=2,Confirm A/B/C/color team hierarchy and canonical naming.,,,,,,,,
