participantId,name,season,ageGroup,gender,group,canonicalClubId,identityStatus,aliases,sources
tournament-team-2026-10u-boys-680-blue,680 BLUE,2026,10U,Boys,10U Boys,,tournament_only_team,680 BLUE | D2(21)-680 BLUE,2026-jo-weekend-2|10u-championship
tournament-team-2026-10u-boys-680-red,680 RED,2026,10U,Boys,10U Boys,,tournament_only_team,680 RED | K1(11)-680 RED,2026-jo-weekend-2|10u-championship
tournament-team-2026-10u-boys-680-white,680 WHITE,2026,10U,Boys,10U Boys,,tournament_only_team,680 WHITE | H3(32)-680 WHITE,2026-jo-weekend-2|10u-championship
tournament-team-2026-10u-boys-908-yellow,908 YELLOW,2026,10U,Boys,10U Boys,,tournament_only_team,908 YELLOW | H1(8)-908 YELLOW,2026-jo-weekend-2|10u-championship
tournament-team-2026-10u-boys-cal-republic,CAL REPUBLIC,2026,10U,Boys,10U Boys,,tournament_only_team,CAL REPUBLIC | J2(15)-CAL REPUBLIC,2026-jo-weekend-2|10u-championship
tournament-team-2026-10u-boys-cc-united-black,CC UNITED BLACK,2026,10U,Boys,10U Boys,,tournament_only_team,CC UNITED BLACK | I2(16)-CC UNITED BLACK,2026-jo-weekend-2|10u-championship
tournament-team-2026-10u-boys-cc-united-blue,CC UNITED BLUE,2026,10U,Boys,10U Boys,,tournament_only_team,B2(23)-CC UNITED BLUE | CC UNITED BLUE,2026-jo-weekend-2|10u-championship
tournament-team-2026-10u-boys-cdm-blue,CDM BLUE,2026,10U,Boys,10U Boys,,tournament_only_team,CDM BLUE | F1(6)-CDM BLUE,2026-jo-weekend-2|10u-championship
tournament-team-2026-10u-boys-cdm-white,CDM WHITE,2026,10U,Boys,10U Boys,,tournament_only_team,CDM WHITE | F3(30)-CDM WHITE,2026-jo-weekend-2|10u-championship
tournament-team-2026-10u-boys-commerce,COMMERCE,2026,10U,Boys,10U Boys,club-commerce,canonical_club_tournament_team,COMMERCE | D1(4)-COMMERCE,2026-jo-weekend-2|10u-championship
tournament-team-2026-10u-boys-elite,ELITE,2026,10U,Boys,10U Boys,club-elite,canonical_club_tournament_team,ELITE | L1(12)-ELITE,2026-jo-weekend-2|10u-championship
tournament-team-2026-10u-boys-greenwich-blue,GREENWICH BLUE,2026,10U,Boys,10U Boys,,tournament_only_team,E1(5)-GREENWICH BLUE | GREENWICH BLUE,2026-jo-weekend-2|10u-championship
tournament-team-2026-10u-boys-greenwich-white,GREENWICH WHITE,2026,10U,Boys,10U Boys,,tournament_only_team,B3(26)-GREENWICH WHITE | GREENWICH WHITE,2026-jo-weekend-2|10u-championship
tournament-team-2026-10u-boys-la-jolla-united,LA JOLLA UNITED,2026,10U,Boys,10U Boys,club-la-jolla-united,canonical_club_tournament_team,I1(9)-LA JOLLA UNITED | LA JOLLA UNITED,2026-jo-weekend-2|10u-championship
tournament-team-2026-10u-boys-lamorinda-blue,LAMORINDA BLUE,2026,10U,Boys,10U Boys,,tournament_only_team,E2(20)-LAMORINDA BLUE | LAMORINDA BLUE,2026-jo-weekend-2|10u-championship
tournament-team-2026-10u-boys-lamorinda-gold,LAMORINDA GOLD,2026,10U,Boys,10U Boys,,tournament_only_team,I3(33)-LAMORINDA GOLD | LAMORINDA GOLD,2026-jo-weekend-2|10u-championship
tournament-team-2026-10u-boys-lamorinda-white,LAMORINDA WHITE,2026,10U,Boys,10U Boys,,tournament_only_team,J3(34)-LAMORINDA WHITE | LAMORINDA WHITE,2026-jo-weekend-2|10u-championship
tournament-team-2026-10u-boys-lb-shore,LB SHORE,2026,10U,Boys,10U Boys,club-long-beach-shore,canonical_club_tournament_team,F2(19)-LB SHORE | LB SHORE,2026-jo-weekend-2|10u-championship
tournament-team-2026-10u-boys-newport-beach-blue,NEWPORT BEACH BLUE,2026,10U,Boys,10U Boys,,tournament_only_team,B1(2)-NEWPORT BEACH BLUE | NEWPORT BEACH BLUE,2026-jo-weekend-2|10u-championship
tournament-team-2026-10u-boys-newport-beach-white,NEWPORT BEACH WHITE,2026,10U,Boys,10U Boys,,tournament_only_team,C1(3)-NEWPORT BEACH WHITE | NEWPORT BEACH WHITE,2026-jo-weekend-2|10u-championship
tournament-team-2026-10u-boys-norcal-black,NORCAL BLACK,2026,10U,Boys,10U Boys,,tournament_only_team,A2(24)-NORCAL BLACK | NORCAL BLACK,2026-jo-weekend-2|10u-championship
tournament-team-2026-10u-boys-northwest,NORTHWEST,2026,10U,Boys,10U Boys,club-northwest,canonical_club_tournament_team,L3(35)-NORTHWEST | NORTHWEST,2026-jo-weekend-2|10u-championship
tournament-team-2026-10u-boys-orwp,ORWP,2026,10U,Boys,10U Boys,club-orwp,canonical_club_tournament_team,G2(18)-ORWP | ORWP,2026-jo-weekend-2|10u-championship
tournament-team-2026-10u-boys-san-clemente-black,SAN CLEMENTE BLACK,2026,10U,Boys,10U Boys,,tournament_only_team,A3(25)-SAN CLEMENTE BLACK | SAN CLEMENTE BLACK,2026-jo-weekend-2|10u-championship
tournament-team-2026-10u-boys-san-clemente-red,SAN CLEMENTE RED,2026,10U,Boys,10U Boys,,tournament_only_team,G1(7)-SAN CLEMENTE RED | SAN CLEMENTE RED,2026-jo-weekend-2|10u-championship
tournament-team-2026-10u-boys-sd-dons,SD DONS,2026,10U,Boys,10U Boys,club-sd-dons,canonical_club_tournament_team,A1(1)-SD DONS | SD DONS,2026-jo-weekend-2|10u-championship
tournament-team-2026-10u-boys-sd-dons-b,SD DONS B,2026,10U,Boys,10U Boys,,tournament_only_team,C2(22)-SD DONS B | SD DONS B,2026-jo-weekend-2|10u-championship
tournament-team-2026-10u-boys-shaq,SHAQ,2026,10U,Boys,10U Boys,club-shaq,canonical_club_tournament_team,E3(29)-SHAQ | SHAQ,2026-jo-weekend-2|10u-championship
tournament-team-2026-10u-boys-socal-black,SOCAL BLACK,2026,10U,Boys,10U Boys,,tournament_only_team,J1(10)-SOCAL BLACK | SOCAL BLACK,2026-jo-weekend-2|10u-championship
tournament-team-2026-10u-boys-socal-gold,SOCAL GOLD,2026,10U,Boys,10U Boys,,tournament_only_team,D3(28)-SOCAL GOLD | SOCAL GOLD,2026-jo-weekend-2|10u-championship
tournament-team-2026-10u-boys-stanford-black,STANFORD BLACK,2026,10U,Boys,10U Boys,,tournament_only_team,G3(31)-STANFORD BLACK | STANFORD BLACK,2026-jo-weekend-2|10u-championship
tournament-team-2026-10u-boys-stanford-red,STANFORD RED,2026,10U,Boys,10U Boys,,tournament_only_team,H2(17)-STANFORD RED | STANFORD RED,2026-jo-weekend-2|10u-championship
tournament-team-2026-10u-boys-temple-city-black,TEMPLE CITY BLACK,2026,10U,Boys,10U Boys,,tournament_only_team,K2(14)-TEMPLE CITY BLACK | TEMPLE CITY BLACK,2026-jo-weekend-2|10u-championship
tournament-team-2026-10u-boys-temple-city-yellow,TEMPLE CITY YELLOW,2026,10U,Boys,10U Boys,,tournament_only_team,L2(13)-TEMPLE CITY YELLOW | TEMPLE CITY YELLOW,2026-jo-weekend-2|10u-championship
tournament-team-2026-10u-boys-yolo,YOLO,2026,10U,Boys,10U Boys,club-yolo,canonical_club_tournament_team,C3(27)-YOLO | YOLO,2026-jo-weekend-2|10u-championship
tournament-team-2026-10u-coed-a-town,A TOWN,2026,10U,Coed,10U Coed,,tournament_only_team,A TOWN | H(32)-A TOWN,2026-jo-weekend-1|10u-coed-championship
tournament-team-2026-10u-coed-alameda,ALAMEDA,2026,10U,Coed,10U Coed,club-alameda,canonical_club_tournament_team,ALAMEDA | E(29)-ALAMEDA,2026-jo-weekend-1|10u-coed-championship
tournament-team-2026-10u-coed-american-river,AMERICAN RIVER,2026,10U,Coed,10U Coed,club-american-river,canonical_club_tournament_team,AMERICAN RIVER | L(12)-AMERICAN RIVER,2026-jo-weekend-1|10u-coed-championship
tournament-team-2026-10u-coed-aquatex,AQUATEX,2026,10U,Coed,10U Coed,club-aquatex,canonical_club_tournament_team,AQUATEX | J(34)-AQUATEX,2026-jo-weekend-1|10u-coed-championship
tournament-team-2026-10u-coed-asa,ASA,2026,10U,Coed,10U Coed,club-asa,canonical_club_tournament_team,ASA | B(23)-ASA,2026-jo-weekend-1|10u-coed-championship
tournament-team-2026-10u-coed-carmel,CARMEL,2026,10U,Coed,10U Coed,,tournament_only_team,CARMEL | L(36)-CARMEL,2026-jo-weekend-1|10u-coed-championship
tournament-team-2026-10u-coed-channel-islands-united,CHANNEL ISLANDS UNITED,2026,10U,Coed,10U Coed,club-ciu,canonical_club_tournament_team,CHANNEL ISLANDS UNITED | E(5)-CHANNEL ISLANDS UNITED,2026-jo-weekend-1|10u-coed-championship
tournament-team-2026-10u-coed-chawp,CHAWP,2026,10U,Coed,10U Coed,club-chawp,canonical_club_tournament_team,CHAWP | D(21)-CHAWP,2026-jo-weekend-1|10u-coed-championship
tournament-team-2026-10u-coed-chicago-park,CHICAGO PARK,2026,10U,Coed,10U Coed,club-chicago-park,canonical_club_tournament_team,CHICAGO PARK | K(35)-CHICAGO PARK,2026-jo-weekend-1|10u-coed-championship
tournament-team-2026-10u-coed-chula-vista-premier,CHULA VISTA PREMIER,2026,10U,Coed,10U Coed,,tournament_only_team,A(1)-CHULA VISTA PREMIER | CHULA VISTA PREMIER,2026-jo-weekend-1|10u-coed-championship
tournament-team-2026-10u-coed-cmac,CMAC,2026,10U,Coed,10U Coed,club-cmac,canonical_club_tournament_team,CMAC | D(28)-CMAC,2026-jo-weekend-1|10u-coed-championship
tournament-team-2026-10u-coed-coronado,CORONADO,2026,10U,Coed,10U Coed,,tournament_only_team,C(27)-CORONADO | CORONADO,2026-jo-weekend-1|10u-coed-championship
tournament-team-2026-10u-coed-diablo-alliance-a,DIABLO ALLIANCE A,2026,10U,Coed,10U Coed,,tournament_only_team,B(26)-DIABLO ALLIANCE A | DIABLO ALLIANCE A,2026-jo-weekend-1|10u-coed-championship
tournament-team-2026-10u-coed-eca,ECA,2026,10U,Coed,10U Coed,club-sd-eca,canonical_club_tournament_team,ECA | H(8)-ECA,2026-jo-weekend-1|10u-coed-championship
tournament-team-2026-10u-coed-foothill-red,FOOTHILL RED,2026,10U,Coed,10U Coed,,tournament_only_team,FOOTHILL RED | G(7)-FOOTHILL RED,2026-jo-weekend-1|10u-coed-championship
tournament-team-2026-10u-coed-la-city-united,LA CITY UNITED,2026,10U,Coed,10U Coed,,tournament_only_team,F(19)-LA CITY UNITED | LA CITY UNITED,2026-jo-weekend-1|10u-coed-championship
tournament-team-2026-10u-coed-la-premier-black,LA PREMIER BLACK,2026,10U,Coed,10U Coed,,tournament_only_team,A(25)-LA PREMIER BLACK | LA PREMIER BLACK,2026-jo-weekend-1|10u-coed-championship
tournament-team-2026-10u-coed-laguna-black,LAGUNA BLACK,2026,10U,Coed,10U Coed,,tournament_only_team,J(15)-LAGUNA BLACK | LAGUNA BLACK,2026-jo-weekend-1|10u-coed-championship
tournament-team-2026-10u-coed-los-alamitos,LOS ALAMITOS,2026,10U,Coed,10U Coed,club-los-alamitos,canonical_club_tournament_team,K(11)-LOS ALAMITOS | LOS ALAMITOS,2026-jo-weekend-1|10u-coed-championship
tournament-team-2026-10u-coed-lowpo,LOWPO,2026,10U,Coed,10U Coed,club-lowpo,canonical_club_tournament_team,G(31)-LOWPO | LOWPO,2026-jo-weekend-1|10u-coed-championship
tournament-team-2026-10u-coed-lyons-aquatics,LYONS AQUATICS,2026,10U,Coed,10U Coed,club-lyons-aquatics,canonical_club_tournament_team,L(13)-LYONS AQUATICS | LYONS AQUATICS,2026-jo-weekend-1|10u-coed-championship
tournament-team-2026-10u-coed-north-irvine,NORTH IRVINE,2026,10U,Coed,10U Coed,club-north-irvine,canonical_club_tournament_team,J(10)-NORTH IRVINE | NORTH IRVINE,2026-jo-weekend-1|10u-coed-championship
tournament-team-2026-10u-coed-ocwpc-blue,OCWPC BLUE,2026,10U,Coed,10U Coed,,tournament_only_team,I(9)-OCWPC BLUE | OCWPC BLUE,2026-jo-weekend-1|10u-coed-championship
tournament-team-2026-10u-coed-patriot-navy,PATRIOT NAVY,2026,10U,Coed,10U Coed,,tournament_only_team,B(2)-PATRIOT NAVY | PATRIOT NAVY,2026-jo-weekend-1|10u-coed-championship
tournament-team-2026-10u-coed-praetorian,PRAETORIAN,2026,10U,Coed,10U Coed,club-praetorian,canonical_club_tournament_team,I(16)-PRAETORIAN | PRAETORIAN,2026-jo-weekend-1|10u-coed-championship
tournament-team-2026-10u-coed-rose-bowl-red,ROSE BOWL RED,2026,10U,Coed,10U Coed,,tournament_only_team,A(24)-ROSE BOWL RED | ROSE BOWL RED,2026-jo-weekend-1|10u-coed-championship
tournament-team-2026-10u-coed-san-jose-express,SAN JOSE EXPRESS,2026,10U,Coed,10U Coed,club-san-jose-express,canonical_club_tournament_team,K(14)-SAN JOSE EXPRESS | SAN JOSE EXPRESS,2026-jo-weekend-1|10u-coed-championship
tournament-team-2026-10u-coed-santa-barbara-wpc,SANTA BARBARA WPC,2026,10U,Coed,10U Coed,club-santa-barbara,canonical_club_tournament_team,F(6)-SANTA BARBARA WPC | SANTA BARBARA WPC,2026-jo-weekend-1|10u-coed-championship
tournament-team-2026-10u-coed-sd-shores-black,SD SHORES BLACK,2026,10U,Coed,10U Coed,,tournament_only_team,C(3)-SD SHORES BLACK | SD SHORES BLACK,2026-jo-weekend-1|10u-coed-championship
tournament-team-2026-10u-coed-shaq,SHAQ,2026,10U,Coed,10U Coed,club-shaq,canonical_club_tournament_team,F(30)-SHAQ | SHAQ,2026-jo-weekend-1|10u-coed-championship
tournament-team-2026-10u-coed-south-coast-red,SOUTH COAST RED,2026,10U,Coed,10U Coed,,tournament_only_team,C(22)-SOUTH COAST RED | SOUTH COAST RED,2026-jo-weekend-1|10u-coed-championship
tournament-team-2026-10u-coed-tpc-sharks,TPC SHARKS,2026,10U,Coed,10U Coed,,tournament_only_team,E(20)-TPC SHARKS | TPC SHARKS,2026-jo-weekend-1|10u-coed-championship
tournament-team-2026-10u-coed-vanguard,VANGUARD,2026,10U,Coed,10U Coed,club-vanguard,canonical_club_tournament_team,H(17)-VANGUARD | VANGUARD,2026-jo-weekend-1|10u-coed-championship
tournament-team-2026-10u-coed-west-valley,WEST VALLEY,2026,10U,Coed,10U Coed,club-west-valley,canonical_club_tournament_team,I(33)-WEST VALLEY | WEST VALLEY,2026-jo-weekend-1|10u-coed-championship
tournament-team-2026-10u-coed-whittier,WHITTIER,2026,10U,Coed,10U Coed,club-whittier,canonical_club_tournament_team,G(18)-WHITTIER | WHITTIER,2026-jo-weekend-1|10u-coed-championship
tournament-team-2026-10u-coed-yolo,YOLO,2026,10U,Coed,10U Coed,club-yolo,canonical_club_tournament_team,D(4)-YOLO | YOLO,2026-jo-weekend-1|10u-coed-championship
tournament-team-2026-10u-girls-680-red,680 RED,2026,10U,Girls,10U Girls,,tournament_only_team,680 RED | C1(3)-680 RED | D1(4)-680 RED,2026-jo-weekend-1|10u-girls-championship | 2026-jo-weekend-1|10u-girls-classic
tournament-team-2026-10u-girls-908-pink,908 PINK,2026,10U,Girls,10U Girls,,tournament_only_team,908 PINK | F1(6)-908 PINK,2026-jo-weekend-1|10u-girls-championship
tournament-team-2026-10u-girls-burlingame,BURLINGAME,2026,10U,Girls,10U Girls,,tournament_only_team,A2(12)-BURLINGAME | BURLINGAME,2026-jo-weekend-1|10u-girls-classic
tournament-team-2026-10u-girls-commerce,COMMERCE,2026,10U,Girls,10U Girls,club-commerce,canonical_club_tournament_team,COMMERCE | D2(9)-COMMERCE,2026-jo-weekend-1|10u-girls-championship
tournament-team-2026-10u-girls-davis,DAVIS,2026,10U,Girls,10U Girls,club-davis,canonical_club_tournament_team,D3(16)-DAVIS | DAVIS,2026-jo-weekend-1|10u-girls-championship
tournament-team-2026-10u-girls-del-mar-a,DEL MAR A,2026,10U,Girls,10U Girls,,tournament_only_team,C2(10)-DEL MAR A | DEL MAR A,2026-jo-weekend-1|10u-girls-championship
tournament-team-2026-10u-girls-del-mar-b,DEL MAR B,2026,10U,Girls,10U Girls,,tournament_only_team,DEL MAR B | F3(18)-DEL MAR B,2026-jo-weekend-1|10u-girls-championship
tournament-team-2026-10u-girls-diablo-alliance-b,DIABLO ALLIANCE B,2026,10U,Girls,10U Girls,,tournament_only_team,DIABLO ALLIANCE B | F2(7)-DIABLO ALLIANCE B,2026-jo-weekend-1|10u-girls-classic
tournament-team-2026-10u-girls-foothill-black-b,FOOTHILL BLACK B,2026,10U,Girls,10U Girls,,tournament_only_team,C3(15)-FOOTHILL BLACK B | FOOTHILL BLACK B,2026-jo-weekend-1|10u-girls-classic
tournament-team-2026-10u-girls-greenwich,GREENWICH,2026,10U,Girls,10U Girls,club-greenwich,canonical_club_tournament_team,A3(13)-GREENWICH | GREENWICH,2026-jo-weekend-1|10u-girls-championship
tournament-team-2026-10u-girls-la-jolla-united,LA JOLLA UNITED,2026,10U,Girls,10U Girls,club-la-jolla-united,canonical_club_tournament_team,C3(15)-LA JOLLA UNITED | LA JOLLA UNITED,2026-jo-weekend-1|10u-girls-championship
tournament-team-2026-10u-girls-laguna-maroon,LAGUNA MAROON,2026,10U,Girls,10U Girls,,tournament_only_team,F4(19)-LAGUNA MAROON | LAGUNA MAROON,2026-jo-weekend-1|10u-girls-classic
tournament-team-2026-10u-girls-lamorinda-blue,LAMORINDA BLUE,2026,10U,Girls,10U Girls,,tournament_only_team,F2(7)-LAMORINDA BLUE | LAMORINDA BLUE,2026-jo-weekend-1|10u-girls-championship
tournament-team-2026-10u-girls-lamorinda-gold,LAMORINDA GOLD,2026,10U,Girls,10U Girls,,tournament_only_team,E3(17)-LAMORINDA GOLD | LAMORINDA GOLD,2026-jo-weekend-1|10u-girls-championship
tournament-team-2026-10u-girls-lb-viking,LB VIKING,2026,10U,Girls,10U Girls,,tournament_only_team,F1(6)-LB VIKING | LB VIKING,2026-jo-weekend-1|10u-girls-classic
tournament-team-2026-10u-girls-loyola,LOYOLA,2026,10U,Girls,10U Girls,,tournament_only_team,B2(11)-LOYOLA | LOYOLA,2026-jo-weekend-1|10u-girls-classic
tournament-team-2026-10u-girls-mac,MAC,2026,10U,Girls,10U Girls,,tournament_only_team,E4(20)-MAC | MAC,2026-jo-weekend-1|10u-girls-classic
tournament-team-2026-10u-girls-newport-beach,NEWPORT BEACH,2026,10U,Girls,10U Girls,club-newport-beach,canonical_club_tournament_team,A3(13)-NEWPORT BEACH | NEWPORT BEACH,2026-jo-weekend-1|10u-girls-classic
tournament-team-2026-10u-girls-newport-beach-blue,NEWPORT BEACH BLUE,2026,10U,Girls,10U Girls,,tournament_only_team,A1(1)-NEWPORT BEACH BLUE | NEWPORT BEACH BLUE,2026-jo-weekend-1|10u-girls-championship
tournament-team-2026-10u-girls-newport-white,NEWPORT WHITE,2026,10U,Girls,10U Girls,,tournament_only_team,B2(11)-NEWPORT WHITE | NEWPORT WHITE,2026-jo-weekend-1|10u-girls-championship
tournament-team-2026-10u-girls-ngen,NGEN,2026,10U,Girls,10U Girls,,tournament_only_team,C2(10)-NGEN | NGEN,2026-jo-weekend-1|10u-girls-classic
tournament-team-2026-10u-girls-ocwpc-red,OCWPC RED,2026,10U,Girls,10U Girls,,tournament_only_team,E2(8)-OCWPC RED | OCWPC RED,2026-jo-weekend-1|10u-girls-classic
tournament-team-2026-10u-girls-patriot,PATRIOT,2026,10U,Girls,10U Girls,club-patriot,canonical_club_tournament_team,E1(5)-PATRIOT | PATRIOT,2026-jo-weekend-1|10u-girls-championship
tournament-team-2026-10u-girls-patriot-red,PATRIOT RED,2026,10U,Girls,10U Girls,,tournament_only_team,B1(2)-PATRIOT RED | PATRIOT RED,2026-jo-weekend-1|10u-girls-classic
tournament-team-2026-10u-girls-rose-bowl-black,ROSE BOWL BLACK,2026,10U,Girls,10U Girls,,tournament_only_team,F3(18)-ROSE BOWL BLACK | ROSE BOWL BLACK,2026-jo-weekend-1|10u-girls-classic
tournament-team-2026-10u-girls-san-clemente,SAN CLEMENTE,2026,10U,Girls,10U Girls,club-san-clemente,canonical_club_tournament_team,E2(8)-SAN CLEMENTE | SAN CLEMENTE,2026-jo-weekend-1|10u-girls-championship
tournament-team-2026-10u-girls-santa-barbara-wpc-8u,SANTA BARBARA WPC 8U,2026,10U,Girls,10U Girls,,tournament_only_team,D4(21)-SANTA BARBARA WPC 8U | SANTA BARBARA WPC 8U,2026-jo-weekend-1|10u-girls-classic
tournament-team-2026-10u-girls-santa-barbara-wpc-b,SANTA BARBARA WPC B,2026,10U,Girls,10U Girls,,tournament_only_team,E3(17)- SANTA BARBARA WPC B | SANTA BARBARA WPC B,2026-jo-weekend-1|10u-girls-classic
tournament-team-2026-10u-girls-sd-shores-b,SD SHORES B,2026,10U,Girls,10U Girls,,tournament_only_team,A1(1)-SD SHORES B | SD SHORES B,2026-jo-weekend-1|10u-girls-classic
tournament-team-2026-10u-girls-socal,SOCAL,2026,10U,Girls,10U Girls,club-socal,canonical_club_tournament_team,B1(2)-SOCAL | SOCAL,2026-jo-weekend-1|10u-girls-championship
tournament-team-2026-10u-girls-stanford,STANFORD,2026,10U,Girls,10U Girls,club-stanford,canonical_club_tournament_team,A2(12)-STANFORD | STANFORD,2026-jo-weekend-1|10u-girls-championship
tournament-team-2026-10u-girls-temple-city,TEMPLE CITY,2026,10U,Girls,10U Girls,club-temple-city,canonical_club_tournament_team,D1(4)-TEMPLE CITY | TEMPLE CITY,2026-jo-weekend-1|10u-girls-championship
tournament-team-2026-10u-girls-titans,TITANS,2026,10U,Girls,10U Girls,club-titans,canonical_club_tournament_team,C4(22)-TITANS | TITANS,2026-jo-weekend-1|10u-girls-classic
tournament-team-2026-10u-girls-trojan-north-b,TROJAN NORTH B,2026,10U,Girls,10U Girls,,tournament_only_team,B3(14)-TROJAN NORTH B | TROJAN NORTH B,2026-jo-weekend-1|10u-girls-classic
tournament-team-2026-10u-girls-trojan-south,TROJAN SOUTH,2026,10U,Girls,10U Girls,,tournament_only_team,E1(5)-TROJAN SOUTH | TROJAN SOUTH,2026-jo-weekend-1|10u-girls-classic
tournament-team-2026-10u-girls-tsunami,TSUNAMI,2026,10U,Girls,10U Girls,,tournament_only_team,D3(16)-TSUNAMI | TSUNAMI,2026-jo-weekend-1|10u-girls-classic
tournament-team-2026-10u-girls-valley-united,VALLEY UNITED,2026,10U,Girls,10U Girls,,tournament_only_team,D2(9)-VALLEY UNITED | VALLEY UNITED,2026-jo-weekend-1|10u-girls-classic
tournament-team-2026-10u-girls-yolo-b,YOLO B,2026,10U,Girls,10U Girls,,tournament_only_team,C1(3)-YOLO B | YOLO B,2026-jo-weekend-1|10u-girls-classic
tournament-team-2026-10u-girls-yolo-flamingos,YOLO FLAMINGOS,2026,10U,Girls,10U Girls,,tournament_only_team,B3(14)-YOLO FLAMINGOS | YOLO FLAMINGOS,2026-jo-weekend-1|10u-girls-championship
tournament-team-2026-12u-boys-680-drivers,680 DRIVERS,2026,12U,Boys,12U Boys,,tournament_only_team,680 DRIVERS | K3(43)-680 DRIVERS,2026-jo-weekend-2|12u-boys-classic
tournament-team-2026-12u-boys-680-red,680 RED,2026,12U,Boys,12U Boys,,tournament_only_team,24-680 RED | 680 RED,2026-jo-weekend-2|12u-boys-championship
tournament-team-2026-12u-boys-680-white,680 WHITE,2026,12U,Boys,12U Boys,,tournament_only_team,680 WHITE | E3(37)-680 WHITE,2026-jo-weekend-2|12u-boys-classic
tournament-team-2026-12u-boys-908-blue,908 BLUE,2026,12U,Boys,12U Boys,,tournament_only_team,908 BLUE | D2(29)-908 BLUE,2026-jo-weekend-2|12u-boys-classic
tournament-team-2026-12u-boys-908-yellow,908 YELLOW,2026,12U,Boys,12U Boys,,tournament_only_team,20-908 YELLOW | 908 YELLOW,2026-jo-weekend-2|12u-boys-championship
tournament-team-2026-12u-boys-brookyln-hustle,BROOKYLN HUSTLE,2026,12U,Boys,12U Boys,,tournament_only_team,BROOKYLN HUSTLE | I3(41)-BROOKYLN HUSTLE,2026-jo-weekend-2|12u-boys-classic
tournament-team-2026-12u-boys-cal-republic-black,CAL REPUBLIC BLACK,2026,12U,Boys,12U Boys,,tournament_only_team,42-CAL REPUBLIC BLACK | CAL REPUBLIC BLACK,2026-jo-weekend-2|12u-boys-championship
tournament-team-2026-12u-boys-cal-republic-red,CAL REPUBLIC RED,2026,12U,Boys,12U Boys,,tournament_only_team,CAL REPUBLIC RED | E4(51)-CAL REPUBLIC RED,2026-jo-weekend-2|12u-boys-classic
tournament-team-2026-12u-boys-cc-united-black,CC UNITED BLACK,2026,12U,Boys,12U Boys,,tournament_only_team,12-CC UNITED BLACK | CC UNITED BLACK,2026-jo-weekend-2|12u-boys-championship
tournament-team-2026-12u-boys-cc-united-white,CC UNITED WHITE,2026,12U,Boys,12U Boys,,tournament_only_team,C3(35)-CC UNITED WHITE | CC UNITED WHITE,2026-jo-weekend-2|12u-boys-classic
tournament-team-2026-12u-boys-cdm-blue,CDM BLUE,2026,12U,Boys,12U Boys,,tournament_only_team,16-CDM BLUE | CDM BLUE,2026-jo-weekend-2|12u-boys-championship
tournament-team-2026-12u-boys-cdm-white,CDM WHITE,2026,12U,Boys,12U Boys,,tournament_only_team,CDM WHITE | J3(42)-CDM WHITE,2026-jo-weekend-2|12u-boys-classic
tournament-team-2026-12u-boys-ciu-gold,CIU GOLD,2026,12U,Boys,12U Boys,,tournament_only_team,CIU GOLD | I1(9)-CIU GOLD,2026-jo-weekend-2|12u-boys-classic
tournament-team-2026-12u-boys-davis-blue,DAVIS BLUE,2026,12U,Boys,12U Boys,,tournament_only_team,31-DAVIS BLUE | DAVIS BLUE,2026-jo-weekend-2|12u-boys-championship
tournament-team-2026-12u-boys-davis-white,DAVIS WHITE,2026,12U,Boys,12U Boys,,tournament_only_team,DAVIS WHITE | N3(46)-DAVIS WHITE,2026-jo-weekend-2|12u-boys-classic
tournament-team-2026-12u-boys-diablo-alliance-a,DIABLO ALLIANCE A,2026,12U,Boys,12U Boys,,tournament_only_team,B2(31)-DIABLO ALLIANCE A | DIABLO ALLIANCE A,2026-jo-weekend-2|12u-boys-classic
tournament-team-2026-12u-boys-foothill-black,FOOTHILL BLACK,2026,12U,Boys,12U Boys,,tournament_only_team,FOOTHILL BLACK | K4(49)-FOOTHILL BLACK,2026-jo-weekend-2|12u-boys-classic
tournament-team-2026-12u-boys-foothill-red,FOOTHILL RED,2026,12U,Boys,12U Boys,,tournament_only_team,A1(1)-FOOTHILL RED | FOOTHILL RED,2026-jo-weekend-2|12u-boys-classic
tournament-team-2026-12u-boys-greenwich-blue,GREENWICH BLUE,2026,12U,Boys,12U Boys,,tournament_only_team,21-GREENWICH BLUE | GREENWICH BLUE,2026-jo-weekend-2|12u-boys-championship
tournament-team-2026-12u-boys-greenwich-white,GREENWICH WHITE,2026,12U,Boys,12U Boys,,tournament_only_team,38-GREENWICH WHITE | GREENWICH WHITE,2026-jo-weekend-2|12u-boys-championship
tournament-team-2026-12u-boys-la-premier-black,LA PREMIER BLACK,2026,12U,Boys,12U Boys,,tournament_only_team,13-LA PREMIER BLACK | LA PREMIER BLACK,2026-jo-weekend-2|12u-boys-championship
tournament-team-2026-12u-boys-lb-shore,LB SHORE,2026,12U,Boys,12U Boys,club-long-beach-shore,canonical_club_tournament_team,LB SHORE | O2(18)-LB SHORE,2026-jo-weekend-2|12u-boys-classic
tournament-team-2026-12u-boys-newport-beach-blue,NEWPORT BEACH BLUE,2026,12U,Boys,12U Boys,,tournament_only_team,7-NEWPORT BEACH BLUE | NEWPORT BEACH BLUE,2026-jo-weekend-2|12u-boys-championship
tournament-team-2026-12u-boys-newport-beach-white,NEWPORT BEACH WHITE,2026,12U,Boys,12U Boys,,tournament_only_team,NEWPORT BEACH WHITE | O1(15)-NEWPORT BEACH WHITE,2026-jo-weekend-2|12u-boys-classic
tournament-team-2026-12u-boys-norcal-black,NORCAL BLACK,2026,12U,Boys,12U Boys,,tournament_only_team,L2(21)-NORCAL BLACK | NORCAL BLACK,2026-jo-weekend-2|12u-boys-classic
tournament-team-2026-12u-boys-north-irvine-red,NORTH IRVINE RED,2026,12U,Boys,12U Boys,,tournament_only_team,C2(30)-NORTH IRVINE RED | NORTH IRVINE RED,2026-jo-weekend-2|12u-boys-classic
tournament-team-2026-12u-boys-ocwpc-red,OCWPC RED,2026,12U,Boys,12U Boys,,tournament_only_team,M4-OCWPC RED | OCWPC RED,2026-jo-weekend-2|12u-boys-classic
tournament-team-2026-12u-boys-orwp-black,ORWP BLACK,2026,12U,Boys,12U Boys,,tournament_only_team,23-ORWP BLACK | ORWP BLACK,2026-jo-weekend-2|12u-boys-championship
tournament-team-2026-12u-boys-orwp-red,ORWP RED,2026,12U,Boys,12U Boys,,tournament_only_team,O3(47)-ORWP RED | ORWP RED,2026-jo-weekend-2|12u-boys-classic
tournament-team-2026-12u-boys-patriot-red,PATRIOT RED,2026,12U,Boys,12U Boys,,tournament_only_team,K2(22)-PATRIOT RED | PATRIOT RED,2026-jo-weekend-2|12u-boys-classic
tournament-team-2026-12u-boys-pegasus-blue,PEGASUS BLUE,2026,12U,Boys,12U Boys,,tournament_only_team,26-PEGASUS BLUE | PEGASUS BLUE,2026-jo-weekend-2|12u-boys-championship
tournament-team-2026-12u-boys-rose-bowl-red,ROSE BOWL RED,2026,12U,Boys,12U Boys,,tournament_only_team,14-ROSE BOWL RED | ROSE BOWL RED,2026-jo-weekend-2|12u-boys-championship
tournament-team-2026-12u-boys-san-clemente-black,SAN CLEMENTE BLACK,2026,12U,Boys,12U Boys,,tournament_only_team,M1(13)-SAN CLEMENTE BLACK | SAN CLEMENTE BLACK,2026-jo-weekend-2|12u-boys-classic
tournament-team-2026-12u-boys-san-clemente-red,SAN CLEMENTE RED,2026,12U,Boys,12U Boys,,tournament_only_team,6-SAN CLEMENTE RED | SAN CLEMENTE RED,2026-jo-weekend-2|12u-boys-championship
tournament-team-2026-12u-boys-sd-dons-black,SD DONS BLACK,2026,12U,Boys,12U Boys,,tournament_only_team,19-SD DONS BLACK | SD DONS BLACK,2026-jo-weekend-2|12u-boys-championship
tournament-team-2026-12u-boys-sd-dons-gold,SD DONS GOLD,2026,12U,Boys,12U Boys,,tournament_only_team,D3(36)-SD DONS GOLD | SD DONS GOLD,2026-jo-weekend-2|12u-boys-classic
tournament-team-2026-12u-boys-sd-dons-red,SD DONS RED,2026,12U,Boys,12U Boys,,tournament_only_team,1-SD DONS RED | SD DONS RED,2026-jo-weekend-2|12u-boys-championship
tournament-team-2026-12u-boys-sd-shores,SD SHORES,2026,12U,Boys,12U Boys,club-san-diego-shores,canonical_club_tournament_team,27-SD SHORES | SD SHORES,2026-jo-weekend-2|12u-boys-championship
tournament-team-2026-12u-boys-shaq-white,SHAQ WHITE,2026,12U,Boys,12U Boys,,tournament_only_team,F3(38)-SHAQ WHITE | SHAQ WHITE,2026-jo-weekend-2|12u-boys-classic
tournament-team-2026-12u-boys-stanford-white,STANFORD WHITE,2026,12U,Boys,12U Boys,,tournament_only_team,A2(32)-STANFORD WHITE | STANFORD WHITE,2026-jo-weekend-2|12u-boys-classic
tournament-team-2026-12u-boys-texas-thunder,TEXAS THUNDER,2026,12U,Boys,12U Boys,,tournament_only_team,L4(52)-TEXAS THUNDER | TEXAS THUNDER,2026-jo-weekend-2|12u-boys-classic
tournament-team-2026-12u-boys-trojan-gold,TROJAN GOLD,2026,12U,Boys,12U Boys,,tournament_only_team,M3(45)-TROJAN GOLD | TROJAN GOLD,2026-jo-weekend-2|12u-boys-classic
tournament-team-2026-12u-boys-tsunami,TSUNAMI,2026,12U,Boys,12U Boys,,tournament_only_team,8-TSUNAMI | TSUNAMI,2026-jo-weekend-2|12u-boys-championship
tournament-team-2026-12u-coed-a-town,A TOWN,2026,12U,Coed,12U Coed,,tournament_only_team,15-A TOWN | A TOWN,2026-jo-weekend-1|12u-coed-championship
tournament-team-2026-12u-coed-alameda,ALAMEDA,2026,12U,Coed,12U Coed,club-alameda,canonical_club_tournament_team,ALAMEDA | G1(7)-ALAMEDA,2026-jo-weekend-1|12u-coed-championship
tournament-team-2026-12u-coed-aquatex,AQUATEX,2026,12U,Coed,12U Coed,club-aquatex,canonical_club_tournament_team,43-AQUATEX | AQUATEX,2026-jo-weekend-1|12u-coed-championship
tournament-team-2026-12u-coed-bainbridge,BAINBRIDGE,2026,12U,Coed,12U Coed,club-bainbridge,canonical_club_tournament_team,37-BAINBRIDGE | BAINBRIDGE,2026-jo-weekend-1|12u-coed-championship
tournament-team-2026-12u-coed-big-valley,BIG VALLEY,2026,12U,Coed,12U Coed,club-big-valley,canonical_club_tournament_team,A2(24)-BIG VALLEY | BIG VALLEY,2026-jo-weekend-1|12u-coed-championship
tournament-team-2026-12u-coed-carmel,CARMEL,2026,12U,Coed,12U Coed,,tournament_only_team,35-CARMEL | CARMEL,2026-jo-weekend-1|12u-coed-championship
tournament-team-2026-12u-coed-central-valley-united,CENTRAL VALLEY UNITED,2026,12U,Coed,12U Coed,,tournament_only_team,14-CENTRAL VALLEY UNITED | CENTRAL VALLEY UNITED,2026-jo-weekend-1|12u-coed-championship
tournament-team-2026-12u-coed-chula-vista-premier,CHULA VISTA PREMIER,2026,12U,Coed,12U Coed,,tournament_only_team,10-CHULA VISTA PREMIER | CHULA VISTA PREMIER,2026-jo-weekend-1|12u-coed-championship
tournament-team-2026-12u-coed-coronado,CORONADO,2026,12U,Coed,12U Coed,,tournament_only_team,CORONADO | D1 (4)-CORONADO,2026-jo-weekend-1|12u-coed-championship
tournament-team-2026-12u-coed-elite,ELITE,2026,12U,Coed,12U Coed,club-elite,canonical_club_tournament_team,42-ELITE | ELITE,2026-jo-weekend-1|12u-coed-championship
tournament-team-2026-12u-coed-hieland,HIELAND,2026,12U,Coed,12U Coed,club-hieland,canonical_club_tournament_team,39-HIELAND | HIELAND,2026-jo-weekend-1|12u-coed-championship
tournament-team-2026-12u-coed-innis-arden,INNIS ARDEN,2026,12U,Coed,12U Coed,club-innis-arden,canonical_club_tournament_team,27-INNIS ARDEN | INNIS ARDEN,2026-jo-weekend-1|12u-coed-championship
tournament-team-2026-12u-coed-kearns,KEARNS,2026,12U,Coed,12U Coed,club-kearns,canonical_club_tournament_team,G2(18)-KEARNS | KEARNS,2026-jo-weekend-1|12u-coed-championship
tournament-team-2026-12u-coed-la-city-united,LA CITY UNITED,2026,12U,Coed,12U Coed,,tournament_only_team,3-LA CITY UNITED | LA CITY UNITED,2026-jo-weekend-1|12u-coed-championship
tournament-team-2026-12u-coed-lokahi,LOKAHI,2026,12U,Coed,12U Coed,club-lokahi,canonical_club_tournament_team,9-LOKAHI | LOKAHI,2026-jo-weekend-1|12u-coed-championship
tournament-team-2026-12u-coed-longhorn,LONGHORN,2026,12U,Coed,12U Coed,club-longhorn,canonical_club_tournament_team,13-LONGHORN | LONGHORN,2026-jo-weekend-1|12u-coed-championship
tournament-team-2026-12u-coed-lowpo,LOWPO,2026,12U,Coed,12U Coed,club-lowpo,canonical_club_tournament_team,6-LOWPO | LOWPO,2026-jo-weekend-1|12u-coed-championship
tournament-team-2026-12u-coed-marin,MARIN,2026,12U,Coed,12U Coed,,tournament_only_team,32-MARIN | MARIN,2026-jo-weekend-1|12u-coed-championship
tournament-team-2026-12u-coed-mesa,MESA,2026,12U,Coed,12U Coed,club-mesa,canonical_club_tournament_team,38-MESA | MESA,2026-jo-weekend-1|12u-coed-championship
tournament-team-2026-12u-coed-mv-polo,MV POLO,2026,12U,Coed,12U Coed,,tournament_only_team,G3(31)-MV POLO | MV POLO,2026-jo-weekend-1|12u-coed-championship
tournament-team-2026-12u-coed-ngen,NGEN,2026,12U,Coed,12U Coed,,tournament_only_team,A3(25)-NGEN | NGEN,2026-jo-weekend-1|12u-coed-championship
tournament-team-2026-12u-coed-northwest,NORTHWEST,2026,12U,Coed,12U Coed,club-northwest,canonical_club_tournament_team,40-NORTHWEST | NORTHWEST,2026-jo-weekend-1|12u-coed-championship
tournament-team-2026-12u-coed-nsd-stars,NSD STARS,2026,12U,Coed,12U Coed,club-nsd-stars,canonical_club_tournament_team,29-NSD STARS | NSD STARS,2026-jo-weekend-1|12u-coed-championship
tournament-team-2026-12u-coed-nwc,NWC,2026,12U,Coed,12U Coed,,tournament_only_team,45-NWC | NWC,2026-jo-weekend-1|12u-coed-championship
tournament-team-2026-12u-coed-palos-verdes,PALOS VERDES,2026,12U,Coed,12U Coed,club-palos-verdes,canonical_club_tournament_team,26-PALOS VERDES | PALOS VERDES,2026-jo-weekend-1|12u-coed-championship
tournament-team-2026-12u-coed-phoenix-renegades,PHOENIX RENEGADES,2026,12U,Coed,12U Coed,,tournament_only_team,19-PHOENIX RENEGADES | PHOENIX RENEGADES,2026-jo-weekend-1|12u-coed-championship
tournament-team-2026-12u-coed-praetorian,PRAETORIAN,2026,12U,Coed,12U Coed,club-praetorian,canonical_club_tournament_team,22-PRAETORIAN | PRAETORIAN,2026-jo-weekend-1|12u-coed-championship
tournament-team-2026-12u-coed-princeton,PRINCETON,2026,12U,Coed,12U Coed,club-princeton,canonical_club_tournament_team,16-PRINCETON | PRINCETON,2026-jo-weekend-1|12u-coed-championship
tournament-team-2026-12u-coed-prosper,PROSPER,2026,12U,Coed,12U Coed,,tournament_only_team,41-PROSPER | PROSPER,2026-jo-weekend-1|12u-coed-championship
tournament-team-2026-12u-coed-puget-sound,PUGET SOUND,2026,12U,Coed,12U Coed,club-puget-sound,canonical_club_tournament_team,17-PUGET SOUND | PUGET SOUND,2026-jo-weekend-1|12u-coed-championship
tournament-team-2026-12u-coed-rain-city,RAIN CITY,2026,12U,Coed,12U Coed,club-rain-city,canonical_club_tournament_team,D2(21)-RAIN CITY | RAIN CITY,2026-jo-weekend-1|12u-coed-championship
tournament-team-2026-12u-coed-riverside,RIVERSIDE,2026,12U,Coed,12U Coed,,tournament_only_team,30-RIVERSIDE | RIVERSIDE,2026-jo-weekend-1|12u-coed-championship
tournament-team-2026-12u-coed-sacramento,SACRAMENTO,2026,12U,Coed,12U Coed,club-sacramento,canonical_club_tournament_team,2-SACRAMENTO | SACRAMENTO,2026-jo-weekend-1|12u-coed-championship
tournament-team-2026-12u-coed-set,SET,2026,12U,Coed,12U Coed,club-set,canonical_club_tournament_team,36-SET | SET,2026-jo-weekend-1|12u-coed-championship
tournament-team-2026-12u-coed-sharks,SHARKS,2026,12U,Coed,12U Coed,club-sharks,canonical_club_tournament_team,12-SHARKS | SHARKS,2026-jo-weekend-1|12u-coed-championship
tournament-team-2026-12u-coed-smac,SMAC,2026,12U,Coed,12U Coed,club-smac,canonical_club_tournament_team,44-SMAC | SMAC,2026-jo-weekend-1|12u-coed-championship
tournament-team-2026-12u-coed-titans,TITANS,2026,12U,Coed,12U Coed,club-titans,canonical_club_tournament_team,8-TITANS | TITANS,2026-jo-weekend-1|12u-coed-championship
tournament-team-2026-12u-coed-trilogy,TRILOGY,2026,12U,Coed,12U Coed,club-trilogy,canonical_club_tournament_team,11-TRILOGY | TRILOGY,2026-jo-weekend-1|12u-coed-championship
tournament-team-2026-12u-coed-valley-united,VALLEY UNITED,2026,12U,Coed,12U Coed,,tournament_only_team,D3(28)-VALLEY UNITED | VALLEY UNITED,2026-jo-weekend-1|12u-coed-championship
tournament-team-2026-12u-coed-viking,VIKING,2026,12U,Coed,12U Coed,club-viking,canonical_club_tournament_team,23-VIKING | VIKING,2026-jo-weekend-1|12u-coed-championship
tournament-team-2026-12u-coed-vnited,VNITED,2026,12U,Coed,12U Coed,club-visalia-united,canonical_club_tournament_team,5-VNITED | VNITED,2026-jo-weekend-1|12u-coed-championship
tournament-team-2026-12u-coed-wcac-united,WCAC UNITED,2026,12U,Coed,12U Coed,club-wcac-united,canonical_club_tournament_team,34-WCAC UNITED | WCAC UNITED,2026-jo-weekend-1|12u-coed-championship
tournament-team-2026-12u-coed-west-valley,WEST VALLEY,2026,12U,Coed,12U Coed,club-west-valley,canonical_club_tournament_team,20-WEST VALLEY | WEST VALLEY,2026-jo-weekend-1|12u-coed-championship
tournament-team-2026-12u-coed-yolo-a,YOLO A,2026,12U,Coed,12U Coed,,tournament_only_team,A1(1)-YOLO A | YOLO A,2026-jo-weekend-1|12u-coed-championship
tournament-team-2026-12u-coed-yolo-b,YOLO B,2026,12U,Coed,12U Coed,,tournament_only_team,33-YOLO B | YOLO B,2026-jo-weekend-1|12u-coed-championship
tournament-team-2026-12u-girls-680-blue,680 BLUE,2026,12U,Girls,12U Girls,,tournament_only_team,680 BLUE | K3(43)-680 BLUE,2026-jo-weekend-1|12u-girls-championship
tournament-team-2026-12u-girls-680-red-a,680 RED A,2026,12U,Girls,12U Girls,,tournament_only_team,680 RED A | D1(4)-680 RED A,2026-jo-weekend-1|12u-girls-championship
tournament-team-2026-12u-girls-908,908,2026,12U,Girls,12U Girls,club-908,canonical_club_tournament_team,908 | I2(24)-908,2026-jo-weekend-1|12u-girls-championship
tournament-team-2026-12u-girls-american-river,AMERICAN RIVER,2026,12U,Girls,12U Girls,club-american-river,canonical_club_tournament_team,A2(32)-AMERICAN RIVER | AMERICAN RIVER,2026-jo-weekend-1|12u-girls-championship
tournament-team-2026-12u-girls-brooklyn-hustle,BROOKLYN HUSTLE,2026,12U,Girls,12U Girls,club-brooklyn-hustle,canonical_club_tournament_team,BROOKLYN HUSTLE | C2(30)-BROOKLYN HUSTLE,2026-jo-weekend-1|12u-girls-championship
tournament-team-2026-12u-girls-cal-republic,CAL REPUBLIC,2026,12U,Girls,12U Girls,,tournament_only_team,CAL REPUBLIC | P3(48)-CAL REPUBLIC,2026-jo-weekend-1|12u-girls-championship
tournament-team-2026-12u-girls-central-coast,CENTRAL COAST,2026,12U,Girls,12U Girls,club-central-coast,canonical_club_tournament_team,CENTRAL COAST | O3(47)-CENTRAL COAST,2026-jo-weekend-1|12u-girls-championship
tournament-team-2026-12u-girls-chicago-park,CHICAGO PARK,2026,12U,Girls,12U Girls,club-chicago-park,canonical_club_tournament_team,CHICAGO PARK | E4(51)-CHICAGO PARK,2026-jo-weekend-1|12u-girls-championship
tournament-team-2026-12u-girls-del-mar,DEL MAR,2026,12U,Girls,12U Girls,club-del-mar,canonical_club_tournament_team,DEL MAR | H1(8)-DEL MAR,2026-jo-weekend-1|12u-girls-championship
tournament-team-2026-12u-girls-greenwich,GREENWICH,2026,12U,Girls,12U Girls,club-greenwich,canonical_club_tournament_team,GREENWICH | O2(18)-GREENWICH,2026-jo-weekend-1|12u-girls-championship
tournament-team-2026-12u-girls-lb-shore,LB SHORE,2026,12U,Girls,12U Girls,club-long-beach-shore,canonical_club_tournament_team,LB SHORE | N2(19)-LB SHORE,2026-jo-weekend-1|12u-girls-championship
tournament-team-2026-12u-girls-los-alamitos,LOS ALAMITOS,2026,12U,Girls,12U Girls,club-los-alamitos,canonical_club_tournament_team,K2(22)-LOS ALAMITOS | LOS ALAMITOS,2026-jo-weekend-1|12u-girls-championship
tournament-team-2026-12u-girls-lyons-aquatics,LYONS AQUATICS,2026,12U,Girls,12U Girls,club-lyons-aquatics,canonical_club_tournament_team,LYONS AQUATICS | N3(46)-LYONS AQUATICS,2026-jo-weekend-1|12u-girls-championship
tournament-team-2026-12u-girls-newport-beach-blue,NEWPORT BEACH BLUE,2026,12U,Girls,12U Girls,,tournament_only_team,A1(1)-NEWPORT BEACH BLUE | NEWPORT BEACH BLUE,2026-jo-weekend-1|12u-girls-championship
tournament-team-2026-12u-girls-norcal-black,NORCAL BLACK,2026,12U,Girls,12U Girls,,tournament_only_team,I3(41)-NORCAL BLACK | NORCAL BLACK,2026-jo-weekend-1|12u-girls-championship
tournament-team-2026-12u-girls-north-idaho,NORTH IDAHO,2026,12U,Girls,12U Girls,,tournament_only_team,K4(49)-NORTH IDAHO | NORTH IDAHO,2026-jo-weekend-1|12u-girls-championship
tournament-team-2026-12u-girls-ocwpc,OCWPC,2026,12U,Girls,12U Girls,club-ocwpc,canonical_club_tournament_team,I1(9)-OCWPC | OCWPC,2026-jo-weekend-1|12u-girls-championship
tournament-team-2026-12u-girls-punahou,PUNAHOU,2026,12U,Girls,12U Girls,club-punahou,canonical_club_tournament_team,G2(26)-PUNAHOU | PUNAHOU,2026-jo-weekend-1|12u-girls-championship
tournament-team-2026-12u-girls-san-jose-express,SAN JOSE EXPRESS,2026,12U,Girls,12U Girls,club-san-jose-express,canonical_club_tournament_team,F3(38)-SAN JOSE EXPRESS | SAN JOSE EXPRESS,2026-jo-weekend-1|12u-girls-championship
tournament-team-2026-12u-girls-santa-barbara-wpc,SANTA BARBARA WPC,2026,12U,Girls,12U Girls,club-santa-barbara,canonical_club_tournament_team,L1(12)-SANTA BARBARA WPC | SANTA BARBARA WPC,2026-jo-weekend-1|12u-girls-championship
tournament-team-2026-12u-girls-sd-shores,SD SHORES,2026,12U,Girls,12U Girls,club-san-diego-shores,canonical_club_tournament_team,B2(31)-SD SHORES | SD SHORES,2026-jo-weekend-1|12u-girls-championship
tournament-team-2026-12u-girls-seaside,SEASIDE,2026,12U,Girls,12U Girls,club-seaside,canonical_club_tournament_team,C3(35)-SEASIDE | SEASIDE,2026-jo-weekend-1|12u-girls-championship
tournament-team-2026-12u-girls-southside,SOUTHSIDE,2026,12U,Girls,12U Girls,,tournament_only_team,G3(39)-SOUTHSIDE | SOUTHSIDE,2026-jo-weekend-1|12u-girls-championship
tournament-team-2026-14u-boys-680-blue,680 BLUE,2026,14U,Boys,14U Boys,,tournament_only_team,13-680 BLUE | 680 BLUE,2026-jo-weekend-2|14u-boys-classic
tournament-team-2026-14u-boys-680-red,680 RED,2026,14U,Boys,14U Boys,,tournament_only_team,22-680 RED | 680 RED,2026-jo-weekend-2|14u-boys-championship
tournament-team-2026-14u-boys-680-white,680 WHITE,2026,14U,Boys,14U Boys,,tournament_only_team,33-680 WHITE | 680 WHITE,2026-jo-weekend-2|14u-boys-classic
tournament-team-2026-14u-boys-908-blue,908 BLUE,2026,14U,Boys,14U Boys,,tournament_only_team,908 BLUE | J(10)-908 BLUE,2026-jo-weekend-2|14u-boys-invitational
tournament-team-2026-14u-boys-908-yellow-a,908 YELLOW A,2026,14U,Boys,14U Boys,,tournament_only_team,6-908 YELLOW A | 908 YELLOW A,2026-jo-weekend-2|14u-boys-championship
tournament-team-2026-14u-boys-american-river-b,AMERICAN RIVER B,2026,14U,Boys,14U Boys,,tournament_only_team,AMERICAN RIVER B | C(27)-AMERICAN RIVER B,2026-jo-weekend-2|14u-boys-invitational
tournament-team-2026-14u-boys-back-bay,BACK BAY,2026,14U,Boys,14U Boys,club-back-bay,canonical_club_tournament_team,BACK BAY | D(4)-BACK BAY,2026-jo-weekend-2|14u-boys-invitational
tournament-team-2026-14u-boys-burlingame,BURLINGAME,2026,14U,Boys,14U Boys,,tournament_only_team,BURLINGAME | D(21)-BURLINGAME,2026-jo-weekend-2|14u-boys-invitational
tournament-team-2026-14u-boys-cal-republic,CAL REPUBLIC,2026,14U,Boys,14U Boys,,tournament_only_team,CAL REPUBLIC | E(20)-CAL REPUBLIC,2026-jo-weekend-2|14u-boys-invitational
tournament-team-2026-14u-boys-cc-united-black,CC UNITED BLACK,2026,14U,Boys,14U Boys,,tournament_only_team,18-CC UNITED BLACK | CC UNITED BLACK,2026-jo-weekend-2|14u-boys-championship
tournament-team-2026-14u-boys-cc-united-blue,CC UNITED BLUE,2026,14U,Boys,14U Boys,,tournament_only_team,24-CC UNITED BLUE | CC UNITED BLUE,2026-jo-weekend-2|14u-boys-championship
tournament-team-2026-14u-boys-ccu-white,CCU WHITE,2026,14U,Boys,14U Boys,,tournament_only_team,CCU WHITE | I(16)-CCU WHITE,2026-jo-weekend-2|14u-boys-invitational
tournament-team-2026-14u-boys-cdm-blue,CDM BLUE,2026,14U,Boys,14U Boys,,tournament_only_team,27-CDM BLUE | CDM BLUE,2026-jo-weekend-2|14u-boys-championship
tournament-team-2026-14u-boys-cdm-white,CDM WHITE,2026,14U,Boys,14U Boys,,tournament_only_team,CDM WHITE | F(19)-CDM WHITE,2026-jo-weekend-2|14u-boys-invitational
tournament-team-2026-14u-boys-central-valley-united,CENTRAL VALLEY UNITED,2026,14U,Boys,14U Boys,,tournament_only_team,32-CENTRAL VALLEY UNITED | CENTRAL VALLEY UNITED,2026-jo-weekend-2|14u-boys-classic
tournament-team-2026-14u-boys-chawp,CHAWP,2026,14U,Boys,14U Boys,club-chawp,canonical_club_tournament_team,CHAWP | G(7)-CHAWP,2026-jo-weekend-2|14u-boys-invitational
tournament-team-2026-14u-boys-ciu-coast,CIU COAST,2026,14U,Boys,14U Boys,,tournament_only_team,CIU COAST | G(31)-CIU COAST,2026-jo-weekend-2|14u-boys-invitational
tournament-team-2026-14u-boys-ciu-gold,CIU GOLD,2026,14U,Boys,14U Boys,,tournament_only_team,1-CIU GOLD | CIU GOLD,2026-jo-weekend-2|14u-boys-championship
tournament-team-2026-14u-boys-clovis-red,CLOVIS RED,2026,14U,Boys,14U Boys,club-clovis,canonical_club_tournament_team,37-CLOVIS RED | CLOVIS RED,2026-jo-weekend-2|14u-boys-classic
tournament-team-2026-14u-boys-coronado,CORONADO,2026,14U,Boys,14U Boys,,tournament_only_team,CORONADO | G(18)-CORONADO,2026-jo-weekend-2|14u-boys-invitational
tournament-team-2026-14u-boys-eca,ECA,2026,14U,Boys,14U Boys,club-sd-eca,canonical_club_tournament_team,5-ECA | ECA,2026-jo-weekend-2|14u-boys-classic
tournament-team-2026-14u-boys-foothill-red,FOOTHILL RED,2026,14U,Boys,14U Boys,,tournament_only_team,24-FOOTHILL RED | FOOTHILL RED,2026-jo-weekend-2|14u-boys-classic
tournament-team-2026-14u-boys-greenwich-blue,GREENWICH BLUE,2026,14U,Boys,14U Boys,,tournament_only_team,2-GREENWICH BLUE | GREENWICH BLUE,2026-jo-weekend-2|14u-boys-championship
tournament-team-2026-14u-boys-greenwich-white,GREENWICH WHITE,2026,14U,Boys,14U Boys,,tournament_only_team,14-GREENWICH WHITE | GREENWICH WHITE,2026-jo-weekend-2|14u-boys-championship
tournament-team-2026-14u-boys-honolulu,HONOLULU,2026,14U,Boys,14U Boys,,tournament_only_team,46-HONOLULU | HONOLULU,2026-jo-weekend-2|14u-boys-classic
tournament-team-2026-14u-boys-honolulu-a,HONOLULU A,2026,14U,Boys,14U Boys,,tournament_only_team,20-HONOLULU A | HONOLULU A,2026-jo-weekend-2|14u-boys-championship
tournament-team-2026-14u-boys-la-city-united,LA CITY UNITED,2026,14U,Boys,14U Boys,,tournament_only_team,H(17)-LA CITY UNITED | LA CITY UNITED,2026-jo-weekend-2|14u-boys-invitational
tournament-team-2026-14u-boys-la-jolla-c,LA JOLLA C,2026,14U,Boys,14U Boys,,tournament_only_team,A(25)-LA JOLLA C | LA JOLLA C,2026-jo-weekend-2|14u-boys-invitational
tournament-team-2026-14u-boys-la-jolla-united,LA JOLLA UNITED,2026,14U,Boys,14U Boys,club-la-jolla-united,canonical_club_tournament_team,4-LA JOLLA UNITED | LA JOLLA UNITED,2026-jo-weekend-2|14u-boys-championship
tournament-team-2026-14u-boys-la-premier-black,LA PREMIER BLACK,2026,14U,Boys,14U Boys,,tournament_only_team,12-LA PREMIER BLACK | LA PREMIER BLACK,2026-jo-weekend-2|14u-boys-championship
tournament-team-2026-14u-boys-lb-shore-red,LB SHORE RED,2026,14U,Boys,14U Boys,,tournament_only_team,8-LB SHORE RED | LB SHORE RED,2026-jo-weekend-2|14u-boys-classic
tournament-team-2026-14u-boys-los-alamitos,LOS ALAMITOS,2026,14U,Boys,14U Boys,club-los-alamitos,canonical_club_tournament_team,L(13)-LOS ALAMITOS | LOS ALAMITOS,2026-jo-weekend-2|14u-boys-invitational
tournament-team-2026-14u-boys-loyola,LOYOLA,2026,14U,Boys,14U Boys,,tournament_only_team,I(33)-LOYOLA | LOYOLA,2026-jo-weekend-2|14u-boys-invitational
tournament-team-2026-14u-boys-mid-pen,MID PEN,2026,14U,Boys,14U Boys,club-mid-pen,canonical_club_tournament_team,C(22)-MID PEN | MID PEN,2026-jo-weekend-2|14u-boys-invitational
tournament-team-2026-14u-boys-navy,NAVY,2026,14U,Boys,14U Boys,club-navy,canonical_club_tournament_team,J(34)-NAVY | NAVY,2026-jo-weekend-2|14u-boys-invitational
tournament-team-2026-14u-boys-newport-beach-blue,NEWPORT BEACH BLUE,2026,14U,Boys,14U Boys,,tournament_only_team,5-NEWPORT BEACH BLUE | NEWPORT BEACH BLUE,2026-jo-weekend-2|14u-boys-championship
tournament-team-2026-14u-boys-newport-beach-white,NEWPORT BEACH WHITE,2026,14U,Boys,14U Boys,,tournament_only_team,35-NEWPORT BEACH WHITE | NEWPORT BEACH WHITE,2026-jo-weekend-2|14u-boys-classic
tournament-team-2026-14u-boys-norcal-black,NORCAL BLACK,2026,14U,Boys,14U Boys,,tournament_only_team,8-NORCAL BLACK | NORCAL BLACK,2026-jo-weekend-2|14u-boys-championship
tournament-team-2026-14u-boys-norcal-teal,NORCAL TEAL,2026,14U,Boys,14U Boys,,tournament_only_team,H(8)-NORCAL TEAL | NORCAL TEAL,2026-jo-weekend-2|14u-boys-invitational
tournament-team-2026-14u-boys-north-irvine-black,NORTH IRVINE BLACK,2026,14U,Boys,14U Boys,,tournament_only_team,23-NORTH IRVINE BLACK | NORTH IRVINE BLACK,2026-jo-weekend-2|14u-boys-championship
tournament-team-2026-14u-boys-north-irvine-red,NORTH IRVINE RED,2026,14U,Boys,14U Boys,,tournament_only_team,J(15)-NORTH IRVINE RED | NORTH IRVINE RED,2026-jo-weekend-2|14u-boys-invitational
tournament-team-2026-14u-boys-nsd-stars,NSD STARS,2026,14U,Boys,14U Boys,club-nsd-stars,canonical_club_tournament_team,A(1)-NSD STARS | NSD STARS,2026-jo-weekend-2|14u-boys-invitational
tournament-team-2026-14u-boys-ocwpc-blue,OCWPC BLUE,2026,14U,Boys,14U Boys,,tournament_only_team,1-OCWPC BLUE | OCWPC BLUE,2026-jo-weekend-2|14u-boys-classic
tournament-team-2026-14u-boys-ocwpc-red,OCWPC RED,2026,14U,Boys,14U Boys,,tournament_only_team,D(28)-OCWPC RED | OCWPC RED,2026-jo-weekend-2|14u-boys-invitational
tournament-team-2026-14u-boys-orwp-black,ORWP BLACK,2026,14U,Boys,14U Boys,,tournament_only_team,17-ORWP BLACK | ORWP BLACK,2026-jo-weekend-2|14u-boys-classic
tournament-team-2026-14u-boys-orwp-red,ORWP RED,2026,14U,Boys,14U Boys,,tournament_only_team,K(35)-ORWP RED | ORWP RED,2026-jo-weekend-2|14u-boys-invitational
tournament-team-2026-14u-boys-pac,PAC,2026,14U,Boys,14U Boys,,tournament_only_team,B(23)-PAC | PAC,2026-jo-weekend-2|14u-boys-invitational
tournament-team-2026-14u-boys-palos-verdes-black,PALOS VERDES BLACK,2026,14U,Boys,14U Boys,,tournament_only_team,15-PALOS VERDES BLACK | PALOS VERDES BLACK,2026-jo-weekend-2|14u-boys-championship
tournament-team-2026-14u-boys-palos-verdes-blue,PALOS VERDES BLUE,2026,14U,Boys,14U Boys,,tournament_only_team,F(6)-PALOS VERDES BLUE | PALOS VERDES BLUE,2026-jo-weekend-2|14u-boys-invitational
tournament-team-2026-14u-boys-patriot-navy,PATRIOT NAVY,2026,14U,Boys,14U Boys,,tournament_only_team,16-PATRIOT NAVY | PATRIOT NAVY,2026-jo-weekend-2|14u-boys-championship
tournament-team-2026-14u-boys-patriot-red,PATRIOT RED,2026,14U,Boys,14U Boys,,tournament_only_team,9-PATRIOT RED | PATRIOT RED,2026-jo-weekend-2|14u-boys-classic
tournament-team-2026-14u-boys-pride-black,PRIDE BLACK,2026,14U,Boys,14U Boys,,tournament_only_team,11-PRIDE BLACK | PRIDE BLACK,2026-jo-weekend-2|14u-boys-classic
tournament-team-2026-14u-boys-rose-bowl-black,ROSE BOWL BLACK,2026,14U,Boys,14U Boys,,tournament_only_team,L(36)-ROSE BOWL BLACK | ROSE BOWL BLACK,2026-jo-weekend-2|14u-boys-invitational
tournament-team-2026-14u-boys-rose-bowl-red,ROSE BOWL RED,2026,14U,Boys,14U Boys,,tournament_only_team,30-ROSE BOWL RED | ROSE BOWL RED,2026-jo-weekend-2|14u-boys-classic
tournament-team-2026-14u-boys-san-clemente-black,SAN CLEMENTE BLACK,2026,14U,Boys,14U Boys,,tournament_only_team,E(29)-SAN CLEMENTE BLACK | SAN CLEMENTE BLACK,2026-jo-weekend-2|14u-boys-invitational
tournament-team-2026-14u-boys-san-clemente-red,SAN CLEMENTE RED,2026,14U,Boys,14U Boys,,tournament_only_team,26-SAN CLEMENTE RED | SAN CLEMENTE RED,2026-jo-weekend-2|14u-boys-championship
tournament-team-2026-14u-boys-san-jose-express-blue,SAN JOSE EXPRESS BLUE,2026,14U,Boys,14U Boys,,tournament_only_team,19-SAN JOSE EXPRESS BLUE | SAN JOSE EXPRESS BLUE,2026-jo-weekend-2|14u-boys-classic
tournament-team-2026-14u-boys-san-jose-foundation-black,SAN JOSE FOUNDATION BLACK,2026,14U,Boys,14U Boys,,tournament_only_team,28-SAN JOSE FOUNDATION BLACK | SAN JOSE FOUNDATION BLACK,2026-jo-weekend-2|14u-boys-classic
tournament-team-2026-14u-boys-sand-canyon,SAND CANYON,2026,14U,Boys,14U Boys,club-sand-canyon,canonical_club_tournament_team,I(9)-SAND CANYON | SAND CANYON,2026-jo-weekend-2|14u-boys-invitational
tournament-team-2026-14u-boys-santa-barbara-wpc-a,SANTA BARBARA WPC A,2026,14U,Boys,14U Boys,,tournament_only_team,28-SANTA BARBARA WPC A | SANTA BARBARA WPC A,2026-jo-weekend-2|14u-boys-championship
tournament-team-2026-14u-boys-santa-cruz,SANTA CRUZ,2026,14U,Boys,14U Boys,club-santa-cruz,canonical_club_tournament_team,K(11)-SANTA CRUZ | SANTA CRUZ,2026-jo-weekend-2|14u-boys-invitational
tournament-team-2026-14u-boys-sd-dons-13a-gold,SD DONS 13A GOLD,2026,14U,Boys,14U Boys,,tournament_only_team,21-SD DONS 13A GOLD | SD DONS 13A GOLD,2026-jo-weekend-2|14u-boys-championship
tournament-team-2026-14u-boys-sd-dons-black,SD DONS BLACK,2026,14U,Boys,14U Boys,,tournament_only_team,29-SD DONS BLACK | SD DONS BLACK,2026-jo-weekend-2|14u-boys-classic
tournament-team-2026-14u-boys-sd-dons-red,SD DONS RED,2026,14U,Boys,14U Boys,,tournament_only_team,7-SD DONS RED | SD DONS RED,2026-jo-weekend-2|14u-boys-championship
tournament-team-2026-14u-boys-sd-shores-black,SD SHORES BLACK,2026,14U,Boys,14U Boys,,tournament_only_team,17-SD SHORES BLACK | SD SHORES BLACK,2026-jo-weekend-2|14u-boys-championship
tournament-team-2026-14u-boys-sd-shores-gold,SD SHORES GOLD,2026,14U,Boys,14U Boys,,tournament_only_team,20-SD SHORES GOLD | SD SHORES GOLD,2026-jo-weekend-2|14u-boys-classic
tournament-team-2026-14u-boys-socal,SOCAL,2026,14U,Boys,14U Boys,club-socal,canonical_club_tournament_team,C(3)-SOCAL | SOCAL,2026-jo-weekend-2|14u-boys-invitational
tournament-team-2026-14u-boys-south-coast-red,SOUTH COAST RED,2026,14U,Boys,14U Boys,,tournament_only_team,25-SOUTH COAST RED | SOUTH COAST RED,2026-jo-weekend-2|14u-boys-championship
tournament-team-2026-14u-boys-south-coast-white,SOUTH COAST WHITE,2026,14U,Boys,14U Boys,,tournament_only_team,B(2)-SOUTH COAST WHITE | SOUTH COAST WHITE,2026-jo-weekend-2|14u-boys-invitational
tournament-team-2026-14u-boys-sova,SOVA,2026,14U,Boys,14U Boys,,tournament_only_team,A(24)-SOVA | SOVA,2026-jo-weekend-2|14u-boys-invitational
tournament-team-2026-14u-boys-stanford-black,STANFORD BLACK,2026,14U,Boys,14U Boys,,tournament_only_team,2-STANFORD BLACK | STANFORD BLACK,2026-jo-weekend-2|14u-boys-classic
tournament-team-2026-14u-boys-stanford-red,STANFORD RED,2026,14U,Boys,14U Boys,,tournament_only_team,13-STANFORD RED | STANFORD RED,2026-jo-weekend-2|14u-boys-championship
tournament-team-2026-14u-boys-stanford-white,STANFORD WHITE,2026,14U,Boys,14U Boys,,tournament_only_team,L(12)-STANFORD WHITE | STANFORD WHITE,2026-jo-weekend-2|14u-boys-invitational
tournament-team-2026-14u-boys-team-vegas-red,TEAM VEGAS RED,2026,14U,Boys,14U Boys,,tournament_only_team,40-TEAM VEGAS RED | TEAM VEGAS RED,2026-jo-weekend-2|14u-boys-classic
tournament-team-2026-14u-boys-texas-thunder,TEXAS THUNDER,2026,14U,Boys,14U Boys,,tournament_only_team,31-TEXAS THUNDER | TEXAS THUNDER,2026-jo-weekend-2|14u-boys-championship
tournament-team-2026-14u-boys-titans-gold,TITANS GOLD,2026,14U,Boys,14U Boys,,tournament_only_team,45-TITANS GOLD | TITANS GOLD,2026-jo-weekend-2|14u-boys-classic
tournament-team-2026-14u-boys-tri-valley-tritons,TRI VALLEY TRITONS,2026,14U,Boys,14U Boys,,tournament_only_team,F(30)-TRI VALLEY TRITONS | TRI VALLEY TRITONS,2026-jo-weekend-2|14u-boys-invitational
tournament-team-2026-14u-boys-trilogy,TRILOGY,2026,14U,Boys,14U Boys,club-trilogy,canonical_club_tournament_team,K(14)-TRILOGY | TRILOGY,2026-jo-weekend-2|14u-boys-invitational
tournament-team-2026-14u-boys-trojan-cardinal,TROJAN CARDINAL,2026,14U,Boys,14U Boys,,tournament_only_team,22-TROJAN CARDINAL | TROJAN CARDINAL,2026-jo-weekend-2|14u-boys-classic
tournament-team-2026-14u-boys-tsunami,TSUNAMI,2026,14U,Boys,14U Boys,,tournament_only_team,3-TSUNAMI | TSUNAMI,2026-jo-weekend-2|14u-boys-classic
tournament-team-2026-14u-boys-valley-united,VALLEY UNITED,2026,14U,Boys,14U Boys,,tournament_only_team,H(32)-VALLEY UNITED | VALLEY UNITED,2026-jo-weekend-2|14u-boys-invitational
tournament-team-2026-14u-boys-vanguard-blue,VANGUARD BLUE,2026,14U,Boys,14U Boys,,tournament_only_team,19-VANGUARD BLUE | VANGUARD BLUE,2026-jo-weekend-2|14u-boys-championship
tournament-team-2026-14u-boys-vanguard-silver,VANGUARD SILVER,2026,14U,Boys,14U Boys,,tournament_only_team,4-VANGUARD SILVER | VANGUARD SILVER,2026-jo-weekend-2|14u-boys-classic
tournament-team-2026-14u-boys-vnited,VNITED,2026,14U,Boys,14U Boys,club-visalia-united,canonical_club_tournament_team,E(5)-VNITED | VNITED,2026-jo-weekend-2|14u-boys-invitational
tournament-team-2026-14u-girls-680-blue,680 BLUE,2026,14U,Girls,14U Girls,,tournament_only_team,680 BLUE | K1(11)-680 BLUE,2026-jo-weekend-1|14u-girls-classic
tournament-team-2026-14u-girls-alameda,ALAMEDA,2026,14U,Girls,14U Girls,club-alameda,canonical_club_tournament_team,A2(24)-ALAMEDA | ALAMEDA,2026-jo-weekend-1|14u-girls-classic
tournament-team-2026-14u-girls-brooklyn-hustle,BROOKLYN HUSTLE,2026,14U,Girls,14U Girls,club-brooklyn-hustle,canonical_club_tournament_team,33-BROOKLYN HUSTLE | BROOKLYN HUSTLE,2026-jo-weekend-1|14u-girls-championship
tournament-team-2026-14u-girls-bulldog,BULLDOG,2026,14U,Girls,14U Girls,club-bulldog,canonical_club_tournament_team,BULLDOG | E2(20)-BULLDOG,2026-jo-weekend-1|14u-girls-classic
tournament-team-2026-14u-girls-chawp-white,CHAWP WHITE,2026,14U,Girls,14U Girls,,tournament_only_team,15-CHAWP WHITE | CHAWP WHITE,2026-jo-weekend-1|14u-girls-championship
tournament-team-2026-14u-girls-chicago-park,CHICAGO PARK,2026,14U,Girls,14U Girls,club-chicago-park,canonical_club_tournament_team,43-CHICAGO PARK | CHICAGO PARK,2026-jo-weekend-1|14u-girls-championship
tournament-team-2026-14u-girls-chula-vista-premier,CHULA VISTA PREMIER,2026,14U,Girls,14U Girls,,tournament_only_team,39-CHULA VISTA PREMIER | CHULA VISTA PREMIER,2026-jo-weekend-1|14u-girls-classic
tournament-team-2026-14u-girls-ct-premier,CT PREMIER,2026,14U,Girls,14U Girls,club-ct-premier,canonical_club_tournament_team,CT PREMIER | I3(33)-CT PREMIER,2026-jo-weekend-1|14u-girls-classic
tournament-team-2026-14u-girls-honolulu,HONOLULU,2026,14U,Girls,14U Girls,,tournament_only_team,HONOLULU | K3(35)-HONOLULU,2026-jo-weekend-1|14u-girls-classic
tournament-team-2026-14u-girls-innia-arden,INNIA ARDEN,2026,14U,Girls,14U Girls,,tournament_only_team,23-INNIA ARDEN | INNIA ARDEN,2026-jo-weekend-1|14u-girls-championship
tournament-team-2026-14u-girls-kearns,KEARNS,2026,14U,Girls,14U Girls,club-kearns,canonical_club_tournament_team,34-KEARNS | KEARNS,2026-jo-weekend-1|14u-girls-championship
tournament-team-2026-14u-girls-newport-beach-white,NEWPORT BEACH WHITE,2026,14U,Girls,14U Girls,,tournament_only_team,17-NEWPORT BEACH WHITE | NEWPORT BEACH WHITE,2026-jo-weekend-1|14u-girls-classic
tournament-team-2026-14u-girls-norco,NORCO,2026,14U,Girls,14U Girls,club-norco,canonical_club_tournament_team,41-NORCO | NORCO,2026-jo-weekend-1|14u-girls-championship
tournament-team-2026-14u-girls-palos-verdes,PALOS VERDES,2026,14U,Girls,14U Girls,club-palos-verdes,canonical_club_tournament_team,C1(3)-PALOS VERDES | PALOS VERDES,2026-jo-weekend-1|14u-girls-classic
tournament-team-2026-14u-girls-placer,PLACER,2026,14U,Girls,14U Girls,,tournament_only_team,B3(26)-PLACER | PLACER,2026-jo-weekend-1|14u-girls-classic
tournament-team-2026-14u-girls-punahou,PUNAHOU,2026,14U,Girls,14U Girls,club-punahou,canonical_club_tournament_team,42-PUNAHOU | PUNAHOU,2026-jo-weekend-1|14u-girls-championship
tournament-team-2026-14u-girls-san-jose-express-blue,SAN JOSE EXPRESS BLUE,2026,14U,Girls,14U Girls,,tournament_only_team,6-SAN JOSE EXPRESS BLUE | SAN JOSE EXPRESS BLUE,2026-jo-weekend-1|14u-girls-classic
tournament-team-2026-14u-girls-san-jose-express-gold,SAN JOSE EXPRESS GOLD,2026,14U,Girls,14U Girls,,tournament_only_team,J3(34)-SAN JOSE EXPRESS GOLD | SAN JOSE EXPRESS GOLD,2026-jo-weekend-1|14u-girls-classic
tournament-team-2026-14u-girls-santa-barbara-wpc-b,SANTA BARBARA WPC B,2026,14U,Girls,14U Girls,,tournament_only_team,I1(9)-SANTA BARBARA WPC B | SANTA BARBARA WPC B,2026-jo-weekend-1|14u-girls-classic
tournament-team-2026-14u-girls-southside,SOUTHSIDE,2026,14U,Girls,14U Girls,,tournament_only_team,45-SOUTHSIDE | SOUTHSIDE,2026-jo-weekend-1|14u-girls-championship
tournament-team-2026-14u-girls-stanford-c,STANFORD C,2026,14U,Girls,14U Girls,,tournament_only_team,D3(28)-STANFORD C | STANFORD C,2026-jo-weekend-1|14u-girls-classic
tournament-team-2026-14u-girls-topaz-tsunami,TOPAZ TSUNAMI,2026,14U,Girls,14U Girls,club-topaz-tsunami,canonical_club_tournament_team,48-TOPAZ TSUNAMI | TOPAZ TSUNAMI,2026-jo-weekend-1|14u-girls-championship
tournament-team-2026-14u-girls-trojan,TROJAN,2026,14U,Girls,14U Girls,club-trojan,canonical_club_tournament_team,32-TROJAN | TROJAN,2026-jo-weekend-1|14u-girls-classic
tournament-team-2026-14u-girls-turul,TURUL,2026,14U,Girls,14U Girls,,tournament_only_team,G3(31)-TURUL | TURUL,2026-jo-weekend-1|14u-girls-classic
tournament-team-2026-14u-girls-wcac-united,WCAC UNITED,2026,14U,Girls,14U Girls,club-wcac-united,canonical_club_tournament_team,37-WCAC UNITED | WCAC UNITED,2026-jo-weekend-1|14u-girls-classic
tournament-team-2026-16u-boys-680-blue,680 BLUE,2026,16U,Boys,16U Boys,,tournament_only_team,19-680 BLUE | 680 BLUE,2026-jo-weekend-2|16u-boys-invitational
tournament-team-2026-16u-boys-680-red,680 RED,2026,16U,Boys,16U Boys,,tournament_only_team,17-680 RED | 680 RED,2026-jo-weekend-2|16u-boys-championship
tournament-team-2026-16u-boys-american-river-blue,AMERICAN RIVER BLUE,2026,16U,Boys,16U Boys,,tournament_only_team,32-AMERICAN RIVER BLUE | AMERICAN RIVER BLUE,2026-jo-weekend-2|16u-boys-championship
tournament-team-2026-16u-boys-american-river-gold,AMERICAN RIVER GOLD,2026,16U,Boys,16U Boys,,tournament_only_team,11-AMERICAN RIVER GOLD | AMERICAN RIVER GOLD,2026-jo-weekend-2|16u-boys-invitational
tournament-team-2026-16u-boys-berkeley,BERKELEY,2026,16U,Boys,16U Boys,,tournament_only_team,10-BERKELEY | BERKELEY,2026-jo-weekend-2|16u-boys-championship
tournament-team-2026-16u-boys-blue-crush,BLUE CRUSH,2026,16U,Boys,16U Boys,,tournament_only_team,33-BLUE CRUSH | BLUE CRUSH,2026-jo-weekend-2|16u-boys-invitational
tournament-team-2026-16u-boys-brea-olinda,BREA OLINDA,2026,16U,Boys,16U Boys,club-brea-olinda,canonical_club_tournament_team,48-BREA OLINDA | BREA OLINDA,2026-jo-weekend-2|16u-boys-invitational
tournament-team-2026-16u-boys-brooklyn-hustle,BROOKLYN HUSTLE,2026,16U,Boys,16U Boys,club-brooklyn-hustle,canonical_club_tournament_team,37-BROOKLYN HUSTLE | BROOKLYN HUSTLE,2026-jo-weekend-2|16u-boys-invitational
tournament-team-2026-16u-boys-cal-republic,CAL REPUBLIC,2026,16U,Boys,16U Boys,,tournament_only_team,12-CAL REPUBLIC | CAL REPUBLIC,2026-jo-weekend-2|16u-boys-classic
tournament-team-2026-16u-boys-carlsbad-a,CARLSBAD A,2026,16U,Boys,16U Boys,,tournament_only_team,1-CARLSBAD A | CARLSBAD A,2026-jo-weekend-2|16u-boys-classic
tournament-team-2026-16u-boys-carmel,CARMEL,2026,16U,Boys,16U Boys,,tournament_only_team,3-CARMEL | CARMEL,2026-jo-weekend-2|16u-boys-invitational
tournament-team-2026-16u-boys-cc-united-black,CC UNITED BLACK,2026,16U,Boys,16U Boys,,tournament_only_team,15-CC UNITED BLACK | CC UNITED BLACK,2026-jo-weekend-2|16u-boys-championship
tournament-team-2026-16u-boys-cc-united-blue-b,CC UNITED BLUE B,2026,16U,Boys,16U Boys,,tournament_only_team,38-CC UNITED BLUE B | CC UNITED BLUE B,2026-jo-weekend-2|16u-boys-championship
tournament-team-2026-16u-boys-cc-united-red,CC UNITED RED,2026,16U,Boys,16U Boys,,tournament_only_team,34-CC UNITED RED | CC UNITED RED,2026-jo-weekend-2|16u-boys-invitational
tournament-team-2026-16u-boys-ccu-white,CCU WHITE,2026,16U,Boys,16U Boys,,tournament_only_team,24-CCU WHITE | CCU WHITE,2026-jo-weekend-2|16u-boys-invitational
tournament-team-2026-16u-boys-central-valley-united,CENTRAL VALLEY UNITED,2026,16U,Boys,16U Boys,,tournament_only_team,21-CENTRAL VALLEY UNITED | CENTRAL VALLEY UNITED,2026-jo-weekend-2|16u-boys-classic
tournament-team-2026-16u-boys-chawp-blue,CHAWP BLUE,2026,16U,Boys,16U Boys,,tournament_only_team,16-CHAWP BLUE | CHAWP BLUE,2026-jo-weekend-2|16u-boys-invitational
tournament-team-2026-16u-boys-chawp-white,CHAWP WHITE,2026,16U,Boys,16U Boys,,tournament_only_team,4-CHAWP WHITE | CHAWP WHITE,2026-jo-weekend-2|16u-boys-classic
tournament-team-2026-16u-boys-chula-vista-premier,CHULA VISTA PREMIER,2026,16U,Boys,16U Boys,,tournament_only_team,39-CHULA VISTA PREMIER | CHULA VISTA PREMIER,2026-jo-weekend-2|16u-boys-invitational
tournament-team-2026-16u-boys-ciu-blue,CIU BLUE,2026,16U,Boys,16U Boys,,tournament_only_team,41-CIU BLUE | CIU BLUE,2026-jo-weekend-2|16u-boys-classic
tournament-team-2026-16u-boys-ciu-gold,CIU GOLD,2026,16U,Boys,16U Boys,,tournament_only_team,7-CIU GOLD | CIU GOLD,2026-jo-weekend-2|16u-boys-championship
tournament-team-2026-16u-boys-clovis-red,CLOVIS RED,2026,16U,Boys,16U Boys,club-clovis,canonical_club_tournament_team,41-CLOVIS RED | CLOVIS RED,2026-jo-weekend-2|16u-boys-championship
tournament-team-2026-16u-boys-cmac,CMAC,2026,16U,Boys,16U Boys,club-cmac,canonical_club_tournament_team,7-CMAC | CMAC,2026-jo-weekend-2|16u-boys-invitational
tournament-team-2026-16u-boys-corona-del-mar,CORONA DEL MAR,2026,16U,Boys,16U Boys,,tournament_only_team,9-CORONA DEL MAR | CORONA DEL MAR,2026-jo-weekend-2|16u-boys-classic
tournament-team-2026-16u-boys-davis-white,DAVIS WHITE,2026,16U,Boys,16U Boys,,tournament_only_team,27-DAVIS WHITE | DAVIS WHITE,2026-jo-weekend-2|16u-boys-classic
tournament-team-2026-16u-boys-devils-gate,DEVILS GATE,2026,16U,Boys,16U Boys,club-devils-gate,canonical_club_tournament_team,18-DEVILS GATE | DEVILS GATE,2026-jo-weekend-2|16u-boys-invitational
tournament-team-2026-16u-boys-eca-a,ECA A,2026,16U,Boys,16U Boys,,tournament_only_team,7-ECA A | ECA A,2026-jo-weekend-2|16u-boys-classic
tournament-team-2026-16u-boys-eca-b,ECA B,2026,16U,Boys,16U Boys,,tournament_only_team,27-ECA B | ECA B,2026-jo-weekend-2|16u-boys-invitational
tournament-team-2026-16u-boys-elite,ELITE,2026,16U,Boys,16U Boys,club-elite,canonical_club_tournament_team,29-ELITE | ELITE,2026-jo-weekend-2|16u-boys-invitational
tournament-team-2026-16u-boys-foothill-red,FOOTHILL RED,2026,16U,Boys,16U Boys,,tournament_only_team,20-FOOTHILL RED | FOOTHILL RED,2026-jo-weekend-2|16u-boys-classic
tournament-team-2026-16u-boys-greenwich-blue,GREENWICH BLUE,2026,16U,Boys,16U Boys,,tournament_only_team,13-GREENWICH BLUE | GREENWICH BLUE,2026-jo-weekend-2|16u-boys-championship
tournament-team-2026-16u-boys-greenwich-white,GREENWICH WHITE,2026,16U,Boys,16U Boys,,tournament_only_team,23-GREENWICH WHITE | GREENWICH WHITE,2026-jo-weekend-2|16u-boys-championship
tournament-team-2026-16u-boys-hieland,HIELAND,2026,16U,Boys,16U Boys,club-hieland,canonical_club_tournament_team,14-HIELAND | HIELAND,2026-jo-weekend-2|16u-boys-invitational
tournament-team-2026-16u-boys-honolulu-a,HONOLULU A,2026,16U,Boys,16U Boys,,tournament_only_team,33-HONOLULU A | HONOLULU A,2026-jo-weekend-2|16u-boys-championship
tournament-team-2026-16u-boys-honolulu-b,HONOLULU B,2026,16U,Boys,16U Boys,,tournament_only_team,47-HONOLULU B | HONOLULU B,2026-jo-weekend-2|16u-boys-championship
tournament-team-2026-16u-boys-innis-arden,INNIS ARDEN,2026,16U,Boys,16U Boys,club-innis-arden,canonical_club_tournament_team,44-INNIS ARDEN | INNIS ARDEN,2026-jo-weekend-2|16u-boys-invitational
tournament-team-2026-16u-boys-la-jolla-united-black,LA JOLLA UNITED BLACK,2026,16U,Boys,16U Boys,,tournament_only_team,2-LA JOLLA UNITED BLACK | LA JOLLA UNITED BLACK,2026-jo-weekend-2|16u-boys-championship
tournament-team-2026-16u-boys-lamorinda-a,LAMORINDA A,2026,16U,Boys,16U Boys,,tournament_only_team,14-LAMORINDA A | LAMORINDA A,2026-jo-weekend-2|16u-boys-championship
tournament-team-2026-16u-boys-lb-shore-black,LB SHORE BLACK,2026,16U,Boys,16U Boys,,tournament_only_team,13-LB SHORE BLACK | LB SHORE BLACK,2026-jo-weekend-2|16u-boys-invitational
tournament-team-2026-16u-boys-lb-shore-red,LB SHORE RED,2026,16U,Boys,16U Boys,,tournament_only_team,30-LB SHORE RED | LB SHORE RED,2026-jo-weekend-2|16u-boys-championship
tournament-team-2026-16u-boys-loyola,LOYOLA,2026,16U,Boys,16U Boys,,tournament_only_team,36-LOYOLA | LOYOLA,2026-jo-weekend-2|16u-boys-invitational
tournament-team-2026-16u-boys-navy,NAVY,2026,16U,Boys,16U Boys,club-navy,canonical_club_tournament_team,20-NAVY | NAVY,2026-jo-weekend-2|16u-boys-invitational
tournament-team-2026-16u-boys-newberg,NEWBERG,2026,16U,Boys,16U Boys,club-newberg,canonical_club_tournament_team,38-NEWBERG | NEWBERG,2026-jo-weekend-2|16u-boys-invitational
tournament-team-2026-16u-boys-newport-beach-blue,NEWPORT BEACH BLUE,2026,16U,Boys,16U Boys,,tournament_only_team,6-NEWPORT BEACH BLUE | NEWPORT BEACH BLUE,2026-jo-weekend-2|16u-boys-championship
tournament-team-2026-16u-boys-newport-beach-white,NEWPORT BEACH WHITE,2026,16U,Boys,16U Boys,,tournament_only_team,22-NEWPORT BEACH WHITE | NEWPORT BEACH WHITE,2026-jo-weekend-2|16u-boys-classic
tournament-team-2026-16u-boys-norcal-black,NORCAL BLACK,2026,16U,Boys,16U Boys,,tournament_only_team,6-NORCAL BLACK | NORCAL BLACK,2026-jo-weekend-2|16u-boys-classic
tournament-team-2026-16u-boys-norcal-teal,NORCAL TEAL,2026,16U,Boys,16U Boys,,tournament_only_team,9-NORCAL TEAL | NORCAL TEAL,2026-jo-weekend-2|16u-boys-invitational
tournament-team-2026-16u-boys-nsd-stars,NSD STARS,2026,16U,Boys,16U Boys,club-nsd-stars,canonical_club_tournament_team,2-NSD STARS | NSD STARS,2026-jo-weekend-2|16u-boys-invitational
tournament-team-2026-16u-boys-nwc,NWC,2026,16U,Boys,16U Boys,,tournament_only_team,32-NWC | NWC,2026-jo-weekend-2|16u-boys-invitational
tournament-team-2026-16u-boys-palos-verdes-black,PALOS VERDES BLACK,2026,16U,Boys,16U Boys,,tournament_only_team,11-PALOS VERDES BLACK | PALOS VERDES BLACK,2026-jo-weekend-2|16u-boys-classic
tournament-team-2026-16u-boys-palos-verdes-blue,PALOS VERDES BLUE,2026,16U,Boys,16U Boys,,tournament_only_team,42-PALOS VERDES BLUE | PALOS VERDES BLUE,2026-jo-weekend-2|16u-boys-invitational
tournament-team-2026-16u-boys-patriot-navy,PATRIOT NAVY,2026,16U,Boys,16U Boys,,tournament_only_team,16-PATRIOT NAVY | PATRIOT NAVY,2026-jo-weekend-2|16u-boys-championship
tournament-team-2026-16u-boys-pegasus-blue,PEGASUS BLUE,2026,16U,Boys,16U Boys,,tournament_only_team,40-PEGASUS BLUE | PEGASUS BLUE,2026-jo-weekend-2|16u-boys-championship
tournament-team-2026-16u-boys-praetorian-black,PRAETORIAN BLACK,2026,16U,Boys,16U Boys,,tournament_only_team,26-PRAETORIAN BLACK | PRAETORIAN BLACK,2026-jo-weekend-2|16u-boys-classic
tournament-team-2026-16u-boys-praetorian-white,PRAETORIAN WHITE,2026,16U,Boys,16U Boys,,tournament_only_team,26-PRAETORIAN WHITE | PRAETORIAN WHITE,2026-jo-weekend-2|16u-boys-invitational
tournament-team-2026-16u-boys-princeton,PRINCETON,2026,16U,Boys,16U Boys,club-princeton,canonical_club_tournament_team,21-PRINCETON | PRINCETON,2026-jo-weekend-2|16u-boys-invitational
tournament-team-2026-16u-boys-rose-bowl-red,ROSE BOWL RED,2026,16U,Boys,16U Boys,,tournament_only_team,27-ROSE BOWL RED | ROSE BOWL RED,2026-jo-weekend-2|16u-boys-championship
tournament-team-2026-16u-boys-sacramento-black,SACRAMENTO BLACK,2026,16U,Boys,16U Boys,,tournament_only_team,17-SACRAMENTO BLACK | SACRAMENTO BLACK,2026-jo-weekend-2|16u-boys-invitational
tournament-team-2026-16u-boys-san-clemente-red,SAN CLEMENTE RED,2026,16U,Boys,16U Boys,,tournament_only_team,5-SAN CLEMENTE RED | SAN CLEMENTE RED,2026-jo-weekend-2|16u-boys-classic
tournament-team-2026-16u-boys-san-jose-express-blue,SAN JOSE EXPRESS BLUE,2026,16U,Boys,16U Boys,,tournament_only_team,34-SAN JOSE EXPRESS BLUE | SAN JOSE EXPRESS BLUE,2026-jo-weekend-2|16u-boys-classic
tournament-team-2026-16u-boys-san-jose-express-gold,SAN JOSE EXPRESS GOLD,2026,16U,Boys,16U Boys,,tournament_only_team,28-SAN JOSE EXPRESS GOLD | SAN JOSE EXPRESS GOLD,2026-jo-weekend-2|16u-boys-invitational
tournament-team-2026-16u-boys-san-jose-foundation,SAN JOSE FOUNDATION,2026,16U,Boys,16U Boys,,tournament_only_team,24-SAN JOSE FOUNDATION | SAN JOSE FOUNDATION,2026-jo-weekend-2|16u-boys-championship
tournament-team-2026-16u-boys-san-jose-foundation-b,SAN JOSE FOUNDATION B,2026,16U,Boys,16U Boys,,tournament_only_team,6-SAN JOSE FOUNDATION B | SAN JOSE FOUNDATION B,2026-jo-weekend-2|16u-boys-invitational
tournament-team-2026-16u-boys-sand-canyon-black,SAND CANYON BLACK,2026,16U,Boys,16U Boys,,tournament_only_team,25-SAND CANYON BLACK | SAND CANYON BLACK,2026-jo-weekend-2|16u-boys-championship
tournament-team-2026-16u-boys-sand-canyon-red,SAND CANYON RED,2026,16U,Boys,16U Boys,,tournament_only_team,40-SAND CANYON RED | SAND CANYON RED,2026-jo-weekend-2|16u-boys-invitational
tournament-team-2026-16u-boys-santa-barbara-wpc-a,SANTA BARBARA WPC A,2026,16U,Boys,16U Boys,,tournament_only_team,9-SANTA BARBARA WPC A | SANTA BARBARA WPC A,2026-jo-weekend-2|16u-boys-championship
tournament-team-2026-16u-boys-santa-barbara-wpc-b,SANTA BARBARA WPC B,2026,16U,Boys,16U Boys,,tournament_only_team,25-SANTA BARBARA WPC B | SANTA BARBARA WPC B,2026-jo-weekend-2|16u-boys-invitational
tournament-team-2026-16u-boys-santa-cruz,SANTA CRUZ,2026,16U,Boys,16U Boys,club-santa-cruz,canonical_club_tournament_team,29-SANTA CRUZ | SANTA CRUZ,2026-jo-weekend-2|16u-boys-championship
tournament-team-2026-16u-boys-sd-shores-black,SD SHORES BLACK,2026,16U,Boys,16U Boys,,tournament_only_team,1-SD SHORES BLACK | SD SHORES BLACK,2026-jo-weekend-2|16u-boys-championship
tournament-team-2026-16u-boys-sd-shores-gold,SD SHORES GOLD,2026,16U,Boys,16U Boys,,tournament_only_team,14-SD SHORES GOLD | SD SHORES GOLD,2026-jo-weekend-2|16u-boys-classic
tournament-team-2026-16u-boys-sd-shores-white,SD SHORES WHITE,2026,16U,Boys,16U Boys,,tournament_only_team,31-SD SHORES WHITE | SD SHORES WHITE,2026-jo-weekend-2|16u-boys-invitational
tournament-team-2026-16u-boys-shaq-blue,SHAQ BLUE,2026,16U,Boys,16U Boys,,tournament_only_team,8-SHAQ BLUE | SHAQ BLUE,2026-jo-weekend-2|16u-boys-classic
tournament-team-2026-16u-boys-smac,SMAC,2026,16U,Boys,16U Boys,club-smac,canonical_club_tournament_team,8-SMAC | SMAC,2026-jo-weekend-2|16u-boys-invitational
tournament-team-2026-16u-boys-socal,SOCAL,2026,16U,Boys,16U Boys,club-socal,canonical_club_tournament_team,10-SOCAL | SOCAL,2026-jo-weekend-2|16u-boys-invitational
tournament-team-2026-16u-boys-south-coast-red,SOUTH COAST RED,2026,16U,Boys,16U Boys,,tournament_only_team,2-SOUTH COAST RED | SOUTH COAST RED,2026-jo-weekend-2|16u-boys-classic
tournament-team-2026-16u-boys-south-coast-white,SOUTH COAST WHITE,2026,16U,Boys,16U Boys,,tournament_only_team,1-SOUTH COAST WHITE | SOUTH COAST WHITE,2026-jo-weekend-2|16u-boys-invitational
tournament-team-2026-16u-boys-sova,SOVA,2026,16U,Boys,16U Boys,,tournament_only_team,43-SOVA | SOVA,2026-jo-weekend-2|16u-boys-invitational
tournament-team-2026-16u-boys-stanford-black,STANFORD BLACK,2026,16U,Boys,16U Boys,,tournament_only_team,18-STANFORD BLACK | STANFORD BLACK,2026-jo-weekend-2|16u-boys-classic
tournament-team-2026-16u-boys-stanford-red,STANFORD RED,2026,16U,Boys,16U Boys,,tournament_only_team,3-STANFORD RED | STANFORD RED,2026-jo-weekend-2|16u-boys-championship
tournament-team-2026-16u-boys-supreme,SUPREME,2026,16U,Boys,16U Boys,club-supreme,canonical_club_tournament_team,4-SUPREME | SUPREME,2026-jo-weekend-2|16u-boys-invitational
tournament-team-2026-16u-boys-temple-city-yellow,TEMPLE CITY YELLOW,2026,16U,Boys,16U Boys,,tournament_only_team,15-TEMPLE CITY YELLOW | TEMPLE CITY YELLOW,2026-jo-weekend-2|16u-boys-invitational
tournament-team-2026-16u-boys-texas-thunder-black,TEXAS THUNDER BLACK,2026,16U,Boys,16U Boys,,tournament_only_team,22-TEXAS THUNDER BLACK | TEXAS THUNDER BLACK,2026-jo-weekend-2|16u-boys-championship
tournament-team-2026-16u-boys-texas-thunder-blue,TEXAS THUNDER BLUE,2026,16U,Boys,16U Boys,,tournament_only_team,33-TEXAS THUNDER BLUE | TEXAS THUNDER BLUE,2026-jo-weekend-2|16u-boys-classic
tournament-team-2026-16u-boys-third-coast-aquatics,THIRD COAST AQUATICS,2026,16U,Boys,16U Boys,,tournament_only_team,44-THIRD COAST AQUATICS | THIRD COAST AQUATICS,2026-jo-weekend-2|16u-boys-classic
tournament-team-2026-16u-boys-trilogy,TRILOGY,2026,16U,Boys,16U Boys,club-trilogy,canonical_club_tournament_team,5-TRILOGY | TRILOGY,2026-jo-weekend-2|16u-boys-invitational
tournament-team-2026-16u-boys-trilogy-b,TRILOGY B,2026,16U,Boys,16U Boys,,tournament_only_team,47-TRILOGY B | TRILOGY B,2026-jo-weekend-2|16u-boys-invitational
tournament-team-2026-16u-boys-trojan-cardinal,TROJAN CARDINAL,2026,16U,Boys,16U Boys,,tournament_only_team,12-TROJAN CARDINAL | TROJAN CARDINAL,2026-jo-weekend-2|16u-boys-championship
tournament-team-2026-16u-boys-trojan-gold,TROJAN GOLD,2026,16U,Boys,16U Boys,,tournament_only_team,15-TROJAN GOLD | TROJAN GOLD,2026-jo-weekend-2|16u-boys-classic
tournament-team-2026-16u-boys-vanguard-blue,VANGUARD BLUE,2026,16U,Boys,16U Boys,,tournament_only_team,8-VANGUARD BLUE | VANGUARD BLUE,2026-jo-weekend-2|16u-boys-championship
tournament-team-2026-16u-boys-vanguard-silver,VANGUARD SILVER,2026,16U,Boys,16U Boys,,tournament_only_team,10-VANGUARD SILVER | VANGUARD SILVER,2026-jo-weekend-2|16u-boys-classic
tournament-team-2026-16u-boys-vanguard-white,VANGUARD WHITE,2026,16U,Boys,16U Boys,,tournament_only_team,12-VANGUARD WHITE | VANGUARD WHITE,2026-jo-weekend-2|16u-boys-invitational
tournament-team-2026-16u-boys-vnited-b,VNITED B,2026,16U,Boys,16U Boys,club-visalia-united,canonical_club_tournament_team,23-VNITED B | VNITED B,2026-jo-weekend-2|16u-boys-invitational
tournament-team-2026-16u-boys-wcac-united-a,WCAC UNITED A,2026,16U,Boys,16U Boys,,tournament_only_team,39-WCAC UNITED A | WCAC UNITED A,2026-jo-weekend-2|16u-boys-classic
tournament-team-2026-16u-boys-wcac-united-b,WCAC UNITED B,2026,16U,Boys,16U Boys,,tournament_only_team,30-WCAC UNITED B | WCAC UNITED B,2026-jo-weekend-2|16u-boys-invitational
tournament-team-2026-16u-girls-680-blue,680 BLUE,2026,16U,Girls,16U Girls,,tournament_only_team,22-680 BLUE | 680 BLUE,2026-jo-weekend-1|16u-girls-classic
tournament-team-2026-16u-girls-680-red,680 RED,2026,16U,Girls,16U Girls,,tournament_only_team,680 RED | 8-680 RED,2026-jo-weekend-1|16u-girls-championship
tournament-team-2026-16u-girls-alameda,ALAMEDA,2026,16U,Girls,16U Girls,club-alameda,canonical_club_tournament_team,23-ALAMEDA | ALAMEDA,2026-jo-weekend-1|16u-girls-classic
tournament-team-2026-16u-girls-american-river,AMERICAN RIVER,2026,16U,Girls,16U Girls,club-american-river,canonical_club_tournament_team,17-AMERICAN RIVER | AMERICAN RIVER,2026-jo-weekend-1|16u-girls-classic
tournament-team-2026-16u-girls-big-valley,BIG VALLEY,2026,16U,Girls,16U Girls,club-big-valley,canonical_club_tournament_team,19-BIG VALLEY | BIG VALLEY,2026-jo-weekend-1|16u-girls-classic
tournament-team-2026-16u-girls-brooklyn-hustle,BROOKLYN HUSTLE,2026,16U,Girls,16U Girls,club-brooklyn-hustle,canonical_club_tournament_team,47-BROOKLYN HUSTLE | BROOKLYN HUSTLE,2026-jo-weekend-1|16u-girls-championship
tournament-team-2026-16u-girls-burlingame,BURLINGAME,2026,16U,Girls,16U Girls,,tournament_only_team,45-BURLINGAME | BURLINGAME,2026-jo-weekend-1|16u-girls-classic
tournament-team-2026-16u-girls-cal-republic,CAL REPUBLIC,2026,16U,Girls,16U Girls,,tournament_only_team,CAL REPUBLIC | G1(7)-CAL REPUBLIC,2026-jo-weekend-1|16u-girls-classic
tournament-team-2026-16u-girls-cc-united,CC UNITED,2026,16U,Girls,16U Girls,club-cc-united,canonical_club_tournament_team,32-CC UNITED | CC UNITED,2026-jo-weekend-1|16u-girls-classic
tournament-team-2026-16u-girls-chawp-blue,CHAWP BLUE,2026,16U,Girls,16U Girls,,tournament_only_team,CHAWP BLUE | G3(31)-CHAWP BLUE,2026-jo-weekend-1|16u-girls-classic
tournament-team-2026-16u-girls-chawp-white,CHAWP WHITE,2026,16U,Girls,16U Girls,,tournament_only_team,20-CHAWP WHITE | CHAWP WHITE,2026-jo-weekend-1|16u-girls-championship
tournament-team-2026-16u-girls-colorado,COLORADO,2026,16U,Girls,16U Girls,club-colorado,canonical_club_tournament_team,46-COLORADO | COLORADO,2026-jo-weekend-1|16u-girls-championship
tournament-team-2026-16u-girls-corona-del-mar,CORONA DEL MAR,2026,16U,Girls,16U Girls,,tournament_only_team,CORONA DEL MAR | D1 (4)-CORONA DEL MAR,2026-jo-weekend-1|16u-girls-classic
tournament-team-2026-16u-girls-davis,DAVIS,2026,16U,Girls,16U Girls,club-davis,canonical_club_tournament_team,35-DAVIS | DAVIS,2026-jo-weekend-1|16u-girls-championship
tournament-team-2026-16u-girls-elmhurst,ELMHURST,2026,16U,Girls,16U Girls,club-elmhurst,canonical_club_tournament_team,33-ELMHURST | ELMHURST,2026-jo-weekend-1|16u-girls-championship
tournament-team-2026-16u-girls-great-lakes-aquatics,GREAT LAKES AQUATICS,2026,16U,Girls,16U Girls,club-great-lakes-aquatics,canonical_club_tournament_team,44-GREAT LAKES AQUATICS | GREAT LAKES AQUATICS,2026-jo-weekend-1|16u-girls-championship
tournament-team-2026-16u-girls-greenwich,GREENWICH,2026,16U,Girls,16U Girls,club-greenwich,canonical_club_tournament_team,19-GREENWICH | GREENWICH,2026-jo-weekend-1|16u-girls-championship
tournament-team-2026-16u-girls-la-jolla-united,LA JOLLA UNITED,2026,16U,Girls,16U Girls,club-la-jolla-united,canonical_club_tournament_team,14-LA JOLLA UNITED | 9-LA JOLLA UNITED | LA JOLLA UNITED,2026-jo-weekend-1|16u-girls-championship | 2026-jo-weekend-1|16u-girls-classic
tournament-team-2026-16u-girls-lamorinda-brentwood,LAMORINDA BRENTWOOD,2026,16U,Girls,16U Girls,,tournament_only_team,27-LAMORINDA BRENTWOOD | LAMORINDA BRENTWOOD,2026-jo-weekend-1|16u-girls-classic
tournament-team-2026-16u-girls-lb-shore,LB SHORE,2026,16U,Girls,16U Girls,club-long-beach-shore,canonical_club_tournament_team,38-LB SHORE | LB SHORE,2026-jo-weekend-1|16u-girls-classic
tournament-team-2026-16u-girls-legacy-orange,LEGACY ORANGE,2026,16U,Girls,16U Girls,,tournament_only_team,A3(25)-LEGACY ORANGE | LEGACY ORANGE,2026-jo-weekend-1|16u-girls-classic
tournament-team-2026-16u-girls-longhorn,LONGHORN,2026,16U,Girls,16U Girls,club-longhorn,canonical_club_tournament_team,34-LONGHORN | LONGHORN,2026-jo-weekend-1|16u-girls-championship
tournament-team-2026-16u-girls-lowpo,LOWPO,2026,16U,Girls,16U Girls,club-lowpo,canonical_club_tournament_team,30-LOWPO | LOWPO,2026-jo-weekend-1|16u-girls-championship
tournament-team-2026-16u-girls-loyola-venice,LOYOLA VENICE,2026,16U,Girls,16U Girls,,tournament_only_team,34-LOYOLA VENICE | LOYOLA VENICE,2026-jo-weekend-1|16u-girls-classic
tournament-team-2026-16u-girls-lyons-aquatics,LYONS AQUATICS,2026,16U,Girls,16U Girls,club-lyons-aquatics,canonical_club_tournament_team,39-LYONS AQUATICS | LYONS AQUATICS,2026-jo-weekend-1|16u-girls-championship
tournament-team-2026-16u-girls-mid-valley-white,MID VALLEY WHITE,2026,16U,Girls,16U Girls,,tournament_only_team,41-MID VALLEY WHITE | MID VALLEY WHITE,2026-jo-weekend-1|16u-girls-classic
tournament-team-2026-16u-girls-midvalley-blue,MIDVALLEY BLUE,2026,16U,Girls,16U Girls,,tournament_only_team,20-MIDVALLEY BLUE | MIDVALLEY BLUE,2026-jo-weekend-1|16u-girls-classic
tournament-team-2026-16u-girls-nipc,NIPC,2026,16U,Girls,16U Girls,club-nipc,canonical_club_tournament_team,43-NIPC | NIPC,2026-jo-weekend-1|16u-girls-championship
tournament-team-2026-16u-girls-norcal-black,NORCAL BLACK,2026,16U,Girls,16U Girls,,tournament_only_team,27-NORCAL BLACK | NORCAL BLACK,2026-jo-weekend-1|16u-girls-championship
tournament-team-2026-16u-girls-norcal-teal,NORCAL TEAL,2026,16U,Girls,16U Girls,,tournament_only_team,42-NORCAL TEAL | NORCAL TEAL,2026-jo-weekend-1|16u-girls-classic
tournament-team-2026-16u-girls-oahu,OAHU,2026,16U,Girls,16U Girls,,tournament_only_team,12-OAHU | OAHU,2026-jo-weekend-1|16u-girls-classic
tournament-team-2026-16u-girls-olympus,OLYMPUS,2026,16U,Girls,16U Girls,,tournament_only_team,31-OLYMPUS | OLYMPUS,2026-jo-weekend-1|16u-girls-championship
tournament-team-2026-16u-girls-pacific-valley-premier,PACIFIC VALLEY PREMIER,2026,16U,Girls,16U Girls,,tournament_only_team,44-PACIFIC VALLEY PREMIER | PACIFIC VALLEY PREMIER,2026-jo-weekend-1|16u-girls-classic
tournament-team-2026-16u-girls-palos-verdes-black,PALOS VERDES BLACK,2026,16U,Girls,16U Girls,,tournament_only_team,24-PALOS VERDES BLACK | PALOS VERDES BLACK,2026-jo-weekend-1|16u-girls-championship
tournament-team-2026-16u-girls-praetorian,PRAETORIAN,2026,16U,Girls,16U Girls,club-praetorian,canonical_club_tournament_team,36-PRAETORIAN | PRAETORIAN,2026-jo-weekend-1|16u-girls-championship
tournament-team-2026-16u-girls-rain-city,RAIN CITY,2026,16U,Girls,16U Girls,club-rain-city,canonical_club_tournament_team,38-RAIN CITY | RAIN CITY,2026-jo-weekend-1|16u-girls-championship
tournament-team-2026-16u-girls-rose-bowl-black,ROSE BOWL BLACK,2026,16U,Girls,16U Girls,,tournament_only_team,A2(24)-ROSE BOWL BLACK | ROSE BOWL BLACK,2026-jo-weekend-1|16u-girls-classic
tournament-team-2026-16u-girls-rose-bowl-red-a,ROSE BOWL RED A,2026,16U,Girls,16U Girls,,tournament_only_team,5-ROSE BOWL RED A | ROSE BOWL RED A,2026-jo-weekend-1|16u-girls-classic
tournament-team-2026-16u-girls-sacramento-black,SACRAMENTO BLACK,2026,16U,Girls,16U Girls,,tournament_only_team,G2(18)-SACRAMENTO BLACK | SACRAMENTO BLACK,2026-jo-weekend-1|16u-girls-classic
tournament-team-2026-16u-girls-sacramento-orange,SACRAMENTO ORANGE,2026,16U,Girls,16U Girls,,tournament_only_team,35-SACRAMENTO ORANGE | SACRAMENTO ORANGE,2026-jo-weekend-1|16u-girls-classic
tournament-team-2026-16u-girls-san-francisco-warriors,SAN FRANCISCO WARRIORS,2026,16U,Girls,16U Girls,,tournament_only_team,43-SAN FRANCISCO WARRIORS | SAN FRANCISCO WARRIORS,2026-jo-weekend-1|16u-girls-classic
tournament-team-2026-16u-girls-san-joe-express-blue,SAN JOE EXPRESS BLUE,2026,16U,Girls,16U Girls,,tournament_only_team,37-SAN JOE EXPRESS BLUE | SAN JOE EXPRESS BLUE,2026-jo-weekend-1|16u-girls-championship
tournament-team-2026-16u-girls-san-jose-express-gold,SAN JOSE EXPRESS GOLD,2026,16U,Girls,16U Girls,,tournament_only_team,37-SAN JOSE EXPRESS GOLD | SAN JOSE EXPRESS GOLD,2026-jo-weekend-1|16u-girls-classic
tournament-team-2026-16u-girls-santa-cruz,SANTA CRUZ,2026,16U,Girls,16U Girls,club-santa-cruz,canonical_club_tournament_team,11-SANTA CRUZ | SANTA CRUZ,2026-jo-weekend-1|16u-girls-championship
tournament-team-2026-16u-girls-sd-shores-black,SD SHORES BLACK,2026,16U,Girls,16U Girls,,tournament_only_team,12-SD SHORES BLACK | SD SHORES BLACK,2026-jo-weekend-1|16u-girls-championship
tournament-team-2026-16u-girls-sd-shores-gold,SD SHORES GOLD,2026,16U,Girls,16U Girls,,tournament_only_team,17-SD SHORES GOLD | SD SHORES GOLD,2026-jo-weekend-1|16u-girls-championship
tournament-team-2026-16u-girls-seaside,SEASIDE,2026,16U,Girls,16U Girls,club-seaside,canonical_club_tournament_team,45-SEASIDE | SEASIDE,2026-jo-weekend-1|16u-girls-championship
tournament-team-2026-16u-girls-set,SET,2026,16U,Girls,16U Girls,club-set,canonical_club_tournament_team,3-SET | SET,2026-jo-weekend-1|16u-girls-classic
tournament-team-2026-16u-girls-shaq-blue,SHAQ BLUE,2026,16U,Girls,16U Girls,,tournament_only_team,22-SHAQ BLUE | SHAQ BLUE,2026-jo-weekend-1|16u-girls-championship
tournament-team-2026-16u-girls-shaq-white,SHAQ WHITE,2026,16U,Girls,16U Girls,,tournament_only_team,36-SHAQ WHITE | SHAQ WHITE,2026-jo-weekend-1|16u-girls-classic
tournament-team-2026-16u-girls-sharks,SHARKS,2026,16U,Girls,16U Girls,club-sharks,canonical_club_tournament_team,30-SHARKS | SHARKS,2026-jo-weekend-1|16u-girls-classic
tournament-team-2026-16u-girls-socal-black,SOCAL BLACK,2026,16U,Girls,16U Girls,,tournament_only_team,11-SOCAL BLACK | SOCAL BLACK,2026-jo-weekend-1|16u-girls-classic
tournament-team-2026-16u-girls-south-coast-red,SOUTH COAST RED,2026,16U,Girls,16U Girls,,tournament_only_team,7-SOUTH COAST RED | SOUTH COAST RED,2026-jo-weekend-1|16u-girls-championship
tournament-team-2026-16u-girls-south-coast-white,SOUTH COAST WHITE,2026,16U,Girls,16U Girls,,tournament_only_team,29-SOUTH COAST WHITE | SOUTH COAST WHITE,2026-jo-weekend-1|16u-girls-classic
tournament-team-2026-16u-girls-south-valley,SOUTH VALLEY,2026,16U,Girls,16U Girls,,tournament_only_team,D2(21)-SOUTH VALLEY | SOUTH VALLEY,2026-jo-weekend-1|16u-girls-classic
tournament-team-2026-16u-girls-stanford-b,STANFORD B,2026,16U,Girls,16U Girls,,tournament_only_team,13-STANFORD B | STANFORD B,2026-jo-weekend-1|16u-girls-classic
tournament-team-2026-16u-girls-surf-city,SURF CITY,2026,16U,Girls,16U Girls,,tournament_only_team,33-SURF CITY | SURF CITY,2026-jo-weekend-1|16u-girls-classic
tournament-team-2026-16u-girls-third-coast,THIRD COAST,2026,16U,Girls,16U Girls,club-third-coast,canonical_club_tournament_team,48-THIRD COAST | THIRD COAST,2026-jo-weekend-1|16u-girls-championship
tournament-team-2026-16u-girls-tri-valley,TRI VALLEY,2026,16U,Girls,16U Girls,,tournament_only_team,40-TRI VALLEY | TRI VALLEY,2026-jo-weekend-1|16u-girls-classic
tournament-team-2026-16u-girls-tri-valley-tritons,TRI VALLEY TRITONS,2026,16U,Girls,16U Girls,,tournament_only_team,39-TRI VALLEY TRITONS | TRI VALLEY TRITONS,2026-jo-weekend-1|16u-girls-classic
tournament-team-2026-16u-girls-trilogy,TRILOGY,2026,16U,Girls,16U Girls,club-trilogy,canonical_club_tournament_team,6-TRILOGY | TRILOGY,2026-jo-weekend-1|16u-girls-classic
tournament-team-2026-16u-girls-turul,TURUL,2026,16U,Girls,16U Girls,,tournament_only_team,26-TURUL | TURUL,2026-jo-weekend-1|16u-girls-classic
tournament-team-2026-16u-girls-viper-pigeon-hill-country,VIPER PIGEON HILL COUNTRY,2026,16U,Girls,16U Girls,,tournament_only_team,41-VIPER PIGEON HILL COUNTRY | VIPER PIGEON HILL COUNTRY,2026-jo-weekend-1|16u-girls-championship
tournament-team-2026-16u-girls-viper-pigeon-htown,VIPER PIGEON HTOWN,2026,16U,Girls,16U Girls,,tournament_only_team,40-VIPER PIGEON HTOWN | VIPER PIGEON HTOWN,2026-jo-weekend-1|16u-girls-championship
tournament-team-2026-16u-girls-wcac-united-a,WCAC UNITED A,2026,16U,Girls,16U Girls,,tournament_only_team,10-WCAC UNITED A | WCAC UNITED A,2026-jo-weekend-1|16u-girls-classic
tournament-team-2026-16u-girls-wcac-united-b,WCAC UNITED B,2026,16U,Girls,16U Girls,,tournament_only_team,D3(28)-WCAC UNITED B | WCAC UNITED B,2026-jo-weekend-1|16u-girls-classic
tournament-team-2026-18u-boys-american-river-blue,AMERICAN RIVER BLUE,2026,18U,Boys,18U Boys,,tournament_only_team,24-AMERICAN RIVER BLUE | AMERICAN RIVER BLUE,2026-jo-weekend-2|18u-boys-championship
tournament-team-2026-18u-boys-american-river-gold,AMERICAN RIVER GOLD,2026,18U,Boys,18U Boys,,tournament_only_team,25-AMERICAN RIVER GOLD | AMERICAN RIVER GOLD,2026-jo-weekend-2|18u-boys-classic
tournament-team-2026-18u-boys-amp,AMP,2026,18U,Boys,18U Boys,,tournament_only_team,AMP | B3(18)-AMP,2026-jo-weekend-2|18u-boys-invitational
tournament-team-2026-18u-boys-big-valley,BIG VALLEY,2026,18U,Boys,18U Boys,club-big-valley,canonical_club_tournament_team,BIG VALLEY | G2(10)-BIG VALLEY,2026-jo-weekend-2|18u-boys-invitational
tournament-team-2026-18u-boys-cc-united-black,CC UNITED BLACK,2026,18U,Boys,18U Boys,,tournament_only_team,4-CC UNITED BLACK | CC UNITED BLACK,2026-jo-weekend-2|18u-boys-championship
tournament-team-2026-18u-boys-cc-united-blue,CC UNITED BLUE,2026,18U,Boys,18U Boys,,tournament_only_team,42-CC UNITED BLUE | CC UNITED BLUE,2026-jo-weekend-2|18u-boys-classic
tournament-team-2026-18u-boys-central-valley-united,CENTRAL VALLEY UNITED,2026,18U,Boys,18U Boys,,tournament_only_team,12-CENTRAL VALLEY UNITED | CENTRAL VALLEY UNITED,2026-jo-weekend-2|18u-boys-classic
tournament-team-2026-18u-boys-chargers-black,CHARGERS BLACK,2026,18U,Boys,18U Boys,,tournament_only_team,30-CHARGERS BLACK | CHARGERS BLACK,2026-jo-weekend-2|18u-boys-classic
tournament-team-2026-18u-boys-chawp-blue,CHAWP BLUE,2026,18U,Boys,18U Boys,,tournament_only_team,A1(1)-CHAWP BLUE | CHAWP BLUE,2026-jo-weekend-2|18u-boys-invitational
tournament-team-2026-18u-boys-chawp-white,CHAWP WHITE,2026,18U,Boys,18U Boys,,tournament_only_team,6-CHAWP WHITE | CHAWP WHITE,2026-jo-weekend-2|18u-boys-classic
tournament-team-2026-18u-boys-chula-vista-premier,CHULA VISTA PREMIER,2026,18U,Boys,18U Boys,,tournament_only_team,28-CHULA VISTA PREMIER | CHULA VISTA PREMIER,2026-jo-weekend-2|18u-boys-classic
tournament-team-2026-18u-boys-ciu-gold,CIU GOLD,2026,18U,Boys,18U Boys,,tournament_only_team,48-CIU GOLD | CIU GOLD,2026-jo-weekend-2|18u-boys-championship
tournament-team-2026-18u-boys-ciu-seniors-a,CIU SENIORS A,2026,18U,Boys,18U Boys,,tournament_only_team,8-CIU SENIORS A | CIU SENIORS A,2026-jo-weekend-2|18u-boys-championship
tournament-team-2026-18u-boys-clovis-red,CLOVIS RED,2026,18U,Boys,18U Boys,club-clovis,canonical_club_tournament_team,22-CLOVIS RED | CLOVIS RED,2026-jo-weekend-2|18u-boys-classic
tournament-team-2026-18u-boys-corona-del-mar,CORONA DEL MAR,2026,18U,Boys,18U Boys,,tournament_only_team,5-CORONA DEL MAR | CORONA DEL MAR,2026-jo-weekend-2|18u-boys-championship
tournament-team-2026-18u-boys-diablo-alliance-a,DIABLO ALLIANCE A,2026,18U,Boys,18U Boys,,tournament_only_team,16-DIABLO ALLIANCE A | DIABLO ALLIANCE A,2026-jo-weekend-2|18u-boys-championship
tournament-team-2026-18u-boys-eca,ECA,2026,18U,Boys,18U Boys,club-sd-eca,canonical_club_tournament_team,ECA | F3(22)-ECA,2026-jo-weekend-2|18u-boys-invitational
tournament-team-2026-18u-boys-elmhurst,ELMHURST,2026,18U,Boys,18U Boys,club-elmhurst,canonical_club_tournament_team,30-ELMHURST | 48-ELMHURST | ELMHURST,2026-jo-weekend-2|18u-boys-championship | 2026-jo-weekend-2|18u-boys-classic
tournament-team-2026-18u-boys-foothill-black-b,FOOTHILL BLACK B,2026,18U,Boys,18U Boys,,tournament_only_team,E1(5)-FOOTHILL BLACK B | FOOTHILL BLACK B,2026-jo-weekend-2|18u-boys-invitational
tournament-team-2026-18u-boys-foothill-red-a,FOOTHILL RED A,2026,18U,Boys,18U Boys,,tournament_only_team,19-FOOTHILL RED A | FOOTHILL RED A,2026-jo-weekend-2|18u-boys-championship
tournament-team-2026-18u-boys-imperial-blue,IMPERIAL BLUE,2026,18U,Boys,18U Boys,,tournament_only_team,17-IMPERIAL BLUE | IMPERIAL BLUE,2026-jo-weekend-2|18u-boys-championship
tournament-team-2026-18u-boys-kern-premier,KERN PREMIER,2026,18U,Boys,18U Boys,club-kern-premier,canonical_club_tournament_team,B2(15)-KERN PREMIER | KERN PREMIER,2026-jo-weekend-2|18u-boys-invitational
tournament-team-2026-18u-boys-la-premier-a,LA PREMIER A,2026,18U,Boys,18U Boys,,tournament_only_team,25-LA PREMIER A | LA PREMIER A,2026-jo-weekend-2|18u-boys-championship
tournament-team-2026-18u-boys-lamorinda-a,LAMORINDA A,2026,18U,Boys,18U Boys,,tournament_only_team,6-LAMORINDA A | LAMORINDA A,2026-jo-weekend-2|18u-boys-championship
tournament-team-2026-18u-boys-lamorinda-brentwood,LAMORINDA BRENTWOOD,2026,18U,Boys,18U Boys,,tournament_only_team,C2(14)-LAMORINDA BRENTWOOD | LAMORINDA BRENTWOOD,2026-jo-weekend-2|18u-boys-invitational
tournament-team-2026-18u-boys-lb-shore,LB SHORE,2026,18U,Boys,18U Boys,club-long-beach-shore,canonical_club_tournament_team,2-LB SHORE | LB SHORE,2026-jo-weekend-2|18u-boys-classic
tournament-team-2026-18u-boys-ngen,NGEN,2026,18U,Boys,18U Boys,,tournament_only_team,A2(16)-NGEN | NGEN,2026-jo-weekend-2|18u-boys-invitational
tournament-team-2026-18u-boys-norcal-black,NORCAL BLACK,2026,18U,Boys,18U Boys,,tournament_only_team,18-NORCAL BLACK | NORCAL BLACK,2026-jo-weekend-2|18u-boys-championship
tournament-team-2026-18u-boys-nsd-stars,NSD STARS,2026,18U,Boys,18U Boys,club-nsd-stars,canonical_club_tournament_team,D1(4)-NSD STARS | NSD STARS,2026-jo-weekend-2|18u-boys-invitational
tournament-team-2026-18u-boys-pac-orange,PAC ORANGE,2026,18U,Boys,18U Boys,club-pac-orange,canonical_club_tournament_team,F2(11)-PAC ORANGE | PAC ORANGE,2026-jo-weekend-2|18u-boys-invitational
tournament-team-2026-18u-boys-pegasus-blue,PEGASUS BLUE,2026,18U,Boys,18U Boys,,tournament_only_team,44-PEGASUS BLUE | PEGASUS BLUE,2026-jo-weekend-2|18u-boys-championship
tournament-team-2026-18u-boys-pride-a,PRIDE A,2026,18U,Boys,18U Boys,,tournament_only_team,13-PRIDE A | PRIDE A,2026-jo-weekend-2|18u-boys-championship
tournament-team-2026-18u-boys-rose-bowl-red,ROSE BOWL RED,2026,18U,Boys,18U Boys,,tournament_only_team,18-ROSE BOWL RED | ROSE BOWL RED,2026-jo-weekend-2|18u-boys-classic
tournament-team-2026-18u-boys-route-66,ROUTE 66,2026,18U,Boys,18U Boys,club-route-66,canonical_club_tournament_team,H2(9)-ROUTE 66 | ROUTE 66,2026-jo-weekend-2|18u-boys-invitational
tournament-team-2026-18u-boys-san-francisco-warriors,SAN FRANCISCO WARRIORS,2026,18U,Boys,18U Boys,,tournament_only_team,22-SAN FRANCISCO WARRIORS | SAN FRANCISCO WARRIORS,2026-jo-weekend-2|18u-boys-championship
tournament-team-2026-18u-boys-san-jose-almaden,SAN JOSE ALMADEN,2026,18U,Boys,18U Boys,,tournament_only_team,C3(19)-SAN JOSE ALMADEN | SAN JOSE ALMADEN,2026-jo-weekend-2|18u-boys-invitational
tournament-team-2026-18u-boys-san-jose-express-blue,SAN JOSE EXPRESS BLUE,2026,18U,Boys,18U Boys,,tournament_only_team,1-SAN JOSE EXPRESS BLUE | SAN JOSE EXPRESS BLUE,2026-jo-weekend-2|18u-boys-classic
tournament-team-2026-18u-boys-san-jose-foundation,SAN JOSE FOUNDATION,2026,18U,Boys,18U Boys,,tournament_only_team,19-SAN JOSE FOUNDATION | SAN JOSE FOUNDATION,2026-jo-weekend-2|18u-boys-classic
tournament-team-2026-18u-boys-sand-canyon-black,SAND CANYON BLACK,2026,18U,Boys,18U Boys,,tournament_only_team,23-SAND CANYON BLACK | SAND CANYON BLACK,2026-jo-weekend-2|18u-boys-championship
tournament-team-2026-18u-boys-sand-canyon-red,SAND CANYON RED,2026,18U,Boys,18U Boys,,tournament_only_team,14-SAND CANYON RED | SAND CANYON RED,2026-jo-weekend-2|18u-boys-classic
tournament-team-2026-18u-boys-sd-shores-black,SD SHORES BLACK,2026,18U,Boys,18U Boys,,tournament_only_team,15-SD SHORES BLACK | SD SHORES BLACK,2026-jo-weekend-2|18u-boys-championship
tournament-team-2026-18u-boys-sd-shores-gold,SD SHORES GOLD,2026,18U,Boys,18U Boys,,tournament_only_team,10-SD SHORES GOLD | SD SHORES GOLD,2026-jo-weekend-2|18u-boys-classic
tournament-team-2026-18u-boys-shaq-blue,SHAQ BLUE,2026,18U,Boys,18U Boys,,tournament_only_team,29-SHAQ BLUE | SHAQ BLUE,2026-jo-weekend-2|18u-boys-championship
tournament-team-2026-18u-boys-shaq-white,SHAQ WHITE,2026,18U,Boys,18U Boys,,tournament_only_team,44-SHAQ WHITE | SHAQ WHITE,2026-jo-weekend-2|18u-boys-classic
tournament-team-2026-18u-boys-south-coast-red,SOUTH COAST RED,2026,18U,Boys,18U Boys,,tournament_only_team,4-SOUTH COAST RED | SOUTH COAST RED,2026-jo-weekend-2|18u-boys-classic
tournament-team-2026-18u-boys-south-county,SOUTH COUNTY,2026,18U,Boys,18U Boys,,tournament_only_team,H1(8)-SOUTH COUNTY | SOUTH COUNTY,2026-jo-weekend-2|18u-boys-invitational
tournament-team-2026-18u-boys-sova,SOVA,2026,18U,Boys,18U Boys,,tournament_only_team,D2(13)-SOVA | SOVA,2026-jo-weekend-2|18u-boys-invitational
tournament-team-2026-18u-boys-stanford-red,STANFORD RED,2026,18U,Boys,18U Boys,,tournament_only_team,9-STANFORD RED | STANFORD RED,2026-jo-weekend-2|18u-boys-championship
tournament-team-2026-18u-boys-team-santa-monica,TEAM SANTA MONICA,2026,18U,Boys,18U Boys,,tournament_only_team,C1(3)-TEAM SANTA MONICA | TEAM SANTA MONICA,2026-jo-weekend-2|18u-boys-invitational
tournament-team-2026-18u-boys-texas-thunder-north-black,TEXAS THUNDER NORTH BLACK,2026,18U,Boys,18U Boys,,tournament_only_team,38-TEXAS THUNDER NORTH BLACK | TEXAS THUNDER NORTH BLACK,2026-jo-weekend-2|18u-boys-championship
tournament-team-2026-18u-boys-texas-thunder-south-blue,TEXAS THUNDER SOUTH BLUE,2026,18U,Boys,18U Boys,,tournament_only_team,42-TEXAS THUNDER SOUTH BLUE | TEXAS THUNDER SOUTH BLUE,2026-jo-weekend-2|18u-boys-championship
tournament-team-2026-18u-boys-tri-valley,TRI VALLEY,2026,18U,Boys,18U Boys,,tournament_only_team,E2(12)-TRI VALLEY | TRI VALLEY,2026-jo-weekend-2|18u-boys-invitational
tournament-team-2026-18u-boys-tri-valley-tritons,TRI VALLEY TRITONS,2026,18U,Boys,18U Boys,,tournament_only_team,A3(17)-TRI VALLEY TRITONS | TRI VALLEY TRITONS,2026-jo-weekend-2|18u-boys-invitational
tournament-team-2026-18u-boys-trilogy,TRILOGY,2026,18U,Boys,18U Boys,club-trilogy,canonical_club_tournament_team,D3(20)-TRILOGY | TRILOGY,2026-jo-weekend-2|18u-boys-invitational
tournament-team-2026-18u-boys-trojan-cardinal,TROJAN CARDINAL,2026,18U,Boys,18U Boys,,tournament_only_team,10-TROJAN CARDINAL | TROJAN CARDINAL,2026-jo-weekend-2|18u-boys-championship
tournament-team-2026-18u-boys-trojan-gold,TROJAN GOLD,2026,18U,Boys,18U Boys,,tournament_only_team,B1(2)-TROJAN GOLD | TROJAN GOLD,2026-jo-weekend-2|18u-boys-invitational
tournament-team-2026-18u-boys-tsunami,TSUNAMI,2026,18U,Boys,18U Boys,,tournament_only_team,13-TSUNAMI | TSUNAMI,2026-jo-weekend-2|18u-boys-classic
tournament-team-2026-18u-boys-tualatin-hills,TUALATIN HILLS,2026,18U,Boys,18U Boys,,tournament_only_team,E3(21)-TUALATIN HILLS | TUALATIN HILLS,2026-jo-weekend-2|18u-boys-invitational
tournament-team-2026-18u-boys-valley-united,VALLEY UNITED,2026,18U,Boys,18U Boys,,tournament_only_team,H3(24)-VALLEY UNITED | VALLEY UNITED,2026-jo-weekend-2|18u-boys-invitational
tournament-team-2026-18u-boys-vanguard-blue,VANGUARD BLUE,2026,18U,Boys,18U Boys,,tournament_only_team,37-VANGUARD BLUE | VANGUARD BLUE,2026-jo-weekend-2|18u-boys-championship
tournament-team-2026-18u-boys-vanguard-silver,VANGUARD SILVER,2026,18U,Boys,18U Boys,,tournament_only_team,26-VANGUARD SILVER | VANGUARD SILVER,2026-jo-weekend-2|18u-boys-classic
tournament-team-2026-18u-boys-vegas-north-irvine-black,VEGAS NORTH IRVINE BLACK,2026,18U,Boys,18U Boys,,tournament_only_team,27-VEGAS NORTH IRVINE BLACK | VEGAS NORTH IRVINE BLACK,2026-jo-weekend-2|18u-boys-championship
tournament-team-2026-18u-boys-vegas-north-irvine-red,VEGAS NORTH IRVINE RED,2026,18U,Boys,18U Boys,,tournament_only_team,35-VEGAS NORTH IRVINE RED | VEGAS NORTH IRVINE RED,2026-jo-weekend-2|18u-boys-championship
tournament-team-2026-18u-boys-wcac-united,WCAC UNITED,2026,18U,Boys,18U Boys,club-wcac-united,canonical_club_tournament_team,33-WCAC UNITED | WCAC UNITED,2026-jo-weekend-2|18u-boys-championship
tournament-team-2026-18u-girls-680-red,680 RED,2026,18U,Girls,18U Girls,,tournament_only_team,13-680 RED | 680 RED,2026-jo-weekend-1|18u-girls-championship
tournament-team-2026-18u-girls-a-team-called-quest,A TEAM CALLED QUEST,2026,18U,Girls,18U Girls,,tournament_only_team,A TEAM CALLED QUEST | D2(21)-A TEAM CALLED QUEST,2026-jo-weekend-1|18u-girls-classic
tournament-team-2026-18u-girls-a-town,A TOWN,2026,18U,Girls,18U Girls,,tournament_only_team,A TOWN | G2(18)-A TOWN,2026-jo-weekend-1|18u-girls-classic
tournament-team-2026-18u-girls-alameda,ALAMEDA,2026,18U,Girls,18U Girls,club-alameda,canonical_club_tournament_team,ALAMEDA | F1(6)-ALAMEDA,2026-jo-weekend-1|18u-girls-classic
tournament-team-2026-18u-girls-american-river,AMERICAN RIVER,2026,18U,Girls,18U Girls,club-american-river,canonical_club_tournament_team,AMERICAN RIVER | K1(11)-AMERICAN RIVER,2026-jo-weekend-1|18u-girls-classic
tournament-team-2026-18u-girls-atwater,ATWATER,2026,18U,Girls,18U Girls,,tournament_only_team,ATWATER | I4(40)-ATWATER,2026-jo-weekend-1|18u-girls-classic
tournament-team-2026-18u-girls-bainbridge,BAINBRIDGE,2026,18U,Girls,18U Girls,club-bainbridge,canonical_club_tournament_team,37-BAINBRIDGE | BAINBRIDGE,2026-jo-weekend-1|18u-girls-championship
tournament-team-2026-18u-girls-big-valley,BIG VALLEY,2026,18U,Girls,18U Girls,club-big-valley,canonical_club_tournament_team,29-BIG VALLEY | BIG VALLEY,2026-jo-weekend-1|18u-girls-championship
tournament-team-2026-18u-girls-brooklyn-hustle,BROOKLYN HUSTLE,2026,18U,Girls,18U Girls,club-brooklyn-hustle,canonical_club_tournament_team,BROOKLYN HUSTLE | I2(16)-BROOKLYN HUSTLE,2026-jo-weekend-1|18u-girls-classic
tournament-team-2026-18u-girls-burlingame,BURLINGAME,2026,18U,Girls,18U Girls,,tournament_only_team,BURLINGAME | I3(33)-BURLINGAME,2026-jo-weekend-1|18u-girls-classic
tournament-team-2026-18u-girls-central-coast,CENTRAL COAST,2026,18U,Girls,18U Girls,club-central-coast,canonical_club_tournament_team,C4(44)-CENTRAL COAST | CENTRAL COAST,2026-jo-weekend-1|18u-girls-classic
tournament-team-2026-18u-girls-chawp-blue,CHAWP BLUE,2026,18U,Girls,18U Girls,,tournament_only_team,A2(24)-CHAWP BLUE | CHAWP BLUE,2026-jo-weekend-1|18u-girls-classic
tournament-team-2026-18u-girls-chawp-white,CHAWP WHITE,2026,18U,Girls,18U Girls,,tournament_only_team,47-CHAWP WHITE | CHAWP WHITE,2026-jo-weekend-1|18u-girls-championship
tournament-team-2026-18u-girls-chicago-park,CHICAGO PARK,2026,18U,Girls,18U Girls,club-chicago-park,canonical_club_tournament_team,C2(22)-CHICAGO PARK | CHICAGO PARK,2026-jo-weekend-1|18u-girls-classic
tournament-team-2026-18u-girls-chula-vista-premier,CHULA VISTA PREMIER,2026,18U,Girls,18U Girls,,tournament_only_team,CHULA VISTA PREMIER | H3(32)-CHULA VISTA PREMIER,2026-jo-weekend-1|18u-girls-classic
tournament-team-2026-18u-girls-colorado,COLORADO,2026,18U,Girls,18U Girls,club-colorado,canonical_club_tournament_team,31-COLORADO | COLORADO,2026-jo-weekend-1|18u-girls-championship
tournament-team-2026-18u-girls-corona-del-mar,CORONA DEL MAR,2026,18U,Girls,18U Girls,,tournament_only_team,7-CORONA DEL MAR | CORONA DEL MAR,2026-jo-weekend-1|18u-girls-championship
tournament-team-2026-18u-girls-dart,DART,2026,18U,Girls,18U Girls,,tournament_only_team,DART | G3(31)-DART,2026-jo-weekend-1|18u-girls-classic
tournament-team-2026-18u-girls-diablo-alliance-a,DIABLO ALLIANCE A,2026,18U,Girls,18U Girls,,tournament_only_team,9-DIABLO ALLIANCE A | DIABLO ALLIANCE A,2026-jo-weekend-1|18u-girls-championship
tournament-team-2026-18u-girls-diablo-alliance-b,DIABLO ALLIANCE B,2026,18U,Girls,18U Girls,,tournament_only_team,30-DIABLO ALLIANCE B | DIABLO ALLIANCE B,2026-jo-weekend-1|18u-girls-championship
tournament-team-2026-18u-girls-elmhurst,ELMHURST,2026,18U,Girls,18U Girls,club-elmhurst,canonical_club_tournament_team,43-ELMHURST | ELMHURST,2026-jo-weekend-1|18u-girls-championship
tournament-team-2026-18u-girls-greenwich,GREENWICH,2026,18U,Girls,18U Girls,club-greenwich,canonical_club_tournament_team,16-GREENWICH | GREENWICH,2026-jo-weekend-1|18u-girls-championship
tournament-team-2026-18u-girls-hawaiian-islands,HAWAIIAN ISLANDS,2026,18U,Girls,18U Girls,,tournament_only_team,33-HAWAIIAN ISLANDS | HAWAIIAN ISLANDS,2026-jo-weekend-1|18u-girls-championship
tournament-team-2026-18u-girls-hilo-grammaz,HILO GRAMMAZ,2026,18U,Girls,18U Girls,,tournament_only_team,F4(41)-HILO GRAMMAZ | HILO GRAMMAZ,2026-jo-weekend-1|18u-girls-classic
tournament-team-2026-18u-girls-hilo-hammahz,HILO HAMMAHZ,2026,18U,Girls,18U Girls,,tournament_only_team,HILO HAMMAHZ | L4(37)-HILO HAMMAHZ,2026-jo-weekend-1|18u-girls-classic
tournament-team-2026-18u-girls-kearns,KEARNS,2026,18U,Girls,18U Girls,club-kearns,canonical_club_tournament_team,KEARNS | L3(36)-KEARNS,2026-jo-weekend-1|18u-girls-classic
tournament-team-2026-18u-girls-la-jolla-united,LA JOLLA UNITED,2026,18U,Girls,18U Girls,club-la-jolla-united,canonical_club_tournament_team,15-LA JOLLA UNITED | E3(29)-LA JOLLA UNITED | LA JOLLA UNITED,2026-jo-weekend-1|18u-girls-championship | 2026-jo-weekend-1|18u-girls-classic
tournament-team-2026-18u-girls-la-verne-legends,LA VERNE LEGENDS,2026,18U,Girls,18U Girls,,tournament_only_team,K2(14)-LA VERNE LEGENDS | LA VERNE LEGENDS,2026-jo-weekend-1|18u-girls-classic
tournament-team-2026-18u-girls-longhorn,LONGHORN,2026,18U,Girls,18U Girls,club-longhorn,canonical_club_tournament_team,K4(38)-LONGHORN | LONGHORN,2026-jo-weekend-1|18u-girls-classic
tournament-team-2026-18u-girls-lyons-aquatics,LYONS AQUATICS,2026,18U,Girls,18U Girls,club-lyons-aquatics,canonical_club_tournament_team,35-LYONS AQUATICS | LYONS AQUATICS,2026-jo-weekend-1|18u-girls-championship
tournament-team-2026-18u-girls-mavericks,MAVERICKS,2026,18U,Girls,18U Girls,club-mavericks,canonical_club_tournament_team,J3(34)-MAVERICKS | MAVERICKS,2026-jo-weekend-1|18u-girls-classic
tournament-team-2026-18u-girls-mid-valley-blue,MID VALLEY BLUE,2026,18U,Girls,18U Girls,,tournament_only_team,20-MID VALLEY BLUE | MID VALLEY BLUE,2026-jo-weekend-1|18u-girls-championship
tournament-team-2026-18u-girls-mid-valley-white,MID VALLEY WHITE,2026,18U,Girls,18U Girls,,tournament_only_team,L1(12)-MID VALLEY WHITE | MID VALLEY WHITE,2026-jo-weekend-1|18u-girls-classic
tournament-team-2026-18u-girls-moose,MOOSE,2026,18U,Girls,18U Girls,club-moose,canonical_club_tournament_team,D4(43)-MOOSE | MOOSE,2026-jo-weekend-1|18u-girls-classic
tournament-team-2026-18u-girls-nc-select,NC SELECT,2026,18U,Girls,18U Girls,,tournament_only_team,B3(26)-NC SELECT | NC SELECT,2026-jo-weekend-1|18u-girls-classic
tournament-team-2026-18u-girls-nipc,NIPC,2026,18U,Girls,18U Girls,club-nipc,canonical_club_tournament_team,42-NIPC | NIPC,2026-jo-weekend-1|18u-girls-championship
tournament-team-2026-18u-girls-norcal-black,NORCAL BLACK,2026,18U,Girls,18U Girls,,tournament_only_team,26-NORCAL BLACK | NORCAL BLACK,2026-jo-weekend-1|18u-girls-championship
tournament-team-2026-18u-girls-norco,NORCO,2026,18U,Girls,18U Girls,club-norco,canonical_club_tournament_team,46-NORCO | NORCO,2026-jo-weekend-1|18u-girls-championship
tournament-team-2026-18u-girls-north-idaho,NORTH IDAHO,2026,18U,Girls,18U Girls,,tournament_only_team,44-NORTH IDAHO | NORTH IDAHO,2026-jo-weekend-1|18u-girls-championship
tournament-team-2026-18u-girls-nwc,NWC,2026,18U,Girls,18U Girls,,tournament_only_team,K3(35)-NWC | NWC,2026-jo-weekend-1|18u-girls-classic
tournament-team-2026-18u-girls-oahu,OAHU,2026,18U,Girls,18U Girls,,tournament_only_team,45-OAHU | OAHU,2026-jo-weekend-1|18u-girls-championship
tournament-team-2026-18u-girls-pacific-valley-premier,PACIFIC VALLEY PREMIER,2026,18U,Girls,18U Girls,,tournament_only_team,38-PACIFIC VALLEY PREMIER | PACIFIC VALLEY PREMIER,2026-jo-weekend-1|18u-girls-championship
tournament-team-2026-18u-girls-palos-verdes-black,PALOS VERDES BLACK,2026,18U,Girls,18U Girls,,tournament_only_team,23-PALOS VERDES BLACK | PALOS VERDES BLACK,2026-jo-weekend-1|18u-girls-championship
tournament-team-2026-18u-girls-patriot-navy,PATRIOT NAVY,2026,18U,Girls,18U Girls,,tournament_only_team,D1(4)-PATRIOT NAVY | PATRIOT NAVY,2026-jo-weekend-1|18u-girls-classic
tournament-team-2026-18u-girls-praetorian,PRAETORIAN,2026,18U,Girls,18U Girls,club-praetorian,canonical_club_tournament_team,L2(13)-PRAETORIAN | PRAETORIAN,2026-jo-weekend-1|18u-girls-classic
tournament-team-2026-18u-girls-rain-city,RAIN CITY,2026,18U,Girls,18U Girls,club-rain-city,canonical_club_tournament_team,39-RAIN CITY | RAIN CITY,2026-jo-weekend-1|18u-girls-championship
tournament-team-2026-18u-girls-rose-bowl-red,ROSE BOWL RED,2026,18U,Girls,18U Girls,,tournament_only_team,18-ROSE BOWL RED | ROSE BOWL RED,2026-jo-weekend-1|18u-girls-championship
tournament-team-2026-18u-girls-sacramento,SACRAMENTO,2026,18U,Girls,18U Girls,club-sacramento,canonical_club_tournament_team,E1(5)-SACRAMENTO | SACRAMENTO,2026-jo-weekend-1|18u-girls-classic
tournament-team-2026-18u-girls-san-jose-almaden,SAN JOSE ALMADEN,2026,18U,Girls,18U Girls,,tournament_only_team,J2(15)-SAN JOSE ALMADEN | SAN JOSE ALMADEN,2026-jo-weekend-1|18u-girls-classic
tournament-team-2026-18u-girls-san-jose-express,SAN JOSE EXPRESS,2026,18U,Girls,18U Girls,club-san-jose-express,canonical_club_tournament_team,B2(23)-SAN JOSE EXPRESS | SAN JOSE EXPRESS,2026-jo-weekend-1|18u-girls-classic
tournament-team-2026-18u-girls-sd-shores-black,SD SHORES BLACK,2026,18U,Girls,18U Girls,,tournament_only_team,6-SD SHORES BLACK | SD SHORES BLACK,2026-jo-weekend-1|18u-girls-championship
tournament-team-2026-18u-girls-sd-shores-gold,SD SHORES GOLD,2026,18U,Girls,18U Girls,,tournament_only_team,32-SD SHORES GOLD | SD SHORES GOLD,2026-jo-weekend-1|18u-girls-championship
tournament-team-2026-18u-girls-sfv,SFV,2026,18U,Girls,18U Girls,club-sfv,canonical_club_tournament_team,F3(30)-SFV | SFV,2026-jo-weekend-1|18u-girls-classic
tournament-team-2026-18u-girls-shaq-blue,SHAQ BLUE,2026,18U,Girls,18U Girls,,tournament_only_team,28-SHAQ BLUE | SHAQ BLUE,2026-jo-weekend-1|18u-girls-championship
tournament-team-2026-18u-girls-socal-black,SOCAL BLACK,2026,18U,Girls,18U Girls,,tournament_only_team,3-SOCAL BLACK | SOCAL BLACK,2026-jo-weekend-1|18u-girls-championship
tournament-team-2026-18u-girls-south-coast-red,SOUTH COAST RED,2026,18U,Girls,18U Girls,,tournament_only_team,48-SOUTH COAST RED | SOUTH COAST RED,2026-jo-weekend-1|18u-girls-championship
tournament-team-2026-18u-girls-southside,SOUTHSIDE,2026,18U,Girls,18U Girls,,tournament_only_team,E4(42)-SOUTHSIDE | SOUTHSIDE,2026-jo-weekend-1|18u-girls-classic
tournament-team-2026-18u-girls-texas-thunder,TEXAS THUNDER,2026,18U,Girls,18U Girls,,tournament_only_team,40-TEXAS THUNDER | TEXAS THUNDER,2026-jo-weekend-1|18u-girls-championship
tournament-team-2026-18u-girls-tri-valley,TRI VALLEY,2026,18U,Girls,18U Girls,,tournament_only_team,E2(20)-TRI VALLEY | TRI VALLEY,2026-jo-weekend-1|18u-girls-classic
tournament-team-2026-18u-girls-tri-valley-tritons,TRI VALLEY TRITONS,2026,18U,Girls,18U Girls,,tournament_only_team,C3(27)-TRI VALLEY TRITONS | TRI VALLEY TRITONS,2026-jo-weekend-1|18u-girls-classic
tournament-team-2026-18u-girls-viper-pigeon,VIPER PIGEON,2026,18U,Girls,18U Girls,club-viper-pigeon,canonical_club_tournament_team,27-VIPER PIGEON | VIPER PIGEON,2026-jo-weekend-1|18u-girls-championship
tournament-team-2026-18u-girls-wcac-united,WCAC UNITED,2026,18U,Girls,18U Girls,club-wcac-united,canonical_club_tournament_team,I1(9)-WCAC UNITED | WCAC UNITED,2026-jo-weekend-1|18u-girls-classic
tournament-team-2026-18u-girls-west-valley,WEST VALLEY,2026,18U,Girls,18U Girls,club-west-valley,canonical_club_tournament_team,H2(17)-WEST VALLEY | WEST VALLEY,2026-jo-weekend-1|18u-girls-classic
tournament-team-2026-18u-girls-wildkit,WILDKIT,2026,18U,Girls,18U Girls,,tournament_only_team,J4(39)-WILDKIT | WILDKIT,2026-jo-weekend-1|18u-girls-classic
tournament-team-2026-18u-girls-wolverine,WOLVERINE,2026,18U,Girls,18U Girls,club-wolverine,canonical_club_tournament_team,41-WOLVERINE | WOLVERINE,2026-jo-weekend-1|18u-girls-championship
